file_name,amplitude_multiplier,method,nrmse_median,nrmse_q025,nrmse_q975,gain_median,correlation_median
VisualCogA_Task-1.mat,0.4,raw_mean,11.113529345575586,6.10887835168612,28.575660014818666,1.584351758289937,0.20796604597628773
VisualCogA_Task-1.mat,0.4,bandpass_mean,4.226547493875419,2.1761643211220028,8.130996367723228,0.770457863871254,0.1995080112236344
VisualCogA_Task-1.mat,0.4,current_pipeline,3.0714390517349894,1.7845713130924408,5.852567418844258,0.6337322182292473,0.2771674869925359
VisualCogA_Task-2.mat,0.4,raw_mean,13.687172799564525,4.228311731310233,37.31071886357911,0.8902748337021189,0.2340541857144306
VisualCogA_Task-2.mat,0.4,bandpass_mean,6.512771582640974,3.091677531770645,12.547334049658257,0.8163544811627261,0.29031405121936676
VisualCogA_Task-2.mat,0.4,current_pipeline,5.502505382372739,2.8627936370277847,9.433458247667728,1.2591521271855324,0.34724926293175495
VisualCogB_Task-1.mat,0.4,raw_mean,15.072874103249724,7.29665819348502,35.538276203568145,1.2000444113244604,0.09462201091226058
VisualCogB_Task-1.mat,0.4,bandpass_mean,4.453827094548056,2.870946162654357,7.08278764451949,0.7768725199981035,0.1990757763417325
VisualCogB_Task-1.mat,0.4,current_pipeline,3.6073430128174375,2.337089593125431,6.130532146650637,0.9775977705551866,0.2946096590443442
VisualCogB_Task-2.mat,0.4,raw_mean,15.556391291336858,4.1068778471645135,36.668481773371724,1.4234993814715584,0.34883235705574167
VisualCogB_Task-2.mat,0.4,bandpass_mean,5.048823089276018,2.233493959572137,9.608010304942583,1.0605515613097904,0.45532933442276063
VisualCogB_Task-2.mat,0.4,current_pipeline,5.01465762114386,2.50939751143345,9.303832713899606,1.34909233087994,0.434742315839843
VisualCogA_Task-1.mat,0.8,raw_mean,5.556764672787792,3.05443917584306,14.287830007409333,1.2921758791449685,0.2951139812659499
VisualCogA_Task-1.mat,0.8,bandpass_mean,2.1568454293997052,1.0790968069901195,4.115727482604059,0.8367526666721053,0.45105636676047856
VisualCogA_Task-1.mat,0.8,current_pipeline,1.533045519820626,0.9020667103677222,3.0071118688262124,0.7680499114999952,0.5885153727100725
VisualCogA_Task-2.mat,0.8,raw_mean,6.8435863997822635,2.1141558656551163,18.655359431789556,0.9451374168510591,0.3348449280484984
VisualCogA_Task-2.mat,0.8,bandpass_mean,3.283686707386748,1.5775723510847515,6.221503124309117,0.859700975317842,0.478552016004295
VisualCogA_Task-2.mat,0.8,current_pipeline,2.800731413200949,1.375882143975556,4.645463995809339,1.0807598659781383,0.5351424999714743
VisualCogB_Task-1.mat,0.8,raw_mean,7.536437051624862,3.6483290967425095,17.769138101784073,1.1000222056622304,0.1540044956113532
VisualCogB_Task-1.mat,0.8,bandpass_mean,2.2303759935060885,1.4687557823813016,3.582110275840499,0.8399599947355301,0.4028255944708832
VisualCogB_Task-1.mat,0.8,current_pipeline,1.7995718577022575,1.1820562411496056,3.0554932664492696,0.9399826876629647,0.5001074368209053
VisualCogB_Task-2.mat,0.8,raw_mean,7.778195645668429,2.0534389235822577,18.334240886685862,1.211749690735779,0.5054523968115119
VisualCogB_Task-2.mat,0.8,bandpass_mean,2.5728674149047515,1.1426723506453,4.764893926497316,0.9817995153913743,0.6186621755958868
VisualCogB_Task-2.mat,0.8,current_pipeline,2.488442096008289,1.2853063346182432,4.70812954765494,1.125729967825342,0.580249218679053
VisualCogA_Task-1.mat,1.6,raw_mean,2.778382336393896,1.52721958792153,7.143915003704667,1.1460879395724843,0.43674738017548054
VisualCogA_Task-1.mat,1.6,bandpass_mean,1.1120501786181303,0.5787998069974236,2.128626402379004,0.869900068072531,0.6827847019295441
VisualCogA_Task-1.mat,1.6,current_pipeline,0.7865515364869896,0.4686865948854006,1.521648345513115,0.8352087581353693,0.8242109811761444
VisualCogA_Task-2.mat,1.6,raw_mean,3.4217931998911313,1.0570779328275581,9.327679715894778,0.9725687084255297,0.5303204741702718
VisualCogA_Task-2.mat,1.6,bandpass_mean,1.6223446350130195,0.8096302925970255,3.0601550515314275,0.8813742223953995,0.6979072226176799
VisualCogA_Task-2.mat,1.6,current_pipeline,1.4152878176704222,0.6948274699540944,2.2535609461643973,0.9915637353744409,0.7361814084340672
VisualCogB_Task-1.mat,1.6,raw_mean,3.768218525812431,1.8241645483712547,8.884569050892036,1.050011102831115,0.2798413254361195
VisualCogB_Task-1.mat,1.6,bandpass_mean,1.113855320790155,0.7461882283971749,1.839289332707107,0.8715037321042433,0.6552475920785181
VisualCogB_Task-1.mat,1.6,current_pipeline,0.909871108054683,0.5870088095545799,1.5232981796887872,0.9211751462168541,0.7700452906731794
VisualCogB_Task-2.mat,1.6,raw_mean,3.889097822834215,1.0267194617911288,9.167120443342931,1.10587484536789,0.6252422794108299
VisualCogB_Task-2.mat,1.6,bandpass_mean,1.3400570840215384,0.5952591803372242,2.3862211470220354,0.9424234924321657,0.7888444065086917
VisualCogB_Task-2.mat,1.6,current_pipeline,1.2620871291419236,0.6695880242884746,2.417313750857034,1.0140487862980427,0.7748986021805925
VisualCogA_Task-1.mat,3.2,raw_mean,1.3891911681969482,0.763609793960765,3.5719575018523333,1.0730439697862422,0.6944106480367
VisualCogA_Task-1.mat,3.2,bandpass_mean,0.5693120120636603,0.30712007925265117,1.147228462380187,0.8864737687727438,0.8990072060721486
VisualCogA_Task-1.mat,3.2,current_pipeline,0.39984429845345426,0.2757075050709649,0.7919425319527512,0.8687881814530561,0.9406527903868176
VisualCogA_Task-2.mat,3.2,raw_mean,1.7108965999455654,0.5285389664137792,4.663839857947389,0.9862843542127647,0.7334726587673234
VisualCogA_Task-2.mat,3.2,bandpass_mean,0.7785055410676807,0.42333592369767137,1.5180661960580324,0.8922108459341782,0.8683833010210921
VisualCogA_Task-2.mat,3.2,current_pipeline,0.7039602004739516,0.3857796770571068,1.0928659869222197,0.946965670072592,0.897370742299626
VisualCogB_Task-1.mat,3.2,raw_mean,1.8841092629062155,0.9120822741856274,4.442284525446018,1.0250055514155574,0.5069125550065592
VisualCogB_Task-1.mat,3.2,bandpass_mean,0.6064878653860738,0.38448853841613284,0.9564389127365799,0.8872756007886001,0.8733836406995643
VisualCogB_Task-1.mat,3.2,current_pipeline,0.49479249349958226,0.30195436225230854,0.7755885592958217,0.9117713754937987,0.9219415356822528
VisualCogB_Task-2.mat,3.2,raw_mean,1.9445489114171073,0.5133597308955643,4.5835602216714655,1.0529374226839447,0.7836684752566235
VisualCogB_Task-2.mat,3.2,bandpass_mean,0.6463627838951427,0.315469991686445,1.282732025739281,0.9227354809525612,0.9173355468064628
VisualCogB_Task-2.mat,3.2,current_pipeline,0.663828532483607,0.30264883780740126,1.1937519174935087,0.9582081955343928,0.9183224155973497
