evaluation,scope,fold,n,balanced_accuracy,accuracy,auc,mcc,true_L_pred_L,true_L_pred_R,true_R_pred_L,true_R_pred_R
within_A_Task-1,within_record,block_1,17,0.541666667,0.529411765,0.527777778,0.0912870929,3,6,2,6
within_A_Task-1,within_record,block_2,14,0.4,0.285714286,0.577777778,-0.372104204,0,9,1,4
within_A_Task-1,within_record,block_3,16,0.5,0.5,0.453125,0,4,4,4,4
within_A_Task-1,within_record,block_4,19,0.588888889,0.578947368,0.522222222,0.190963966,4,6,2,7
within_A_Task-1,within_record,block_5,19,0.547619048,0.578947368,0.654761905,0.0952380952,3,4,4,8
within_A_Task-2,within_record,block_1,20,0.515151515,0.5,0.717171717,0.0316069771,4,7,3,6
within_A_Task-2,within_record,block_2,17,0.479166667,0.470588235,0.611111111,-0.043519414,3,6,3,5
within_A_Task-2,within_record,block_3,18,0.5,0.5,0.604938272,0,3,6,3,6
within_A_Task-2,within_record,block_4,18,0.611111111,0.611111111,0.580246914,0.23570226,4,5,2,7
within_A_Task-2,within_record,block_5,19,0.514285714,0.473684211,0.471428571,0.0254823596,6,8,2,3
within_B_Task-1,within_record,block_1,19,0.477272727,0.473684211,0.613636364,-0.0449466575,5,6,4,4
within_B_Task-1,within_record,block_2,17,0.651515152,0.647058824,0.712121212,0.290129427,4,2,4,7
within_B_Task-1,within_record,block_3,17,0.432692308,0.529411765,0.519230769,-0.11948803,1,3,5,8
within_B_Task-1,within_record,block_4,19,0.607142857,0.578947368,0.642857143,0.209358947,6,6,2,5
within_B_Task-1,within_record,block_5,18,0.425,0.444444444,0.45,-0.158113883,6,4,6,2
within_B_Task-2,within_record,block_1,17,0.477272727,0.470588235,0.439393939,-0.043519414,3,3,6,5
within_B_Task-2,within_record,block_2,19,0.551136364,0.578947368,0.522727273,0.108631024,3,5,3,8
within_B_Task-2,within_record,block_3,15,0.388888889,0.333333333,0.203703704,-0.272165527,1,8,2,4
within_B_Task-2,within_record,block_4,20,0.35,0.35,0.36,-0.301511345,4,6,7,3
within_B_Task-2,within_record,block_5,18,0.388888889,0.388888889,0.382716049,-0.223606798,4,5,6,3
cross_Task-1,cross_subject,B_to_A,85,0.516888151,0.517647059,0.527131783,0.0340603794,25,18,23,19
cross_Task-1,cross_subject,A_to_B,90,0.495546759,0.5,0.49134092,-0.00908115771,17,26,19,28
cross_Task-2,cross_subject,B_to_A,92,0.497115385,0.5,0.508653846,-0.00572535766,27,25,21,19
cross_Task-2,cross_subject,A_to_B,89,0.528368794,0.539325843,0.520263425,0.0616122007,14,28,13,34
cross_Pooled,cross_subject,B_to_A,177,0.515661104,0.514124294,0.504878049,0.0312620693,47,48,38,44
cross_Pooled,cross_subject,A_to_B,179,0.563141427,0.56424581,0.563078849,0.126282854,46,39,39,55
