evaluation,fold,fast_direct_max_error,test_labels_unused,n_train,n_test
within_A_Task-1,block_1,3.77475828e-15,True,67,17
within_A_Task-1,block_2,1.77635684e-14,True,69,14
within_A_Task-1,block_3,1.77635684e-14,True,67,16
within_A_Task-1,block_4,2.48689958e-14,True,63,19
within_A_Task-1,block_5,4.99600361e-15,True,64,19
within_A_Task-2,block_1,5.08482145e-14,True,70,20
within_A_Task-2,block_2,2.48689958e-14,True,72,17
within_A_Task-2,block_3,3.33066907e-14,True,71,18
within_A_Task-2,block_4,5.15143483e-14,True,70,18
within_A_Task-2,block_5,3.64153152e-14,True,72,19
within_B_Task-1,block_1,1.24344979e-14,True,69,19
within_B_Task-1,block_2,2.35367281e-14,True,69,17
within_B_Task-1,block_3,1.19904087e-14,True,69,17
within_B_Task-1,block_4,8.8817842e-15,True,67,19
within_B_Task-1,block_5,2.48689958e-14,True,70,18
within_B_Task-2,block_1,4.4408921e-14,True,70,17
within_B_Task-2,block_2,3.99680289e-14,True,66,19
within_B_Task-2,block_3,4.26325641e-14,True,70,15
within_B_Task-2,block_4,3.77475828e-14,True,66,20
within_B_Task-2,block_5,3.37507799e-14,True,69,18
cross_Task-1,B_to_A,1.33226763e-14,True,90,85
cross_Task-1,A_to_B,6.66133815e-15,True,85,90
cross_Task-2,B_to_A,7.26085858e-14,True,89,92
cross_Task-2,A_to_B,4.61852778e-14,True,92,89
cross_Pooled,B_to_A,4.79616347e-14,True,179,177
cross_Pooled,A_to_B,3.64153152e-14,True,177,179
