file,fold,model,component,channel,value
A_Task-1,1,shape_wc,xleft_outer,Fz,-0.186393396
A_Task-1,1,shape_wc,xleft_outer,F3,-0.327972465
A_Task-1,1,shape_wc,xleft_outer,F4,-0.0528532582
A_Task-1,1,shape_wc,xleft_center,Fz,1.14051059
A_Task-1,1,shape_wc,xleft_center,F3,1.92212815
A_Task-1,1,shape_wc,xleft_center,F4,2.02277073
A_Task-1,1,shape_wc,xmiddle_outer,Fz,0.133633741
A_Task-1,1,shape_wc,xmiddle_outer,F3,-0.19008082
A_Task-1,1,shape_wc,xmiddle_outer,F4,-0.251860827
A_Task-1,1,shape_wc,xmiddle_center,Fz,-0.274916294
A_Task-1,1,shape_wc,xmiddle_center,F3,0.10751
A_Task-1,1,shape_wc,xmiddle_center,F4,0.151337669
A_Task-1,1,shape_wc,xright_outer,Fz,0.13357969
A_Task-1,1,shape_wc,xright_outer,F3,-0.225616564
A_Task-1,1,shape_wc,xright_outer,F4,-0.693426195
A_Task-1,1,shape_wc,xright_center,Fz,0.912802922
A_Task-1,1,shape_wc,xright_center,F3,0.868331251
A_Task-1,1,shape_wc,xright_center,F4,1.30634753
A_Task-1,1,shape_wc,intercept,Fz,1.6663668
A_Task-1,1,shape_wc,intercept,F3,-1.76570257
A_Task-1,1,shape_wc,intercept,F4,0.651376558
A_Task-1,1,shape_wc,linear_trend,Fz,8.52146096
A_Task-1,1,shape_wc,linear_trend,F3,5.84129048
A_Task-1,1,shape_wc,linear_trend,F4,7.97967557
A_Task-1,1,shape_blind,xleft_outer,Fz,0.413905895
A_Task-1,1,shape_blind,xleft_outer,F3,0.221919235
A_Task-1,1,shape_blind,xleft_outer,F4,0.21442107
A_Task-1,1,shape_blind,xleft_center,Fz,0.0700549255
A_Task-1,1,shape_blind,xleft_center,F3,0.246532403
A_Task-1,1,shape_blind,xleft_center,F4,0.309275835
A_Task-1,1,shape_blind,xmiddle_outer,Fz,-0.0478496816
A_Task-1,1,shape_blind,xmiddle_outer,F3,0.101877792
A_Task-1,1,shape_blind,xmiddle_outer,F4,0.0914449724
A_Task-1,1,shape_blind,xmiddle_center,Fz,0.784874146
A_Task-1,1,shape_blind,xmiddle_center,F3,1.0762993
A_Task-1,1,shape_blind,xmiddle_center,F4,1.30138246
A_Task-1,1,shape_blind,xright_outer,Fz,0.413905895
A_Task-1,1,shape_blind,xright_outer,F3,0.221919235
A_Task-1,1,shape_blind,xright_outer,F4,0.21442107
A_Task-1,1,shape_blind,xright_center,Fz,0.0700549255
A_Task-1,1,shape_blind,xright_center,F3,0.246532403
A_Task-1,1,shape_blind,xright_center,F4,0.309275835
A_Task-1,1,shape_blind,intercept,Fz,1.74215019
A_Task-1,1,shape_blind,intercept,F3,-1.78395153
A_Task-1,1,shape_blind,intercept,F4,0.625028515
A_Task-1,1,shape_blind,linear_trend,Fz,8.32590645
A_Task-1,1,shape_blind,linear_trend,F3,5.69330929
A_Task-1,1,shape_blind,linear_trend,F4,7.80758643
A_Task-1,1,no_feedback,xleft_outer,Fz,-0.514826599
A_Task-1,1,no_feedback,xleft_outer,F3,-1.8603749
A_Task-1,1,no_feedback,xleft_outer,F4,-1.59841687
A_Task-1,1,no_feedback,xleft_center,Fz,0.915835539
A_Task-1,1,no_feedback,xleft_center,F3,2.94968499
A_Task-1,1,no_feedback,xleft_center,F4,3.27139343
A_Task-1,1,no_feedback,xmiddle_outer,Fz,-0.0967048966
A_Task-1,1,no_feedback,xmiddle_outer,F3,-0.421703434
A_Task-1,1,no_feedback,xmiddle_outer,F4,-0.518513021
A_Task-1,1,no_feedback,xmiddle_center,Fz,0.292091283
A_Task-1,1,no_feedback,xmiddle_center,F3,0.266861875
A_Task-1,1,no_feedback,xmiddle_center,F4,0.298364611
A_Task-1,1,no_feedback,xright_outer,Fz,0.0111036031
A_Task-1,1,no_feedback,xright_outer,F3,0.511478586
A_Task-1,1,no_feedback,xright_outer,F4,-0.0330711826
A_Task-1,1,no_feedback,xright_center,Fz,1.45563261
A_Task-1,1,no_feedback,xright_center,F3,0.642700023
A_Task-1,1,no_feedback,xright_center,F4,0.974633124
A_Task-1,1,no_feedback,intercept,Fz,2.00822672
A_Task-1,1,no_feedback,intercept,F3,-1.08691625
A_Task-1,1,no_feedback,intercept,F4,1.45411547
A_Task-1,1,no_feedback,linear_trend,Fz,8.59919706
A_Task-1,1,no_feedback,linear_trend,F3,5.78419595
A_Task-1,1,no_feedback,linear_trend,F4,7.90622445
A_Task-1,2,shape_wc,xleft_outer,Fz,-0.836209548
A_Task-1,2,shape_wc,xleft_outer,F3,-1.130485
A_Task-1,2,shape_wc,xleft_outer,F4,-0.834274401
A_Task-1,2,shape_wc,xleft_center,Fz,1.24195426
A_Task-1,2,shape_wc,xleft_center,F3,1.58414578
A_Task-1,2,shape_wc,xleft_center,F4,1.79764416
A_Task-1,2,shape_wc,xmiddle_outer,Fz,-0.427817905
A_Task-1,2,shape_wc,xmiddle_outer,F3,-0.493131575
A_Task-1,2,shape_wc,xmiddle_outer,F4,-0.580622357
A_Task-1,2,shape_wc,xmiddle_center,Fz,0.111143759
A_Task-1,2,shape_wc,xmiddle_center,F3,0.405051251
A_Task-1,2,shape_wc,xmiddle_center,F4,0.356986314
A_Task-1,2,shape_wc,xright_outer,Fz,-0.479074727
A_Task-1,2,shape_wc,xright_outer,F3,-0.29160693
A_Task-1,2,shape_wc,xright_outer,F4,-0.819180888
A_Task-1,2,shape_wc,xright_center,Fz,1.27992249
A_Task-1,2,shape_wc,xright_center,F3,1.21397183
A_Task-1,2,shape_wc,xright_center,F4,1.43948023
A_Task-1,2,shape_wc,intercept,Fz,1.44493766
A_Task-1,2,shape_wc,intercept,F3,-2.47339074
A_Task-1,2,shape_wc,intercept,F4,-1.14553893
A_Task-1,2,shape_wc,linear_trend,Fz,9.07475096
A_Task-1,2,shape_wc,linear_trend,F3,4.74447371
A_Task-1,2,shape_wc,linear_trend,F4,6.69483499
A_Task-1,2,shape_blind,xleft_outer,Fz,-0.217645317
A_Task-1,2,shape_blind,xleft_outer,F3,-0.296709273
A_Task-1,2,shape_blind,xleft_outer,F4,-0.314433758
A_Task-1,2,shape_blind,xleft_center,Fz,0.227583708
A_Task-1,2,shape_blind,xleft_center,F3,0.397262354
A_Task-1,2,shape_blind,xleft_center,F4,0.392236689
A_Task-1,2,shape_blind,xmiddle_outer,Fz,-0.165568152
A_Task-1,2,shape_blind,xmiddle_outer,F3,-0.054850398
A_Task-1,2,shape_blind,xmiddle_outer,F4,-0.103305031
A_Task-1,2,shape_blind,xmiddle_center,Fz,1.04282947
A_Task-1,2,shape_blind,xmiddle_center,F3,1.18722304
A_Task-1,2,shape_blind,xmiddle_center,F4,1.35388362
A_Task-1,2,shape_blind,xright_outer,Fz,-0.217645317
A_Task-1,2,shape_blind,xright_outer,F3,-0.296709273
A_Task-1,2,shape_blind,xright_outer,F4,-0.314433758
A_Task-1,2,shape_blind,xright_center,Fz,0.227583708
A_Task-1,2,shape_blind,xright_center,F3,0.397262354
A_Task-1,2,shape_blind,xright_center,F4,0.392236689
A_Task-1,2,shape_blind,intercept,Fz,1.37874339
A_Task-1,2,shape_blind,intercept,F3,-2.5637526
A_Task-1,2,shape_blind,intercept,F4,-1.24950241
A_Task-1,2,shape_blind,linear_trend,Fz,8.97617696
A_Task-1,2,shape_blind,linear_trend,F3,4.66363455
A_Task-1,2,shape_blind,linear_trend,F4,6.5949066
A_Task-1,2,no_feedback,xleft_outer,Fz,-0.668863188
A_Task-1,2,no_feedback,xleft_outer,F3,-1.2400436
A_Task-1,2,no_feedback,xleft_outer,F4,-1.37183006
A_Task-1,2,no_feedback,xleft_center,Fz,0.972192925
A_Task-1,2,no_feedback,xleft_center,F3,1.16912466
A_Task-1,2,no_feedback,xleft_center,F4,2.3934869
A_Task-1,2,no_feedback,xmiddle_outer,Fz,-0.511439338
A_Task-1,2,no_feedback,xmiddle_outer,F3,-0.591376973
A_Task-1,2,no_feedback,xmiddle_outer,F4,-0.694423049
A_Task-1,2,no_feedback,xmiddle_center,Fz,0.0681502609
A_Task-1,2,no_feedback,xmiddle_center,F3,0.0848424285
A_Task-1,2,no_feedback,xmiddle_center,F4,0.0909285048
A_Task-1,2,no_feedback,xright_outer,Fz,-0.751152733
A_Task-1,2,no_feedback,xright_outer,F3,-0.404006329
A_Task-1,2,no_feedback,xright_outer,F4,-0.552391341
A_Task-1,2,no_feedback,xright_center,Fz,1.80820804
A_Task-1,2,no_feedback,xright_center,F3,2.06197684
A_Task-1,2,no_feedback,xright_center,F4,1.34683624
A_Task-1,2,no_feedback,intercept,Fz,1.88771032
A_Task-1,2,no_feedback,intercept,F3,-1.83841133
A_Task-1,2,no_feedback,intercept,F4,-0.454825501
A_Task-1,2,no_feedback,linear_trend,Fz,9.09732275
A_Task-1,2,no_feedback,linear_trend,F3,4.61007631
A_Task-1,2,no_feedback,linear_trend,F4,6.60827128
A_Task-1,3,shape_wc,xleft_outer,Fz,0.311910678
A_Task-1,3,shape_wc,xleft_outer,F3,-0.374832966
A_Task-1,3,shape_wc,xleft_outer,F4,0.2823539
A_Task-1,3,shape_wc,xleft_center,Fz,0.440252638
A_Task-1,3,shape_wc,xleft_center,F3,1.44205025
A_Task-1,3,shape_wc,xleft_center,F4,1.93651991
A_Task-1,3,shape_wc,xmiddle_outer,Fz,0.404220155
A_Task-1,3,shape_wc,xmiddle_outer,F3,-0.304504527
A_Task-1,3,shape_wc,xmiddle_outer,F4,-0.48794634
A_Task-1,3,shape_wc,xmiddle_center,Fz,-0.717037342
A_Task-1,3,shape_wc,xmiddle_center,F3,-0.0232399712
A_Task-1,3,shape_wc,xmiddle_center,F4,0.0588667951
A_Task-1,3,shape_wc,xright_outer,Fz,0.385127888
A_Task-1,3,shape_wc,xright_outer,F3,-0.140107931
A_Task-1,3,shape_wc,xright_outer,F4,-1.27698567
A_Task-1,3,shape_wc,xright_center,Fz,0.42766565
A_Task-1,3,shape_wc,xright_center,F3,0.619497297
A_Task-1,3,shape_wc,xright_center,F4,0.902502015
A_Task-1,3,shape_wc,intercept,Fz,0.822614307
A_Task-1,3,shape_wc,intercept,F3,-6.43362724
A_Task-1,3,shape_wc,intercept,F4,-6.1001753
A_Task-1,3,shape_wc,linear_trend,Fz,5.52254911
A_Task-1,3,shape_wc,linear_trend,F3,2.43297753
A_Task-1,3,shape_wc,linear_trend,F4,4.42201342
A_Task-1,3,shape_blind,xleft_outer,Fz,0.687591372
A_Task-1,3,shape_blind,xleft_outer,F3,0.163389633
A_Task-1,3,shape_blind,xleft_outer,F4,0.050306858
A_Task-1,3,shape_blind,xleft_center,Fz,-0.245730931
A_Task-1,3,shape_blind,xleft_center,F3,0.0482847265
A_Task-1,3,shape_blind,xleft_center,F4,0.13145087
A_Task-1,3,shape_blind,xmiddle_outer,Fz,-0.0680823193
A_Task-1,3,shape_blind,xmiddle_outer,F3,0.106046484
A_Task-1,3,shape_blind,xmiddle_outer,F4,0.0584941147
A_Task-1,3,shape_blind,xmiddle_center,Fz,0.224628253
A_Task-1,3,shape_blind,xmiddle_center,F3,0.717006154
A_Task-1,3,shape_blind,xmiddle_center,F4,1.04358011
A_Task-1,3,shape_blind,xright_outer,Fz,0.687591372
A_Task-1,3,shape_blind,xright_outer,F3,0.163389633
A_Task-1,3,shape_blind,xright_outer,F4,0.050306858
A_Task-1,3,shape_blind,xright_center,Fz,-0.245730931
A_Task-1,3,shape_blind,xright_center,F3,0.0482847265
A_Task-1,3,shape_blind,xright_center,F4,0.13145087
A_Task-1,3,shape_blind,intercept,Fz,0.958629212
A_Task-1,3,shape_blind,intercept,F3,-6.49625138
A_Task-1,3,shape_blind,intercept,F4,-6.19848393
A_Task-1,3,shape_blind,linear_trend,Fz,5.33018909
A_Task-1,3,shape_blind,linear_trend,F3,2.35543597
A_Task-1,3,shape_blind,linear_trend,F4,4.32834166
A_Task-1,3,no_feedback,xleft_outer,Fz,0.104423524
A_Task-1,3,no_feedback,xleft_outer,F3,-1.70400532
A_Task-1,3,no_feedback,xleft_outer,F4,-1.99584467
A_Task-1,3,no_feedback,xleft_center,Fz,0.0405294478
A_Task-1,3,no_feedback,xleft_center,F3,2.36118943
A_Task-1,3,no_feedback,xleft_center,F4,4.48992124
A_Task-1,3,no_feedback,xmiddle_outer,Fz,0.196308354
A_Task-1,3,no_feedback,xmiddle_outer,F3,-0.45306776
A_Task-1,3,no_feedback,xmiddle_outer,F4,-0.655310284
A_Task-1,3,no_feedback,xmiddle_center,Fz,0.286913576
A_Task-1,3,no_feedback,xmiddle_center,F3,0.150105794
A_Task-1,3,no_feedback,xmiddle_center,F4,0.148771309
A_Task-1,3,no_feedback,xright_outer,Fz,0.170545724
A_Task-1,3,no_feedback,xright_outer,F3,0.363565829
A_Task-1,3,no_feedback,xright_outer,F4,0.119185601
A_Task-1,3,no_feedback,xright_center,Fz,0.954332288
A_Task-1,3,no_feedback,xright_center,F3,0.550038074
A_Task-1,3,no_feedback,xright_center,F4,-0.663591942
A_Task-1,3,no_feedback,intercept,Fz,0.800887904
A_Task-1,3,no_feedback,intercept,F3,-5.93263878
A_Task-1,3,no_feedback,intercept,F4,-5.44040334
A_Task-1,3,no_feedback,linear_trend,Fz,5.79766711
A_Task-1,3,no_feedback,linear_trend,F3,2.50513574
A_Task-1,3,no_feedback,linear_trend,F4,4.49199638
A_Task-1,4,shape_wc,xleft_outer,Fz,0.242940405
A_Task-1,4,shape_wc,xleft_outer,F3,0.845301073
A_Task-1,4,shape_wc,xleft_outer,F4,1.30488256
A_Task-1,4,shape_wc,xleft_center,Fz,0.42690222
A_Task-1,4,shape_wc,xleft_center,F3,0.549161199
A_Task-1,4,shape_wc,xleft_center,F4,0.683838367
A_Task-1,4,shape_wc,xmiddle_outer,Fz,0.502794176
A_Task-1,4,shape_wc,xmiddle_outer,F3,0.48450589
A_Task-1,4,shape_wc,xmiddle_outer,F4,0.62055416
A_Task-1,4,shape_wc,xmiddle_center,Fz,-0.873719196
A_Task-1,4,shape_wc,xmiddle_center,F3,-0.672488672
A_Task-1,4,shape_wc,xmiddle_center,F4,-0.88386228
A_Task-1,4,shape_wc,xright_outer,Fz,0.600818669
A_Task-1,4,shape_wc,xright_outer,F3,-0.0318973523
A_Task-1,4,shape_wc,xright_outer,F4,-0.235600222
A_Task-1,4,shape_wc,xright_center,Fz,0.335493446
A_Task-1,4,shape_wc,xright_center,F3,0.134011159
A_Task-1,4,shape_wc,xright_center,F4,0.477695908
A_Task-1,4,shape_wc,intercept,Fz,1.14733406
A_Task-1,4,shape_wc,intercept,F3,0.880708318
A_Task-1,4,shape_wc,intercept,F4,3.07310722
A_Task-1,4,shape_wc,linear_trend,Fz,5.61427431
A_Task-1,4,shape_wc,linear_trend,F3,4.0097587
A_Task-1,4,shape_wc,linear_trend,F4,5.48016023
A_Task-1,4,shape_blind,xleft_outer,Fz,0.775445003
A_Task-1,4,shape_blind,xleft_outer,F3,0.68946078
A_Task-1,4,shape_blind,xleft_outer,F4,0.959295568
A_Task-1,4,shape_blind,xleft_center,Fz,-0.312113933
A_Task-1,4,shape_blind,xleft_center,F3,-0.20766936
A_Task-1,4,shape_blind,xleft_center,F4,-0.261656553
A_Task-1,4,shape_blind,xmiddle_outer,Fz,-0.112950726
A_Task-1,4,shape_blind,xmiddle_outer,F3,-0.0529402846
A_Task-1,4,shape_blind,xmiddle_outer,F4,-0.044643393
A_Task-1,4,shape_blind,xmiddle_center,Fz,0.168622289
A_Task-1,4,shape_blind,xmiddle_center,F3,0.171371563
A_Task-1,4,shape_blind,xmiddle_center,F4,0.318010056
A_Task-1,4,shape_blind,xright_outer,Fz,0.775445003
A_Task-1,4,shape_blind,xright_outer,F3,0.68946078
A_Task-1,4,shape_blind,xright_outer,F4,0.959295568
A_Task-1,4,shape_blind,xright_center,Fz,-0.312113933
A_Task-1,4,shape_blind,xright_center,F3,-0.20766936
A_Task-1,4,shape_blind,xright_center,F4,-0.261656553
A_Task-1,4,shape_blind,intercept,Fz,1.31354441
A_Task-1,4,shape_blind,intercept,F3,1.03507042
A_Task-1,4,shape_blind,intercept,F4,3.27312294
A_Task-1,4,shape_blind,linear_trend,Fz,5.39742224
A_Task-1,4,shape_blind,linear_trend,F3,3.81747704
A_Task-1,4,shape_blind,linear_trend,F4,5.21429155
A_Task-1,4,no_feedback,xleft_outer,Fz,0.129355168
A_Task-1,4,no_feedback,xleft_outer,F3,-0.0352176325
A_Task-1,4,no_feedback,xleft_outer,F4,0.272396944
A_Task-1,4,no_feedback,xleft_center,Fz,0.206560157
A_Task-1,4,no_feedback,xleft_center,F3,1.62439193
A_Task-1,4,no_feedback,xleft_center,F4,2.30694441
A_Task-1,4,no_feedback,xmiddle_outer,Fz,0.281230048
A_Task-1,4,no_feedback,xmiddle_outer,F3,0.276408426
A_Task-1,4,no_feedback,xmiddle_outer,F4,0.316079392
A_Task-1,4,no_feedback,xmiddle_center,Fz,0.311410892
A_Task-1,4,no_feedback,xmiddle_center,F3,0.297723192
A_Task-1,4,no_feedback,xmiddle_center,F4,0.422226987
A_Task-1,4,no_feedback,xright_outer,Fz,0.349843356
A_Task-1,4,no_feedback,xright_outer,F3,0.515521446
A_Task-1,4,no_feedback,xright_outer,F4,0.207770247
A_Task-1,4,no_feedback,xright_center,Fz,0.578118674
A_Task-1,4,no_feedback,xright_center,F3,-0.909312611
A_Task-1,4,no_feedback,xright_center,F4,-0.958931487
A_Task-1,4,no_feedback,intercept,Fz,1.03477103
A_Task-1,4,no_feedback,intercept,F3,0.830368634
A_Task-1,4,no_feedback,intercept,F4,3.08748271
A_Task-1,4,no_feedback,linear_trend,Fz,5.95656014
A_Task-1,4,no_feedback,linear_trend,F3,4.24209707
A_Task-1,4,no_feedback,linear_trend,F4,5.78408511
A_Task-1,5,shape_wc,xleft_outer,Fz,-0.000869455165
A_Task-1,5,shape_wc,xleft_outer,F3,0.199076156
A_Task-1,5,shape_wc,xleft_outer,F4,0.962714089
A_Task-1,5,shape_wc,xleft_center,Fz,0.457175571
A_Task-1,5,shape_wc,xleft_center,F3,0.595283758
A_Task-1,5,shape_wc,xleft_center,F4,0.734981759
A_Task-1,5,shape_wc,xmiddle_outer,Fz,0.438059942
A_Task-1,5,shape_wc,xmiddle_outer,F3,0.498018751
A_Task-1,5,shape_wc,xmiddle_outer,F4,0.591240473
A_Task-1,5,shape_wc,xmiddle_center,Fz,-0.768588526
A_Task-1,5,shape_wc,xmiddle_center,F3,-0.596888452
A_Task-1,5,shape_wc,xmiddle_center,F4,-0.775546672
A_Task-1,5,shape_wc,xright_outer,Fz,0.52261283
A_Task-1,5,shape_wc,xright_outer,F3,0.442487324
A_Task-1,5,shape_wc,xright_outer,F4,-0.143858725
A_Task-1,5,shape_wc,xright_center,Fz,0.467104477
A_Task-1,5,shape_wc,xright_center,F3,0.234501005
A_Task-1,5,shape_wc,xright_center,F4,0.736922789
A_Task-1,5,shape_wc,intercept,Fz,0.890058712
A_Task-1,5,shape_wc,intercept,F3,-2.51768177
A_Task-1,5,shape_wc,intercept,F4,-0.524688218
A_Task-1,5,shape_wc,linear_trend,Fz,4.93602562
A_Task-1,5,shape_wc,linear_trend,F3,1.19108264
A_Task-1,5,shape_wc,linear_trend,F4,2.37209987
A_Task-1,5,shape_blind,xleft_outer,Fz,0.603766009
A_Task-1,5,shape_blind,xleft_outer,F3,0.595543307
A_Task-1,5,shape_blind,xleft_outer,F4,0.849005037
A_Task-1,5,shape_blind,xleft_center,Fz,-0.218891556
A_Task-1,5,shape_blind,xleft_center,F3,-0.116093212
A_Task-1,5,shape_blind,xleft_center,F4,-0.148741952
A_Task-1,5,shape_blind,xmiddle_outer,Fz,-0.187578842
A_Task-1,5,shape_blind,xmiddle_outer,F3,-0.119086566
A_Task-1,5,shape_blind,xmiddle_outer,F4,-0.0908698794
A_Task-1,5,shape_blind,xmiddle_center,Fz,0.286497188
A_Task-1,5,shape_blind,xmiddle_center,F3,0.286438061
A_Task-1,5,shape_blind,xmiddle_center,F4,0.49053623
A_Task-1,5,shape_blind,xright_outer,Fz,0.603766009
A_Task-1,5,shape_blind,xright_outer,F3,0.595543307
A_Task-1,5,shape_blind,xright_outer,F4,0.849005037
A_Task-1,5,shape_blind,xright_center,Fz,-0.218891556
A_Task-1,5,shape_blind,xright_center,F3,-0.116093212
A_Task-1,5,shape_blind,xright_center,F4,-0.148741952
A_Task-1,5,shape_blind,intercept,Fz,1.04678109
A_Task-1,5,shape_blind,intercept,F3,-2.35130577
A_Task-1,5,shape_blind,intercept,F4,-0.324334811
A_Task-1,5,shape_blind,linear_trend,Fz,4.72171067
A_Task-1,5,shape_blind,linear_trend,F3,0.984244403
A_Task-1,5,shape_blind,linear_trend,F4,2.09294013
A_Task-1,5,no_feedback,xleft_outer,Fz,0.225943953
A_Task-1,5,no_feedback,xleft_outer,F3,-0.0520072287
A_Task-1,5,no_feedback,xleft_outer,F4,0.472350687
A_Task-1,5,no_feedback,xleft_center,Fz,0.231159834
A_Task-1,5,no_feedback,xleft_center,F3,0.716231973
A_Task-1,5,no_feedback,xleft_center,F4,1.99191888
A_Task-1,5,no_feedback,xmiddle_outer,Fz,0.244721027
A_Task-1,5,no_feedback,xmiddle_outer,F3,0.297207727
A_Task-1,5,no_feedback,xmiddle_outer,F4,0.286061005
A_Task-1,5,no_feedback,xmiddle_center,Fz,0.275818022
A_Task-1,5,no_feedback,xmiddle_center,F3,0.295228955
A_Task-1,5,no_feedback,xmiddle_center,F4,0.425287237
A_Task-1,5,no_feedback,xright_outer,Fz,0.188220931
A_Task-1,5,no_feedback,xright_outer,F3,0.593187998
A_Task-1,5,no_feedback,xright_outer,F4,-0.0724333251
A_Task-1,5,no_feedback,xright_center,Fz,0.526868035
A_Task-1,5,no_feedback,xright_center,F3,-0.059427601
A_Task-1,5,no_feedback,xright_center,F4,-0.454378181
A_Task-1,5,no_feedback,intercept,Fz,0.7761557
A_Task-1,5,no_feedback,intercept,F3,-2.56893385
A_Task-1,5,no_feedback,intercept,F4,-0.461619311
A_Task-1,5,no_feedback,linear_trend,Fz,5.23873221
A_Task-1,5,no_feedback,linear_trend,F3,1.37165203
A_Task-1,5,no_feedback,linear_trend,F4,2.62098481
A_Task-2,1,shape_wc,xleft_outer,Fz,-6.84047394
A_Task-2,1,shape_wc,xleft_outer,F3,-6.85217763
A_Task-2,1,shape_wc,xleft_outer,F4,-9.64444964
A_Task-2,1,shape_wc,xleft_center,Fz,5.570765
A_Task-2,1,shape_wc,xleft_center,F3,3.68043547
A_Task-2,1,shape_wc,xleft_center,F4,8.68460027
A_Task-2,1,shape_wc,xmiddle_outer,Fz,-7.9125443
A_Task-2,1,shape_wc,xmiddle_outer,F3,-7.49783584
A_Task-2,1,shape_wc,xmiddle_outer,F4,-10.0680346
A_Task-2,1,shape_wc,xmiddle_center,Fz,5.77843063
A_Task-2,1,shape_wc,xmiddle_center,F3,5.32559067
A_Task-2,1,shape_wc,xmiddle_center,F4,7.54515568
A_Task-2,1,shape_wc,xright_outer,Fz,-7.52101217
A_Task-2,1,shape_wc,xright_outer,F3,-6.52488116
A_Task-2,1,shape_wc,xright_outer,F4,-8.46288895
A_Task-2,1,shape_wc,xright_center,Fz,6.75447981
A_Task-2,1,shape_wc,xright_center,F3,5.54999095
A_Task-2,1,shape_wc,xright_center,F4,8.06842556
A_Task-2,1,shape_wc,intercept,Fz,17.0658425
A_Task-2,1,shape_wc,intercept,F3,14.9790566
A_Task-2,1,shape_wc,intercept,F4,22.0747192
A_Task-2,1,shape_wc,linear_trend,Fz,45.9219754
A_Task-2,1,shape_wc,linear_trend,F3,37.8739398
A_Task-2,1,shape_wc,linear_trend,F4,58.6746962
A_Task-2,1,shape_blind,xleft_outer,Fz,-5.9476016
A_Task-2,1,shape_blind,xleft_outer,F3,-5.92450189
A_Task-2,1,shape_blind,xleft_outer,F4,-7.32567253
A_Task-2,1,shape_blind,xleft_center,Fz,2.21991509
A_Task-2,1,shape_blind,xleft_center,F3,1.8017797
A_Task-2,1,shape_blind,xleft_center,F4,2.98395804
A_Task-2,1,shape_blind,xmiddle_outer,Fz,0.745078541
A_Task-2,1,shape_blind,xmiddle_outer,F3,0.570067243
A_Task-2,1,shape_blind,xmiddle_outer,F4,1.1894511
A_Task-2,1,shape_blind,xmiddle_center,Fz,4.99151031
A_Task-2,1,shape_blind,xmiddle_center,F3,3.75912488
A_Task-2,1,shape_blind,xmiddle_center,F4,6.73694168
A_Task-2,1,shape_blind,xright_outer,Fz,-5.9476016
A_Task-2,1,shape_blind,xright_outer,F3,-5.92450189
A_Task-2,1,shape_blind,xright_outer,F4,-7.32567253
A_Task-2,1,shape_blind,xright_center,Fz,2.21991509
A_Task-2,1,shape_blind,xright_center,F3,1.8017797
A_Task-2,1,shape_blind,xright_center,F4,2.98395804
A_Task-2,1,shape_blind,intercept,Fz,14.937624
A_Task-2,1,shape_blind,intercept,F3,12.9357218
A_Task-2,1,shape_blind,intercept,F4,19.3620696
A_Task-2,1,shape_blind,linear_trend,Fz,47.0828886
A_Task-2,1,shape_blind,linear_trend,F3,39.1315538
A_Task-2,1,shape_blind,linear_trend,F4,60.1037914
A_Task-2,1,no_feedback,xleft_outer,Fz,-7.32489037
A_Task-2,1,no_feedback,xleft_outer,F3,-5.95813657
A_Task-2,1,no_feedback,xleft_outer,F4,-12.3444313
A_Task-2,1,no_feedback,xleft_center,Fz,8.52253842
A_Task-2,1,no_feedback,xleft_center,F3,5.09889836
A_Task-2,1,no_feedback,xleft_center,F4,13.4191715
A_Task-2,1,no_feedback,xmiddle_outer,Fz,-7.0202327
A_Task-2,1,no_feedback,xmiddle_outer,F3,-6.40106391
A_Task-2,1,no_feedback,xmiddle_outer,F4,-9.08195483
A_Task-2,1,no_feedback,xmiddle_center,Fz,-1.83538155
A_Task-2,1,no_feedback,xmiddle_center,F3,-2.04653445
A_Task-2,1,no_feedback,xmiddle_center,F4,-2.15845337
A_Task-2,1,no_feedback,xright_outer,Fz,-9.86257139
A_Task-2,1,no_feedback,xright_outer,F3,-9.40292285
A_Task-2,1,no_feedback,xright_outer,F4,-10.0706408
A_Task-2,1,no_feedback,xright_center,Fz,10.0397683
A_Task-2,1,no_feedback,xright_center,F3,9.37425098
A_Task-2,1,no_feedback,xright_center,F4,11.9534597
A_Task-2,1,no_feedback,intercept,Fz,21.4919903
A_Task-2,1,no_feedback,intercept,F3,18.5434029
A_Task-2,1,no_feedback,intercept,F4,28.1387349
A_Task-2,1,no_feedback,linear_trend,Fz,44.8289315
A_Task-2,1,no_feedback,linear_trend,F3,36.9645048
A_Task-2,1,no_feedback,linear_trend,F4,57.1525471
A_Task-2,2,shape_wc,xleft_outer,Fz,-5.74986068
A_Task-2,2,shape_wc,xleft_outer,F3,-5.37759059
A_Task-2,2,shape_wc,xleft_outer,F4,-8.11724975
A_Task-2,2,shape_wc,xleft_center,Fz,4.89319586
A_Task-2,2,shape_wc,xleft_center,F3,2.17763772
A_Task-2,2,shape_wc,xleft_center,F4,7.0135773
A_Task-2,2,shape_wc,xmiddle_outer,Fz,-6.92866458
A_Task-2,2,shape_wc,xmiddle_outer,F3,-6.14733242
A_Task-2,2,shape_wc,xmiddle_outer,F4,-8.51566386
A_Task-2,2,shape_wc,xmiddle_center,Fz,5.20621431
A_Task-2,2,shape_wc,xmiddle_center,F3,4.52185533
A_Task-2,2,shape_wc,xmiddle_center,F4,6.58792373
A_Task-2,2,shape_wc,xright_outer,Fz,-7.00273779
A_Task-2,2,shape_wc,xright_outer,F3,-5.73862996
A_Task-2,2,shape_wc,xright_outer,F4,-7.37694781
A_Task-2,2,shape_wc,xright_center,Fz,6.92365159
A_Task-2,2,shape_wc,xright_center,F3,5.87358059
A_Task-2,2,shape_wc,xright_center,F4,8.39976778
A_Task-2,2,shape_wc,intercept,Fz,15.7243138
A_Task-2,2,shape_wc,intercept,F3,18.3385567
A_Task-2,2,shape_wc,intercept,F4,23.4308478
A_Task-2,2,shape_wc,linear_trend,Fz,44.5474346
A_Task-2,2,shape_wc,linear_trend,F3,38.2008138
A_Task-2,2,shape_wc,linear_trend,F4,58.1135062
A_Task-2,2,shape_blind,xleft_outer,Fz,-5.15531955
A_Task-2,2,shape_blind,xleft_outer,F3,-4.89274596
A_Task-2,2,shape_blind,xleft_outer,F4,-6.11829448
A_Task-2,2,shape_blind,xleft_center,Fz,2.12935842
A_Task-2,2,shape_blind,xleft_center,F3,1.62352084
A_Task-2,2,shape_blind,xleft_center,F4,2.75775561
A_Task-2,2,shape_blind,xmiddle_outer,Fz,0.700027568
A_Task-2,2,shape_blind,xmiddle_outer,F3,0.488009498
A_Task-2,2,shape_blind,xmiddle_outer,F4,1.09085268
A_Task-2,2,shape_blind,xmiddle_center,Fz,4.80788175
A_Task-2,2,shape_blind,xmiddle_center,F3,3.31684105
A_Task-2,2,shape_blind,xmiddle_center,F4,6.22669782
A_Task-2,2,shape_blind,xright_outer,Fz,-5.15531955
A_Task-2,2,shape_blind,xright_outer,F3,-4.89274596
A_Task-2,2,shape_blind,xright_outer,F4,-6.11829448
A_Task-2,2,shape_blind,xright_center,Fz,2.12935842
A_Task-2,2,shape_blind,xright_center,F3,1.62352084
A_Task-2,2,shape_blind,xright_center,F4,2.75775561
A_Task-2,2,shape_blind,intercept,Fz,13.8726807
A_Task-2,2,shape_blind,intercept,F3,16.6689238
A_Task-2,2,shape_blind,intercept,F4,21.1484857
A_Task-2,2,shape_blind,linear_trend,Fz,45.5013655
A_Task-2,2,shape_blind,linear_trend,F3,39.2064902
A_Task-2,2,shape_blind,linear_trend,F4,59.2495563
A_Task-2,2,no_feedback,xleft_outer,Fz,-5.23919246
A_Task-2,2,no_feedback,xleft_outer,F3,-2.27246443
A_Task-2,2,no_feedback,xleft_outer,F4,-8.23187934
A_Task-2,2,no_feedback,xleft_center,Fz,6.69869984
A_Task-2,2,no_feedback,xleft_center,F3,0.700533588
A_Task-2,2,no_feedback,xleft_center,F4,8.89418908
A_Task-2,2,no_feedback,xmiddle_outer,Fz,-6.24140179
A_Task-2,2,no_feedback,xmiddle_outer,F3,-5.28263288
A_Task-2,2,no_feedback,xmiddle_outer,F4,-7.80213972
A_Task-2,2,no_feedback,xmiddle_center,Fz,-1.48689284
A_Task-2,2,no_feedback,xmiddle_center,F3,-1.62727961
A_Task-2,2,no_feedback,xmiddle_center,F4,-1.67350952
A_Task-2,2,no_feedback,xright_outer,Fz,-10.1612939
A_Task-2,2,no_feedback,xright_outer,F3,-10.4549788
A_Task-2,2,no_feedback,xright_outer,F4,-11.1741642
A_Task-2,2,no_feedback,xright_center,Fz,10.7653019
A_Task-2,2,no_feedback,xright_center,F3,11.6579479
A_Task-2,2,no_feedback,xright_center,F4,14.0916311
A_Task-2,2,no_feedback,intercept,Fz,19.868752
A_Task-2,2,no_feedback,intercept,F3,21.3997877
A_Task-2,2,no_feedback,intercept,F4,28.9133176
A_Task-2,2,no_feedback,linear_trend,Fz,43.4897723
A_Task-2,2,no_feedback,linear_trend,F3,37.3563392
A_Task-2,2,no_feedback,linear_trend,F4,56.6863004
A_Task-2,3,shape_wc,xleft_outer,Fz,-6.56427526
A_Task-2,3,shape_wc,xleft_outer,F3,-6.44690739
A_Task-2,3,shape_wc,xleft_outer,F4,-8.7378775
A_Task-2,3,shape_wc,xleft_center,Fz,5.15388343
A_Task-2,3,shape_wc,xleft_center,F3,3.4523545
A_Task-2,3,shape_wc,xleft_center,F4,7.26179212
A_Task-2,3,shape_wc,xmiddle_outer,Fz,-7.41762389
A_Task-2,3,shape_wc,xmiddle_outer,F3,-7.37755772
A_Task-2,3,shape_wc,xmiddle_outer,F4,-9.35222121
A_Task-2,3,shape_wc,xmiddle_center,Fz,5.49367829
A_Task-2,3,shape_wc,xmiddle_center,F3,5.29137891
A_Task-2,3,shape_wc,xmiddle_center,F4,7.05161669
A_Task-2,3,shape_wc,xright_outer,Fz,-7.34662852
A_Task-2,3,shape_wc,xright_outer,F3,-7.13901427
A_Task-2,3,shape_wc,xright_outer,F4,-8.51460076
A_Task-2,3,shape_wc,xright_center,Fz,7.07865249
A_Task-2,3,shape_wc,xright_center,F3,6.16396415
A_Task-2,3,shape_wc,xright_center,F4,8.95523911
A_Task-2,3,shape_wc,intercept,Fz,15.8612481
A_Task-2,3,shape_wc,intercept,F3,15.8989319
A_Task-2,3,shape_wc,intercept,F4,21.3609278
A_Task-2,3,shape_wc,linear_trend,Fz,46.1286355
A_Task-2,3,shape_wc,linear_trend,F3,42.5751173
A_Task-2,3,shape_wc,linear_trend,F4,60.007637
A_Task-2,3,shape_blind,xleft_outer,Fz,-5.72272452
A_Task-2,3,shape_blind,xleft_outer,F3,-5.98311905
A_Task-2,3,shape_blind,xleft_outer,F4,-6.9378149
A_Task-2,3,shape_blind,xleft_center,Fz,2.2507079
A_Task-2,3,shape_blind,xleft_center,F3,1.91395595
A_Task-2,3,shape_blind,xleft_center,F4,2.9166684
A_Task-2,3,shape_blind,xmiddle_outer,Fz,0.538119702
A_Task-2,3,shape_blind,xmiddle_outer,F3,0.391098544
A_Task-2,3,shape_blind,xmiddle_outer,F4,0.942444935
A_Task-2,3,shape_blind,xmiddle_center,Fz,5.04700592
A_Task-2,3,shape_blind,xmiddle_center,F3,4.0047956
A_Task-2,3,shape_blind,xmiddle_center,F4,6.60639801
A_Task-2,3,shape_blind,xright_outer,Fz,-5.72272452
A_Task-2,3,shape_blind,xright_outer,F3,-5.98311905
A_Task-2,3,shape_blind,xright_outer,F4,-6.9378149
A_Task-2,3,shape_blind,xright_center,Fz,2.2507079
A_Task-2,3,shape_blind,xright_center,F3,1.91395595
A_Task-2,3,shape_blind,xright_center,F4,2.9166684
A_Task-2,3,shape_blind,intercept,Fz,13.8912768
A_Task-2,3,shape_blind,intercept,F3,13.9120291
A_Task-2,3,shape_blind,intercept,F4,18.8662344
A_Task-2,3,shape_blind,linear_trend,Fz,47.1595151
A_Task-2,3,shape_blind,linear_trend,F3,43.7635861
A_Task-2,3,shape_blind,linear_trend,F4,61.2771673
A_Task-2,3,no_feedback,xleft_outer,Fz,-5.57534296
A_Task-2,3,no_feedback,xleft_outer,F3,-4.28170169
A_Task-2,3,no_feedback,xleft_outer,F4,-8.25769447
A_Task-2,3,no_feedback,xleft_center,Fz,6.27702759
A_Task-2,3,no_feedback,xleft_center,F3,3.5240973
A_Task-2,3,no_feedback,xleft_center,F4,8.7486094
A_Task-2,3,no_feedback,xmiddle_outer,Fz,-6.59420214
A_Task-2,3,no_feedback,xmiddle_outer,F3,-6.30098601
A_Task-2,3,no_feedback,xmiddle_outer,F4,-8.4491995
A_Task-2,3,no_feedback,xmiddle_center,Fz,-1.69404742
A_Task-2,3,no_feedback,xmiddle_center,F3,-2.00467107
A_Task-2,3,no_feedback,xmiddle_center,F4,-1.97926111
A_Task-2,3,no_feedback,xright_outer,Fz,-10.5893664
A_Task-2,3,no_feedback,xright_outer,F3,-10.8425363
A_Task-2,3,no_feedback,xright_outer,F4,-12.6160604
A_Task-2,3,no_feedback,xright_center,Fz,11.4538124
A_Task-2,3,no_feedback,xright_center,F3,10.8874291
A_Task-2,3,no_feedback,xright_center,F4,15.1366169
A_Task-2,3,no_feedback,intercept,Fz,20.0539035
A_Task-2,3,no_feedback,intercept,F3,19.4105796
A_Task-2,3,no_feedback,intercept,F4,27.0222729
A_Task-2,3,no_feedback,linear_trend,Fz,45.0462994
A_Task-2,3,no_feedback,linear_trend,F3,41.6423613
A_Task-2,3,no_feedback,linear_trend,F4,58.5576461
A_Task-2,4,shape_wc,xleft_outer,Fz,-5.6107923
A_Task-2,4,shape_wc,xleft_outer,F3,-5.41014432
A_Task-2,4,shape_wc,xleft_outer,F4,-7.52920739
A_Task-2,4,shape_wc,xleft_center,Fz,4.8008425
A_Task-2,4,shape_wc,xleft_center,F3,2.63015647
A_Task-2,4,shape_wc,xleft_center,F4,6.48572939
A_Task-2,4,shape_wc,xmiddle_outer,Fz,-6.84915385
A_Task-2,4,shape_wc,xmiddle_outer,F3,-6.05288242
A_Task-2,4,shape_wc,xmiddle_outer,F4,-8.06731471
A_Task-2,4,shape_wc,xmiddle_center,Fz,5.32999355
A_Task-2,4,shape_wc,xmiddle_center,F3,4.68396889
A_Task-2,4,shape_wc,xmiddle_center,F4,6.3241541
A_Task-2,4,shape_wc,xright_outer,Fz,-7.14071663
A_Task-2,4,shape_wc,xright_outer,F3,-5.49693092
A_Task-2,4,shape_wc,xright_outer,F4,-7.38043169
A_Task-2,4,shape_wc,xright_center,Fz,6.49696835
A_Task-2,4,shape_wc,xright_center,F3,5.51951688
A_Task-2,4,shape_wc,xright_center,F4,7.64447128
A_Task-2,4,shape_wc,intercept,Fz,18.6824475
A_Task-2,4,shape_wc,intercept,F3,22.3138086
A_Task-2,4,shape_wc,intercept,F4,26.550584
A_Task-2,4,shape_wc,linear_trend,Fz,44.229704
A_Task-2,4,shape_wc,linear_trend,F3,38.9261727
A_Task-2,4,shape_wc,linear_trend,F4,56.0715622
A_Task-2,4,shape_blind,xleft_outer,Fz,-5.30327641
A_Task-2,4,shape_blind,xleft_outer,F3,-4.81874364
A_Task-2,4,shape_blind,xleft_outer,F4,-6.04229373
A_Task-2,4,shape_blind,xleft_center,Fz,2.21006954
A_Task-2,4,shape_blind,xleft_center,F3,1.74194144
A_Task-2,4,shape_blind,xleft_center,F4,2.67059504
A_Task-2,4,shape_blind,xmiddle_outer,Fz,0.631356334
A_Task-2,4,shape_blind,xmiddle_outer,F3,0.587749689
A_Task-2,4,shape_blind,xmiddle_outer,F4,0.888686678
A_Task-2,4,shape_blind,xmiddle_center,Fz,4.68543876
A_Task-2,4,shape_blind,xmiddle_center,F3,3.38330605
A_Task-2,4,shape_blind,xmiddle_center,F4,5.79983679
A_Task-2,4,shape_blind,xright_outer,Fz,-5.30327641
A_Task-2,4,shape_blind,xright_outer,F3,-4.81874364
A_Task-2,4,shape_blind,xright_outer,F4,-6.04229373
A_Task-2,4,shape_blind,xright_center,Fz,2.21006954
A_Task-2,4,shape_blind,xright_center,F3,1.74194144
A_Task-2,4,shape_blind,xright_center,F4,2.67059504
A_Task-2,4,shape_blind,intercept,Fz,16.8511802
A_Task-2,4,shape_blind,intercept,F3,20.6634457
A_Task-2,4,shape_blind,intercept,F4,24.3936006
A_Task-2,4,shape_blind,linear_trend,Fz,45.2053536
A_Task-2,4,shape_blind,linear_trend,F3,39.9210259
A_Task-2,4,shape_blind,linear_trend,F4,57.1755655
A_Task-2,4,no_feedback,xleft_outer,Fz,-5.18851802
A_Task-2,4,no_feedback,xleft_outer,F3,-2.91354346
A_Task-2,4,no_feedback,xleft_outer,F4,-7.53906723
A_Task-2,4,no_feedback,xleft_center,Fz,7.42980278
A_Task-2,4,no_feedback,xleft_center,F3,2.43605264
A_Task-2,4,no_feedback,xleft_center,F4,9.17200855
A_Task-2,4,no_feedback,xmiddle_outer,Fz,-6.1057658
A_Task-2,4,no_feedback,xmiddle_outer,F3,-5.23381707
A_Task-2,4,no_feedback,xmiddle_outer,F4,-7.30462719
A_Task-2,4,no_feedback,xmiddle_center,Fz,-1.54426414
A_Task-2,4,no_feedback,xmiddle_center,F3,-1.56288534
A_Task-2,4,no_feedback,xmiddle_center,F4,-1.68721605
A_Task-2,4,no_feedback,xright_outer,Fz,-9.79591835
A_Task-2,4,no_feedback,xright_outer,F3,-9.73358007
A_Task-2,4,no_feedback,xright_outer,F4,-10.5228184
A_Task-2,4,no_feedback,xright_center,Fz,9.12722378
A_Task-2,4,no_feedback,xright_center,F3,10.1288488
A_Task-2,4,no_feedback,xright_center,F4,11.6429916
A_Task-2,4,no_feedback,intercept,Fz,22.701286
A_Task-2,4,no_feedback,intercept,F3,25.5024066
A_Task-2,4,no_feedback,intercept,F4,31.566087
A_Task-2,4,no_feedback,linear_trend,Fz,43.0800941
A_Task-2,4,no_feedback,linear_trend,F3,37.9512831
A_Task-2,4,no_feedback,linear_trend,F4,54.6786907
A_Task-2,5,shape_wc,xleft_outer,Fz,-5.83350796
A_Task-2,5,shape_wc,xleft_outer,F3,-5.73453755
A_Task-2,5,shape_wc,xleft_outer,F4,-7.80425382
A_Task-2,5,shape_wc,xleft_center,Fz,5.44756663
A_Task-2,5,shape_wc,xleft_center,F3,4.09533026
A_Task-2,5,shape_wc,xleft_center,F4,7.75678635
A_Task-2,5,shape_wc,xmiddle_outer,Fz,-7.2460534
A_Task-2,5,shape_wc,xmiddle_outer,F3,-6.6430132
A_Task-2,5,shape_wc,xmiddle_outer,F4,-8.81807664
A_Task-2,5,shape_wc,xmiddle_center,Fz,5.29315882
A_Task-2,5,shape_wc,xmiddle_center,F3,4.73193203
A_Task-2,5,shape_wc,xmiddle_center,F4,6.5921197
A_Task-2,5,shape_wc,xright_outer,Fz,-7.52867406
A_Task-2,5,shape_wc,xright_outer,F3,-6.29937031
A_Task-2,5,shape_wc,xright_outer,F4,-8.3498178
A_Task-2,5,shape_wc,xright_center,Fz,6.49847414
A_Task-2,5,shape_wc,xright_center,F3,4.89081147
A_Task-2,5,shape_wc,xright_center,F4,7.53389477
A_Task-2,5,shape_wc,intercept,Fz,17.1754388
A_Task-2,5,shape_wc,intercept,F3,22.8972858
A_Task-2,5,shape_wc,intercept,F4,23.3409641
A_Task-2,5,shape_wc,linear_trend,Fz,43.9933061
A_Task-2,5,shape_wc,linear_trend,F3,42.2010363
A_Task-2,5,shape_wc,linear_trend,F4,55.9517252
A_Task-2,5,shape_blind,xleft_outer,Fz,-5.44250271
A_Task-2,5,shape_blind,xleft_outer,F3,-5.20368582
A_Task-2,5,shape_blind,xleft_outer,F4,-6.46286167
A_Task-2,5,shape_blind,xleft_center,Fz,2.11816226
A_Task-2,5,shape_blind,xleft_center,F3,1.69334265
A_Task-2,5,shape_blind,xleft_center,F4,2.69978284
A_Task-2,5,shape_blind,xmiddle_outer,Fz,0.623810833
A_Task-2,5,shape_blind,xmiddle_outer,F3,0.481787937
A_Task-2,5,shape_blind,xmiddle_outer,F4,0.929880461
A_Task-2,5,shape_blind,xmiddle_center,Fz,4.8619471
A_Task-2,5,shape_blind,xmiddle_center,F3,3.66947195
A_Task-2,5,shape_blind,xmiddle_center,F4,6.19258698
A_Task-2,5,shape_blind,xright_outer,Fz,-5.44250271
A_Task-2,5,shape_blind,xright_outer,F3,-5.20368582
A_Task-2,5,shape_blind,xright_outer,F4,-6.46286167
A_Task-2,5,shape_blind,xright_center,Fz,2.11816226
A_Task-2,5,shape_blind,xright_center,F3,1.69334265
A_Task-2,5,shape_blind,xright_center,F4,2.69978284
A_Task-2,5,shape_blind,intercept,Fz,15.2422757
A_Task-2,5,shape_blind,intercept,F3,21.1019145
A_Task-2,5,shape_blind,intercept,F4,20.9851208
A_Task-2,5,shape_blind,linear_trend,Fz,45.0046425
A_Task-2,5,shape_blind,linear_trend,F3,43.2560188
A_Task-2,5,shape_blind,linear_trend,F4,57.1493534
A_Task-2,5,no_feedback,xleft_outer,Fz,-6.5381397
A_Task-2,5,no_feedback,xleft_outer,F3,-6.07874827
A_Task-2,5,no_feedback,xleft_outer,F4,-10.0589826
A_Task-2,5,no_feedback,xleft_center,Fz,9.3944082
A_Task-2,5,no_feedback,xleft_center,F3,7.31582199
A_Task-2,5,no_feedback,xleft_center,F4,13.1787472
A_Task-2,5,no_feedback,xmiddle_outer,Fz,-6.4719765
A_Task-2,5,no_feedback,xmiddle_outer,F3,-5.73546412
A_Task-2,5,no_feedback,xmiddle_outer,F4,-7.98106459
A_Task-2,5,no_feedback,xmiddle_center,Fz,-1.62259234
A_Task-2,5,no_feedback,xmiddle_center,F3,-1.72876142
A_Task-2,5,no_feedback,xmiddle_center,F4,-1.85118226
A_Task-2,5,no_feedback,xright_outer,Fz,-9.36348012
A_Task-2,5,no_feedback,xright_outer,F3,-7.77203696
A_Task-2,5,no_feedback,xright_outer,F4,-9.67491703
A_Task-2,5,no_feedback,xright_center,Fz,8.21642546
A_Task-2,5,no_feedback,xright_center,F3,6.36790018
A_Task-2,5,no_feedback,xright_center,F4,9.48210567
A_Task-2,5,no_feedback,intercept,Fz,21.3239233
A_Task-2,5,no_feedback,intercept,F3,26.2060134
A_Task-2,5,no_feedback,intercept,F4,28.6964892
A_Task-2,5,no_feedback,linear_trend,Fz,42.9780013
A_Task-2,5,no_feedback,linear_trend,F3,41.3716517
A_Task-2,5,no_feedback,linear_trend,F4,54.6166833
B_Task-1,1,shape_wc,xleft_outer,Fz,-0.294339738
B_Task-1,1,shape_wc,xleft_outer,F3,-1.47239846
B_Task-1,1,shape_wc,xleft_outer,F4,-0.454282731
B_Task-1,1,shape_wc,xleft_center,Fz,0.677407218
B_Task-1,1,shape_wc,xleft_center,F3,1.07322224
B_Task-1,1,shape_wc,xleft_center,F4,1.52449048
B_Task-1,1,shape_wc,xmiddle_outer,Fz,-1.58207476
B_Task-1,1,shape_wc,xmiddle_outer,F3,-2.30613264
B_Task-1,1,shape_wc,xmiddle_outer,F4,-1.55728816
B_Task-1,1,shape_wc,xmiddle_center,Fz,0.561966102
B_Task-1,1,shape_wc,xmiddle_center,F3,1.43632274
B_Task-1,1,shape_wc,xmiddle_center,F4,0.60194022
B_Task-1,1,shape_wc,xright_outer,Fz,-2.78093741
B_Task-1,1,shape_wc,xright_outer,F3,-3.01769662
B_Task-1,1,shape_wc,xright_outer,F4,-2.43065591
B_Task-1,1,shape_wc,xright_center,Fz,1.46565267
B_Task-1,1,shape_wc,xright_center,F3,2.29901046
B_Task-1,1,shape_wc,xright_center,F4,0.920644079
B_Task-1,1,shape_wc,intercept,Fz,8.21944885
B_Task-1,1,shape_wc,intercept,F3,0.864027805
B_Task-1,1,shape_wc,intercept,F4,3.72096817
B_Task-1,1,shape_wc,linear_trend,Fz,12.4166067
B_Task-1,1,shape_wc,linear_trend,F3,6.02352675
B_Task-1,1,shape_wc,linear_trend,F4,7.26849698
B_Task-1,1,shape_blind,xleft_outer,Fz,-1.19740643
B_Task-1,1,shape_blind,xleft_outer,F3,-1.87767017
B_Task-1,1,shape_blind,xleft_outer,F4,-1.04752314
B_Task-1,1,shape_blind,xleft_center,Fz,0.113750206
B_Task-1,1,shape_blind,xleft_center,F3,0.541465148
B_Task-1,1,shape_blind,xleft_center,F4,0.138521653
B_Task-1,1,shape_blind,xmiddle_outer,Fz,-0.167846402
B_Task-1,1,shape_blind,xmiddle_outer,F3,-0.0429496705
B_Task-1,1,shape_blind,xmiddle_outer,F4,-0.0430541301
B_Task-1,1,shape_blind,xmiddle_center,Fz,0.814448651
B_Task-1,1,shape_blind,xmiddle_center,F3,1.39995133
B_Task-1,1,shape_blind,xmiddle_center,F4,0.898444866
B_Task-1,1,shape_blind,xright_outer,Fz,-1.19740643
B_Task-1,1,shape_blind,xright_outer,F3,-1.87767017
B_Task-1,1,shape_blind,xright_outer,F4,-1.04752314
B_Task-1,1,shape_blind,xright_center,Fz,0.113750206
B_Task-1,1,shape_blind,xright_center,F3,0.541465148
B_Task-1,1,shape_blind,xright_center,F4,0.138521653
B_Task-1,1,shape_blind,intercept,Fz,7.8164828
B_Task-1,1,shape_blind,intercept,F3,0.263150547
B_Task-1,1,shape_blind,intercept,F4,3.31864919
B_Task-1,1,shape_blind,linear_trend,Fz,12.6175137
B_Task-1,1,shape_blind,linear_trend,F3,6.34522227
B_Task-1,1,shape_blind,linear_trend,F4,7.454062
B_Task-1,1,no_feedback,xleft_outer,Fz,-0.230089194
B_Task-1,1,no_feedback,xleft_outer,F3,-0.805044808
B_Task-1,1,no_feedback,xleft_outer,F4,-1.99428363
B_Task-1,1,no_feedback,xleft_center,Fz,1.94894139
B_Task-1,1,no_feedback,xleft_center,F3,1.13177022
B_Task-1,1,no_feedback,xleft_center,F4,3.84768998
B_Task-1,1,no_feedback,xmiddle_outer,Fz,-1.34169671
B_Task-1,1,no_feedback,xmiddle_outer,F3,-1.98007967
B_Task-1,1,no_feedback,xmiddle_outer,F4,-1.37731522
B_Task-1,1,no_feedback,xmiddle_center,Fz,-0.449658938
B_Task-1,1,no_feedback,xmiddle_center,F3,-0.615756715
B_Task-1,1,no_feedback,xmiddle_center,F4,-0.372700227
B_Task-1,1,no_feedback,xright_outer,Fz,-2.98188891
B_Task-1,1,no_feedback,xright_outer,F3,-3.96208899
B_Task-1,1,no_feedback,xright_outer,F4,-1.37862441
B_Task-1,1,no_feedback,xright_center,Fz,0.971966096
B_Task-1,1,no_feedback,xright_center,F3,3.52992017
B_Task-1,1,no_feedback,xright_center,F4,-0.314930523
B_Task-1,1,no_feedback,intercept,Fz,8.69005329
B_Task-1,1,no_feedback,intercept,F3,1.87557331
B_Task-1,1,no_feedback,intercept,F4,4.34815992
B_Task-1,1,no_feedback,linear_trend,Fz,12.5630595
B_Task-1,1,no_feedback,linear_trend,F3,5.85952506
B_Task-1,1,no_feedback,linear_trend,F4,7.37443328
B_Task-1,2,shape_wc,xleft_outer,Fz,0.0693101924
B_Task-1,2,shape_wc,xleft_outer,F3,-1.35734011
B_Task-1,2,shape_wc,xleft_outer,F4,-0.359509107
B_Task-1,2,shape_wc,xleft_center,Fz,0.282039761
B_Task-1,2,shape_wc,xleft_center,F3,0.813086154
B_Task-1,2,shape_wc,xleft_center,F4,1.31944856
B_Task-1,2,shape_wc,xmiddle_outer,Fz,-1.12572885
B_Task-1,2,shape_wc,xmiddle_outer,F3,-1.98386595
B_Task-1,2,shape_wc,xmiddle_outer,F4,-1.37324873
B_Task-1,2,shape_wc,xmiddle_center,Fz,0.421329964
B_Task-1,2,shape_wc,xmiddle_center,F3,1.35901923
B_Task-1,2,shape_wc,xmiddle_center,F4,0.72978141
B_Task-1,2,shape_wc,xright_outer,Fz,-2.36156594
B_Task-1,2,shape_wc,xright_outer,F3,-2.65881184
B_Task-1,2,shape_wc,xright_outer,F4,-2.34336201
B_Task-1,2,shape_wc,xright_center,Fz,1.48418631
B_Task-1,2,shape_wc,xright_center,F3,2.40590296
B_Task-1,2,shape_wc,xright_center,F4,1.6394105
B_Task-1,2,shape_wc,intercept,Fz,6.75671378
B_Task-1,2,shape_wc,intercept,F3,-0.470442317
B_Task-1,2,shape_wc,intercept,F4,2.44709703
B_Task-1,2,shape_wc,linear_trend,Fz,8.82745097
B_Task-1,2,shape_wc,linear_trend,F3,6.16788877
B_Task-1,2,shape_wc,linear_trend,F4,6.95769212
B_Task-1,2,shape_blind,xleft_outer,Fz,-0.87157807
B_Task-1,2,shape_blind,xleft_outer,F3,-1.67736864
B_Task-1,2,shape_blind,xleft_outer,F4,-0.918657847
B_Task-1,2,shape_blind,xleft_center,Fz,0.128605234
B_Task-1,2,shape_blind,xleft_center,F3,0.586882699
B_Task-1,2,shape_blind,xleft_center,F4,0.32171164
B_Task-1,2,shape_blind,xmiddle_outer,Fz,-0.147104194
B_Task-1,2,shape_blind,xmiddle_outer,F3,-0.0594975173
B_Task-1,2,shape_blind,xmiddle_outer,F4,0.00920327458
B_Task-1,2,shape_blind,xmiddle_center,Fz,0.695349734
B_Task-1,2,shape_blind,xmiddle_center,F3,1.38289933
B_Task-1,2,shape_blind,xmiddle_center,F4,1.15800259
B_Task-1,2,shape_blind,xright_outer,Fz,-0.87157807
B_Task-1,2,shape_blind,xright_outer,F3,-1.67736864
B_Task-1,2,shape_blind,xright_outer,F4,-0.918657847
B_Task-1,2,shape_blind,xright_center,Fz,0.128605234
B_Task-1,2,shape_blind,xright_center,F3,0.586882699
B_Task-1,2,shape_blind,xright_center,F4,0.32171164
B_Task-1,2,shape_blind,intercept,Fz,6.47614617
B_Task-1,2,shape_blind,intercept,F3,-0.980102342
B_Task-1,2,shape_blind,intercept,F4,2.10079617
B_Task-1,2,shape_blind,linear_trend,Fz,8.9522122
B_Task-1,2,shape_blind,linear_trend,F3,6.42620621
B_Task-1,2,shape_blind,linear_trend,F4,7.07762278
B_Task-1,2,no_feedback,xleft_outer,Fz,0.54218397
B_Task-1,2,no_feedback,xleft_outer,F3,-0.231155554
B_Task-1,2,no_feedback,xleft_outer,F4,-0.976851954
B_Task-1,2,no_feedback,xleft_center,Fz,1.60357956
B_Task-1,2,no_feedback,xleft_center,F3,0.638687645
B_Task-1,2,no_feedback,xleft_center,F4,3.12098971
B_Task-1,2,no_feedback,xmiddle_outer,Fz,-0.969906446
B_Task-1,2,no_feedback,xmiddle_outer,F3,-1.71818662
B_Task-1,2,no_feedback,xmiddle_outer,F4,-1.28784818
B_Task-1,2,no_feedback,xmiddle_center,Fz,-0.301961129
B_Task-1,2,no_feedback,xmiddle_center,F3,-0.509398655
B_Task-1,2,no_feedback,xmiddle_center,F4,-0.23836634
B_Task-1,2,no_feedback,xright_outer,Fz,-2.88214697
B_Task-1,2,no_feedback,xright_outer,F3,-3.9216356
B_Task-1,2,no_feedback,xright_outer,F4,-2.2641132
B_Task-1,2,no_feedback,xright_center,Fz,0.680514238
B_Task-1,2,no_feedback,xright_center,F3,3.61705211
B_Task-1,2,no_feedback,xright_center,F4,0.935963803
B_Task-1,2,no_feedback,intercept,Fz,7.12651098
B_Task-1,2,no_feedback,intercept,F3,0.479203216
B_Task-1,2,no_feedback,intercept,F4,3.24007074
B_Task-1,2,no_feedback,linear_trend,Fz,8.91757396
B_Task-1,2,no_feedback,linear_trend,F3,5.94695622
B_Task-1,2,no_feedback,linear_trend,F4,6.92360779
B_Task-1,3,shape_wc,xleft_outer,Fz,-0.410211497
B_Task-1,3,shape_wc,xleft_outer,F3,-1.94537863
B_Task-1,3,shape_wc,xleft_outer,F4,-0.830547237
B_Task-1,3,shape_wc,xleft_center,Fz,0.580591901
B_Task-1,3,shape_wc,xleft_center,F3,1.28355615
B_Task-1,3,shape_wc,xleft_center,F4,1.14748091
B_Task-1,3,shape_wc,xmiddle_outer,Fz,-1.17534421
B_Task-1,3,shape_wc,xmiddle_outer,F3,-2.05952278
B_Task-1,3,shape_wc,xmiddle_outer,F4,-1.05750997
B_Task-1,3,shape_wc,xmiddle_center,Fz,0.153116859
B_Task-1,3,shape_wc,xmiddle_center,F3,1.38412967
B_Task-1,3,shape_wc,xmiddle_center,F4,0.366632313
B_Task-1,3,shape_wc,xright_outer,Fz,-1.7113224
B_Task-1,3,shape_wc,xright_outer,F3,-2.1185078
B_Task-1,3,shape_wc,xright_outer,F4,-1.11778511
B_Task-1,3,shape_wc,xright_center,Fz,0.566302184
B_Task-1,3,shape_wc,xright_center,F3,2.84242117
B_Task-1,3,shape_wc,xright_center,F4,1.56521583
B_Task-1,3,shape_wc,intercept,Fz,7.20013963
B_Task-1,3,shape_wc,intercept,F3,-7.76845115
B_Task-1,3,shape_wc,intercept,F4,-5.09587707
B_Task-1,3,shape_wc,linear_trend,Fz,13.0542477
B_Task-1,3,shape_wc,linear_trend,F3,2.59670585
B_Task-1,3,shape_wc,linear_trend,F4,1.02660329
B_Task-1,3,shape_blind,xleft_outer,Fz,-0.804527644
B_Task-1,3,shape_blind,xleft_outer,F3,-1.52554265
B_Task-1,3,shape_blind,xleft_outer,F4,-0.492619956
B_Task-1,3,shape_blind,xleft_center,Fz,-0.130597004
B_Task-1,3,shape_blind,xleft_center,F3,0.630322969
B_Task-1,3,shape_blind,xleft_center,F4,0.139635184
B_Task-1,3,shape_blind,xmiddle_outer,Fz,-0.159952947
B_Task-1,3,shape_blind,xmiddle_outer,F3,0.0622847829
B_Task-1,3,shape_blind,xmiddle_outer,F4,0.0609715017
B_Task-1,3,shape_blind,xmiddle_center,Fz,0.357516262
B_Task-1,3,shape_blind,xmiddle_center,F3,1.68601874
B_Task-1,3,shape_blind,xmiddle_center,F4,0.978903091
B_Task-1,3,shape_blind,xright_outer,Fz,-0.804527644
B_Task-1,3,shape_blind,xright_outer,F3,-1.52554265
B_Task-1,3,shape_blind,xright_outer,F4,-0.492619956
B_Task-1,3,shape_blind,xright_center,Fz,-0.130597004
B_Task-1,3,shape_blind,xright_center,F3,0.630322969
B_Task-1,3,shape_blind,xright_center,F4,0.139635184
B_Task-1,3,shape_blind,intercept,Fz,6.89741787
B_Task-1,3,shape_blind,intercept,F3,-8.29606929
B_Task-1,3,shape_blind,intercept,F4,-5.36021932
B_Task-1,3,shape_blind,linear_trend,Fz,13.2180494
B_Task-1,3,shape_blind,linear_trend,F3,2.8165156
B_Task-1,3,shape_blind,linear_trend,F4,1.08108481
B_Task-1,3,no_feedback,xleft_outer,Fz,-0.979414086
B_Task-1,3,no_feedback,xleft_outer,F3,-0.576147949
B_Task-1,3,no_feedback,xleft_outer,F4,-0.734084923
B_Task-1,3,no_feedback,xleft_center,Fz,2.5083421
B_Task-1,3,no_feedback,xleft_center,F3,0.567950184
B_Task-1,3,no_feedback,xleft_center,F4,1.4646281
B_Task-1,3,no_feedback,xmiddle_outer,Fz,-0.964375774
B_Task-1,3,no_feedback,xmiddle_outer,F3,-1.88854882
B_Task-1,3,no_feedback,xmiddle_outer,F4,-1.05593456
B_Task-1,3,no_feedback,xmiddle_center,Fz,-0.375500446
B_Task-1,3,no_feedback,xmiddle_center,F3,-0.401613498
B_Task-1,3,no_feedback,xmiddle_center,F4,-0.103576272
B_Task-1,3,no_feedback,xright_outer,Fz,-1.29172713
B_Task-1,3,no_feedback,xright_outer,F3,-4.12502711
B_Task-1,3,no_feedback,xright_outer,F4,-2.00717371
B_Task-1,3,no_feedback,xright_center,Fz,-0.791162767
B_Task-1,3,no_feedback,xright_center,F3,5.08384505
B_Task-1,3,no_feedback,xright_center,F4,2.39798903
B_Task-1,3,no_feedback,intercept,Fz,7.37860423
B_Task-1,3,no_feedback,intercept,F3,-6.54597973
B_Task-1,3,no_feedback,intercept,F4,-4.40414478
B_Task-1,3,no_feedback,linear_trend,Fz,13.3225316
B_Task-1,3,no_feedback,linear_trend,F3,2.3724799
B_Task-1,3,no_feedback,linear_trend,F4,1.105276
B_Task-1,4,shape_wc,xleft_outer,Fz,-0.00865373704
B_Task-1,4,shape_wc,xleft_outer,F3,-2.22249554
B_Task-1,4,shape_wc,xleft_outer,F4,-0.999037676
B_Task-1,4,shape_wc,xleft_center,Fz,0.214632947
B_Task-1,4,shape_wc,xleft_center,F3,1.97392633
B_Task-1,4,shape_wc,xleft_center,F4,2.46179223
B_Task-1,4,shape_wc,xmiddle_outer,Fz,-0.893493279
B_Task-1,4,shape_wc,xmiddle_outer,F3,-2.40431375
B_Task-1,4,shape_wc,xmiddle_outer,F4,-1.6017988
B_Task-1,4,shape_wc,xmiddle_center,Fz,0.0269622023
B_Task-1,4,shape_wc,xmiddle_center,F3,1.79990317
B_Task-1,4,shape_wc,xmiddle_center,F4,0.922141903
B_Task-1,4,shape_wc,xright_outer,Fz,-1.82382158
B_Task-1,4,shape_wc,xright_outer,F3,-2.67178863
B_Task-1,4,shape_wc,xright_outer,F4,-2.20626599
B_Task-1,4,shape_wc,xright_center,Fz,1.14210793
B_Task-1,4,shape_wc,xright_center,F3,3.46255246
B_Task-1,4,shape_wc,xright_center,F4,1.50747616
B_Task-1,4,shape_wc,intercept,Fz,10.937734
B_Task-1,4,shape_wc,intercept,F3,-9.66361366
B_Task-1,4,shape_wc,intercept,F4,-2.65605168
B_Task-1,4,shape_wc,linear_trend,Fz,14.903187
B_Task-1,4,shape_wc,linear_trend,F3,1.67964789
B_Task-1,4,shape_wc,linear_trend,F4,2.68070637
B_Task-1,4,shape_blind,xleft_outer,Fz,-0.620207373
B_Task-1,4,shape_blind,xleft_outer,F3,-1.80182813
B_Task-1,4,shape_blind,xleft_outer,F4,-1.02422922
B_Task-1,4,shape_blind,xleft_center,Fz,-0.0760731426
B_Task-1,4,shape_blind,xleft_center,F3,0.913946895
B_Task-1,4,shape_blind,xleft_center,F4,0.463943515
B_Task-1,4,shape_blind,xmiddle_outer,Fz,-0.229979701
B_Task-1,4,shape_blind,xmiddle_outer,F3,0.0973444192
B_Task-1,4,shape_blind,xmiddle_outer,F4,0.0404116139
B_Task-1,4,shape_blind,xmiddle_center,Fz,0.484644702
B_Task-1,4,shape_blind,xmiddle_center,F3,2.26621889
B_Task-1,4,shape_blind,xmiddle_center,F4,1.56949671
B_Task-1,4,shape_blind,xright_outer,Fz,-0.620207373
B_Task-1,4,shape_blind,xright_outer,F3,-1.80182813
B_Task-1,4,shape_blind,xright_outer,F4,-1.02422922
B_Task-1,4,shape_blind,xright_center,Fz,-0.0760731426
B_Task-1,4,shape_blind,xright_center,F3,0.913946895
B_Task-1,4,shape_blind,xright_center,F4,0.463943515
B_Task-1,4,shape_blind,intercept,Fz,10.7247687
B_Task-1,4,shape_blind,intercept,F3,-10.2718616
B_Task-1,4,shape_blind,intercept,F4,-3.05396873
B_Task-1,4,shape_blind,linear_trend,Fz,14.9804024
B_Task-1,4,shape_blind,linear_trend,F3,1.9032365
B_Task-1,4,shape_blind,linear_trend,F4,2.78896752
B_Task-1,4,no_feedback,xleft_outer,Fz,0.36536956
B_Task-1,4,no_feedback,xleft_outer,F3,-1.19951979
B_Task-1,4,no_feedback,xleft_outer,F4,-2.96126196
B_Task-1,4,no_feedback,xleft_center,Fz,1.1664578
B_Task-1,4,no_feedback,xleft_center,F3,1.63660462
B_Task-1,4,no_feedback,xleft_center,F4,5.48414788
B_Task-1,4,no_feedback,xmiddle_outer,Fz,-0.757180317
B_Task-1,4,no_feedback,xmiddle_outer,F3,-2.25376736
B_Task-1,4,no_feedback,xmiddle_outer,F4,-1.54696427
B_Task-1,4,no_feedback,xmiddle_center,Fz,-0.254486846
B_Task-1,4,no_feedback,xmiddle_center,F3,-0.405001954
B_Task-1,4,no_feedback,xmiddle_center,F4,-0.216161685
B_Task-1,4,no_feedback,xright_outer,Fz,-2.18147649
B_Task-1,4,no_feedback,xright_outer,F3,-4.46776671
B_Task-1,4,no_feedback,xright_outer,F4,-0.987809551
B_Task-1,4,no_feedback,xright_center,Fz,0.492969943
B_Task-1,4,no_feedback,xright_center,F3,5.6346284
B_Task-1,4,no_feedback,xright_center,F4,-0.132487186
B_Task-1,4,no_feedback,intercept,Fz,11.0813037
B_Task-1,4,no_feedback,intercept,F3,-8.04966776
B_Task-1,4,no_feedback,intercept,F4,-1.58557694
B_Task-1,4,no_feedback,linear_trend,Fz,15.1513905
B_Task-1,4,no_feedback,linear_trend,F3,1.29564753
B_Task-1,4,no_feedback,linear_trend,F4,2.58088329
B_Task-1,5,shape_wc,xleft_outer,Fz,0.300898846
B_Task-1,5,shape_wc,xleft_outer,F3,-1.07584804
B_Task-1,5,shape_wc,xleft_outer,F4,-0.224855034
B_Task-1,5,shape_wc,xleft_center,Fz,-0.155064772
B_Task-1,5,shape_wc,xleft_center,F3,1.3552288
B_Task-1,5,shape_wc,xleft_center,F4,2.13945893
B_Task-1,5,shape_wc,xmiddle_outer,Fz,-0.690320477
B_Task-1,5,shape_wc,xmiddle_outer,F3,-2.15327048
B_Task-1,5,shape_wc,xmiddle_outer,F4,-1.52173452
B_Task-1,5,shape_wc,xmiddle_center,Fz,-0.0201331537
B_Task-1,5,shape_wc,xmiddle_center,F3,1.56550882
B_Task-1,5,shape_wc,xmiddle_center,F4,0.839165049
B_Task-1,5,shape_wc,xright_outer,Fz,-1.5948879
B_Task-1,5,shape_wc,xright_outer,F3,-3.22242188
B_Task-1,5,shape_wc,xright_outer,F4,-2.60660767
B_Task-1,5,shape_wc,xright_center,Fz,1.21760422
B_Task-1,5,shape_wc,xright_center,F3,3.16575028
B_Task-1,5,shape_wc,xright_center,F4,1.33917525
B_Task-1,5,shape_wc,intercept,Fz,7.28007122
B_Task-1,5,shape_wc,intercept,F3,-4.89595178
B_Task-1,5,shape_wc,intercept,F4,0.152048718
B_Task-1,5,shape_wc,linear_trend,Fz,8.86071712
B_Task-1,5,shape_wc,linear_trend,F3,5.86181924
B_Task-1,5,shape_wc,linear_trend,F4,5.50924017
B_Task-1,5,shape_blind,xleft_outer,Fz,-0.395460721
B_Task-1,5,shape_blind,xleft_outer,F3,-1.61807493
B_Task-1,5,shape_blind,xleft_outer,F4,-0.89595977
B_Task-1,5,shape_blind,xleft_center,Fz,-0.104040225
B_Task-1,5,shape_blind,xleft_center,F3,0.751407329
B_Task-1,5,shape_blind,xleft_center,F4,0.359750073
B_Task-1,5,shape_blind,xmiddle_outer,Fz,-0.114304332
B_Task-1,5,shape_blind,xmiddle_outer,F3,0.0919058168
B_Task-1,5,shape_blind,xmiddle_outer,F4,0.124085024
B_Task-1,5,shape_blind,xmiddle_center,Fz,0.338076612
B_Task-1,5,shape_blind,xmiddle_center,F3,1.87284376
B_Task-1,5,shape_blind,xmiddle_center,F4,1.32365144
B_Task-1,5,shape_blind,xright_outer,Fz,-0.395460721
B_Task-1,5,shape_blind,xright_outer,F3,-1.61807493
B_Task-1,5,shape_blind,xright_outer,F4,-0.89595977
B_Task-1,5,shape_blind,xright_center,Fz,-0.104040225
B_Task-1,5,shape_blind,xright_center,F3,0.751407329
B_Task-1,5,shape_blind,xright_center,F4,0.359750073
B_Task-1,5,shape_blind,intercept,Fz,7.10991567
B_Task-1,5,shape_blind,intercept,F3,-5.44657052
B_Task-1,5,shape_blind,intercept,F4,-0.238298049
B_Task-1,5,shape_blind,linear_trend,Fz,8.9222489
B_Task-1,5,shape_blind,linear_trend,F3,6.08491714
B_Task-1,5,shape_blind,linear_trend,F4,5.63766503
B_Task-1,5,no_feedback,xleft_outer,Fz,1.06270226
B_Task-1,5,no_feedback,xleft_outer,F3,-0.25933151
B_Task-1,5,no_feedback,xleft_outer,F4,-2.52289876
B_Task-1,5,no_feedback,xleft_center,Fz,0.132417389
B_Task-1,5,no_feedback,xleft_center,F3,2.00609275
B_Task-1,5,no_feedback,xleft_center,F4,6.0329816
B_Task-1,5,no_feedback,xmiddle_outer,Fz,-0.607785476
B_Task-1,5,no_feedback,xmiddle_outer,F3,-1.9925554
B_Task-1,5,no_feedback,xmiddle_outer,F4,-1.46992772
B_Task-1,5,no_feedback,xmiddle_center,Fz,-0.173550594
B_Task-1,5,no_feedback,xmiddle_center,F3,-0.39773304
B_Task-1,5,no_feedback,xmiddle_center,F4,-0.211176633
B_Task-1,5,no_feedback,xright_outer,Fz,-2.54932279
B_Task-1,5,no_feedback,xright_outer,F3,-4.71941224
B_Task-1,5,no_feedback,xright_outer,F4,-1.22825966
B_Task-1,5,no_feedback,xright_center,Fz,1.35386413
B_Task-1,5,no_feedback,xright_center,F3,4.14519096
B_Task-1,5,no_feedback,xright_center,F4,-1.04541432
B_Task-1,5,no_feedback,intercept,Fz,7.42446511
B_Task-1,5,no_feedback,intercept,F3,-3.53056591
B_Task-1,5,no_feedback,intercept,F4,1.15732637
B_Task-1,5,no_feedback,linear_trend,Fz,9.08291267
B_Task-1,5,no_feedback,linear_trend,F3,5.55481922
B_Task-1,5,no_feedback,linear_trend,F4,5.44654581
B_Task-2,1,shape_wc,xleft_outer,Fz,-7.50275145
B_Task-2,1,shape_wc,xleft_outer,F3,-6.11238624
B_Task-2,1,shape_wc,xleft_outer,F4,-9.83237112
B_Task-2,1,shape_wc,xleft_center,Fz,5.97820308
B_Task-2,1,shape_wc,xleft_center,F3,4.16888027
B_Task-2,1,shape_wc,xleft_center,F4,7.44816498
B_Task-2,1,shape_wc,xmiddle_outer,Fz,-8.31616168
B_Task-2,1,shape_wc,xmiddle_outer,F3,-7.02262422
B_Task-2,1,shape_wc,xmiddle_outer,F4,-10.641747
B_Task-2,1,shape_wc,xmiddle_center,Fz,5.53048166
B_Task-2,1,shape_wc,xmiddle_center,F3,4.64167451
B_Task-2,1,shape_wc,xmiddle_center,F4,7.38868276
B_Task-2,1,shape_wc,xright_outer,Fz,-7.04068272
B_Task-2,1,shape_wc,xright_outer,F3,-6.20047733
B_Task-2,1,shape_wc,xright_outer,F4,-8.75945913
B_Task-2,1,shape_wc,xright_center,Fz,5.54528123
B_Task-2,1,shape_wc,xright_center,F3,4.74377541
B_Task-2,1,shape_wc,xright_center,F4,8.13745798
B_Task-2,1,shape_wc,intercept,Fz,12.6118787
B_Task-2,1,shape_wc,intercept,F3,4.34560997
B_Task-2,1,shape_wc,intercept,F4,11.1478481
B_Task-2,1,shape_wc,linear_trend,Fz,39.7744085
B_Task-2,1,shape_wc,linear_trend,F3,27.1675744
B_Task-2,1,shape_wc,linear_trend,F4,49.6220691
B_Task-2,1,shape_blind,xleft_outer,Fz,-6.0609492
B_Task-2,1,shape_blind,xleft_outer,F3,-5.28313111
B_Task-2,1,shape_blind,xleft_outer,F4,-7.67179746
B_Task-2,1,shape_blind,xleft_center,Fz,1.83015549
B_Task-2,1,shape_blind,xleft_center,F3,1.47634855
B_Task-2,1,shape_blind,xleft_center,F4,2.57361757
B_Task-2,1,shape_blind,xmiddle_outer,Fz,0.793979981
B_Task-2,1,shape_blind,xmiddle_outer,F3,0.575406394
B_Task-2,1,shape_blind,xmiddle_outer,F4,1.19968495
B_Task-2,1,shape_blind,xmiddle_center,Fz,4.48731509
B_Task-2,1,shape_blind,xmiddle_center,F3,3.49304377
B_Task-2,1,shape_blind,xmiddle_center,F4,6.10057298
B_Task-2,1,shape_blind,xright_outer,Fz,-6.0609492
B_Task-2,1,shape_blind,xright_outer,F3,-5.28313111
B_Task-2,1,shape_blind,xright_outer,F4,-7.67179746
B_Task-2,1,shape_blind,xright_center,Fz,1.83015549
B_Task-2,1,shape_blind,xright_center,F3,1.47634855
B_Task-2,1,shape_blind,xright_center,F4,2.57361757
B_Task-2,1,shape_blind,intercept,Fz,10.3508344
B_Task-2,1,shape_blind,intercept,F3,2.43164571
B_Task-2,1,shape_blind,intercept,F4,8.25162855
B_Task-2,1,shape_blind,linear_trend,Fz,41.0723344
B_Task-2,1,shape_blind,linear_trend,F3,28.3137752
B_Task-2,1,shape_blind,linear_trend,F4,51.2519029
B_Task-2,1,no_feedback,xleft_outer,Fz,-9.43848666
B_Task-2,1,no_feedback,xleft_outer,F3,-6.77349078
B_Task-2,1,no_feedback,xleft_outer,F4,-10.9005442
B_Task-2,1,no_feedback,xleft_center,Fz,9.59078494
B_Task-2,1,no_feedback,xleft_center,F3,5.92310127
B_Task-2,1,no_feedback,xleft_center,F4,9.64793758
B_Task-2,1,no_feedback,xmiddle_outer,Fz,-7.29089486
B_Task-2,1,no_feedback,xmiddle_outer,F3,-6.05627783
B_Task-2,1,no_feedback,xmiddle_outer,F4,-9.4300525
B_Task-2,1,no_feedback,xmiddle_center,Fz,-2.05040692
B_Task-2,1,no_feedback,xmiddle_center,F3,-1.84970442
B_Task-2,1,no_feedback,xmiddle_center,F4,-2.49755849
B_Task-2,1,no_feedback,xright_outer,Fz,-8.30433981
B_Task-2,1,no_feedback,xright_outer,F3,-7.84198624
B_Task-2,1,no_feedback,xright_outer,F4,-12.1740816
B_Task-2,1,no_feedback,xright_center,Fz,8.61684554
B_Task-2,1,no_feedback,xright_center,F3,8.26087353
B_Task-2,1,no_feedback,xright_center,F4,14.8910335
B_Task-2,1,no_feedback,intercept,Fz,16.856109
B_Task-2,1,no_feedback,intercept,F3,7.68602563
B_Task-2,1,no_feedback,intercept,F4,16.9444358
B_Task-2,1,no_feedback,linear_trend,Fz,38.9770919
B_Task-2,1,no_feedback,linear_trend,F3,26.5241358
B_Task-2,1,no_feedback,linear_trend,F4,48.4015559
B_Task-2,2,shape_wc,xleft_outer,Fz,-6.53011808
B_Task-2,2,shape_wc,xleft_outer,F3,-4.66994276
B_Task-2,2,shape_wc,xleft_outer,F4,-8.16996474
B_Task-2,2,shape_wc,xleft_center,Fz,5.51656964
B_Task-2,2,shape_wc,xleft_center,F3,3.9668023
B_Task-2,2,shape_wc,xleft_center,F4,6.80874662
B_Task-2,2,shape_wc,xmiddle_outer,Fz,-7.70857964
B_Task-2,2,shape_wc,xmiddle_outer,F3,-6.20970028
B_Task-2,2,shape_wc,xmiddle_outer,F4,-9.63398306
B_Task-2,2,shape_wc,xmiddle_center,Fz,4.9801976
B_Task-2,2,shape_wc,xmiddle_center,F3,3.88445342
B_Task-2,2,shape_wc,xmiddle_center,F4,6.58297096
B_Task-2,2,shape_wc,xright_outer,Fz,-7.16464663
B_Task-2,2,shape_wc,xright_outer,F3,-6.34631569
B_Task-2,2,shape_wc,xright_outer,F4,-8.85990929
B_Task-2,2,shape_wc,xright_center,Fz,5.62858329
B_Task-2,2,shape_wc,xright_center,F3,4.23692892
B_Task-2,2,shape_wc,xright_center,F4,7.83193755
B_Task-2,2,shape_wc,intercept,Fz,13.1466233
B_Task-2,2,shape_wc,intercept,F3,9.02607344
B_Task-2,2,shape_wc,intercept,F4,14.2085743
B_Task-2,2,shape_wc,linear_trend,Fz,39.3546572
B_Task-2,2,shape_wc,linear_trend,F3,28.597817
B_Task-2,2,shape_wc,linear_trend,F4,48.3731575
B_Task-2,2,shape_blind,xleft_outer,Fz,-5.61242519
B_Task-2,2,shape_blind,xleft_outer,F3,-4.62272416
B_Task-2,2,shape_blind,xleft_outer,F4,-6.92975741
B_Task-2,2,shape_blind,xleft_center,Fz,1.68422271
B_Task-2,2,shape_blind,xleft_center,F3,1.22579492
B_Task-2,2,shape_blind,xleft_center,F4,2.34317156
B_Task-2,2,shape_blind,xmiddle_outer,Fz,0.615283087
B_Task-2,2,shape_blind,xmiddle_outer,F3,0.39641488
B_Task-2,2,shape_blind,xmiddle_outer,F4,0.992671578
B_Task-2,2,shape_blind,xmiddle_center,Fz,4.35075421
B_Task-2,2,shape_blind,xmiddle_center,F3,3.19629144
B_Task-2,2,shape_blind,xmiddle_center,F4,5.74212422
B_Task-2,2,shape_blind,xright_outer,Fz,-5.61242519
B_Task-2,2,shape_blind,xright_outer,F3,-4.62272416
B_Task-2,2,shape_blind,xright_outer,F4,-6.92975741
B_Task-2,2,shape_blind,xright_center,Fz,1.68422271
B_Task-2,2,shape_blind,xright_center,F3,1.22579492
B_Task-2,2,shape_blind,xright_center,F4,2.34317156
B_Task-2,2,shape_blind,intercept,Fz,11.0690892
B_Task-2,2,shape_blind,intercept,F3,7.34894777
B_Task-2,2,shape_blind,intercept,F4,11.6035596
B_Task-2,2,shape_blind,linear_trend,Fz,40.5077541
B_Task-2,2,shape_blind,linear_trend,F3,29.5683106
B_Task-2,2,shape_blind,linear_trend,F4,49.798036
B_Task-2,2,no_feedback,xleft_outer,Fz,-8.00981569
B_Task-2,2,no_feedback,xleft_outer,F3,-6.0777168
B_Task-2,2,no_feedback,xleft_outer,F4,-9.26846056
B_Task-2,2,no_feedback,xleft_center,Fz,8.70363822
B_Task-2,2,no_feedback,xleft_center,F3,6.87101086
B_Task-2,2,no_feedback,xleft_center,F4,9.5772141
B_Task-2,2,no_feedback,xmiddle_outer,Fz,-6.78100277
B_Task-2,2,no_feedback,xmiddle_outer,F3,-5.37298185
B_Task-2,2,no_feedback,xmiddle_outer,F4,-8.56939604
B_Task-2,2,no_feedback,xmiddle_center,Fz,-1.87220945
B_Task-2,2,no_feedback,xmiddle_center,F3,-1.61535057
B_Task-2,2,no_feedback,xmiddle_center,F4,-2.22027223
B_Task-2,2,no_feedback,xright_outer,Fz,-8.52166363
B_Task-2,2,no_feedback,xright_outer,F3,-6.91255045
B_Task-2,2,no_feedback,xright_outer,F4,-11.7413932
B_Task-2,2,no_feedback,xright_center,Fz,8.50409786
B_Task-2,2,no_feedback,xright_center,F3,5.90616017
B_Task-2,2,no_feedback,xright_center,F4,13.0872482
B_Task-2,2,no_feedback,intercept,Fz,17.0596222
B_Task-2,2,no_feedback,intercept,F3,11.9222638
B_Task-2,2,no_feedback,intercept,F4,19.4757664
B_Task-2,2,no_feedback,linear_trend,Fz,38.697427
B_Task-2,2,no_feedback,linear_trend,F3,28.1543681
B_Task-2,2,no_feedback,linear_trend,F4,47.324714
B_Task-2,3,shape_wc,xleft_outer,Fz,-6.26597083
B_Task-2,3,shape_wc,xleft_outer,F3,-5.07097203
B_Task-2,3,shape_wc,xleft_outer,F4,-8.0043796
B_Task-2,3,shape_wc,xleft_center,Fz,5.26259656
B_Task-2,3,shape_wc,xleft_center,F3,3.35802901
B_Task-2,3,shape_wc,xleft_center,F4,6.70048877
B_Task-2,3,shape_wc,xmiddle_outer,Fz,-7.29155334
B_Task-2,3,shape_wc,xmiddle_outer,F3,-5.92539187
B_Task-2,3,shape_wc,xmiddle_outer,F4,-9.3175961
B_Task-2,3,shape_wc,xmiddle_center,Fz,4.80696191
B_Task-2,3,shape_wc,xmiddle_center,F3,3.76561124
B_Task-2,3,shape_wc,xmiddle_center,F4,6.42131702
B_Task-2,3,shape_wc,xright_outer,Fz,-6.75877881
B_Task-2,3,shape_wc,xright_outer,F3,-5.52686076
B_Task-2,3,shape_wc,xright_outer,F4,-8.5561244
B_Task-2,3,shape_wc,xright_center,Fz,5.2736105
B_Task-2,3,shape_wc,xright_center,F3,4.50250894
B_Task-2,3,shape_wc,xright_center,F4,7.29826059
B_Task-2,3,shape_wc,intercept,Fz,11.3323372
B_Task-2,3,shape_wc,intercept,F3,8.29556452
B_Task-2,3,shape_wc,intercept,F4,12.1894967
B_Task-2,3,shape_wc,linear_trend,Fz,36.5620841
B_Task-2,3,shape_wc,linear_trend,F3,27.6852474
B_Task-2,3,shape_wc,linear_trend,F4,46.5392377
B_Task-2,3,shape_blind,xleft_outer,Fz,-5.37658787
B_Task-2,3,shape_blind,xleft_outer,F3,-4.47159861
B_Task-2,3,shape_blind,xleft_outer,F4,-6.79801665
B_Task-2,3,shape_blind,xleft_center,Fz,1.65913897
B_Task-2,3,shape_blind,xleft_center,F3,1.22201454
B_Task-2,3,shape_blind,xleft_center,F4,2.29959192
B_Task-2,3,shape_blind,xmiddle_outer,Fz,0.575591617
B_Task-2,3,shape_blind,xmiddle_outer,F3,0.358346175
B_Task-2,3,shape_blind,xmiddle_outer,F4,0.916803498
B_Task-2,3,shape_blind,xmiddle_center,Fz,4.14677821
B_Task-2,3,shape_blind,xmiddle_center,F3,3.08938276
B_Task-2,3,shape_blind,xmiddle_center,F4,5.52585342
B_Task-2,3,shape_blind,xright_outer,Fz,-5.37658787
B_Task-2,3,shape_blind,xright_outer,F3,-4.47159861
B_Task-2,3,shape_blind,xright_outer,F4,-6.79801665
B_Task-2,3,shape_blind,xright_center,Fz,1.65913897
B_Task-2,3,shape_blind,xright_center,F3,1.22201454
B_Task-2,3,shape_blind,xright_center,F4,2.29959192
B_Task-2,3,shape_blind,intercept,Fz,9.36765276
B_Task-2,3,shape_blind,intercept,F3,6.69721657
B_Task-2,3,shape_blind,intercept,F4,9.67165174
B_Task-2,3,shape_blind,linear_trend,Fz,37.6574741
B_Task-2,3,shape_blind,linear_trend,F3,28.611058
B_Task-2,3,shape_blind,linear_trend,F4,47.9276159
B_Task-2,3,no_feedback,xleft_outer,Fz,-7.73028894
B_Task-2,3,no_feedback,xleft_outer,F3,-5.02464845
B_Task-2,3,no_feedback,xleft_outer,F4,-9.50470838
B_Task-2,3,no_feedback,xleft_center,Fz,8.71332996
B_Task-2,3,no_feedback,xleft_center,F3,4.32071897
B_Task-2,3,no_feedback,xleft_center,F4,9.7699969
B_Task-2,3,no_feedback,xmiddle_outer,Fz,-6.40100715
B_Task-2,3,no_feedback,xmiddle_outer,F3,-5.12045854
B_Task-2,3,no_feedback,xmiddle_outer,F4,-8.25335335
B_Task-2,3,no_feedback,xmiddle_center,Fz,-1.77987557
B_Task-2,3,no_feedback,xmiddle_center,F3,-1.54750524
B_Task-2,3,no_feedback,xmiddle_center,F4,-2.18171114
B_Task-2,3,no_feedback,xright_outer,Fz,-7.86278983
B_Task-2,3,no_feedback,xright_outer,F3,-7.34710205
B_Task-2,3,no_feedback,xright_outer,F4,-10.6928245
B_Task-2,3,no_feedback,xright_center,Fz,7.46062766
B_Task-2,3,no_feedback,xright_center,F3,7.81934382
B_Task-2,3,no_feedback,xright_center,F4,11.7957335
B_Task-2,3,no_feedback,intercept,Fz,15.0453517
B_Task-2,3,no_feedback,intercept,F3,11.060325
B_Task-2,3,no_feedback,intercept,F4,17.2284708
B_Task-2,3,no_feedback,linear_trend,Fz,35.8810207
B_Task-2,3,no_feedback,linear_trend,F3,27.230912
B_Task-2,3,no_feedback,linear_trend,F4,45.4926456
B_Task-2,4,shape_wc,xleft_outer,Fz,-7.77143841
B_Task-2,4,shape_wc,xleft_outer,F3,-5.83775658
B_Task-2,4,shape_wc,xleft_outer,F4,-9.99493141
B_Task-2,4,shape_wc,xleft_center,Fz,5.47596113
B_Task-2,4,shape_wc,xleft_center,F3,3.16324486
B_Task-2,4,shape_wc,xleft_center,F4,6.57177251
B_Task-2,4,shape_wc,xmiddle_outer,Fz,-8.42233874
B_Task-2,4,shape_wc,xmiddle_outer,F3,-6.83506723
B_Task-2,4,shape_wc,xmiddle_outer,F4,-10.7071689
B_Task-2,4,shape_wc,xmiddle_center,Fz,5.75932631
B_Task-2,4,shape_wc,xmiddle_center,F3,4.51592359
B_Task-2,4,shape_wc,xmiddle_center,F4,7.50339238
B_Task-2,4,shape_wc,xright_outer,Fz,-7.15370039
B_Task-2,4,shape_wc,xright_outer,F3,-6.20621242
B_Task-2,4,shape_wc,xright_outer,F4,-8.96160621
B_Task-2,4,shape_wc,xright_center,Fz,6.2499071
B_Task-2,4,shape_wc,xright_center,F3,5.26959084
B_Task-2,4,shape_wc,xright_center,F4,8.79395564
B_Task-2,4,shape_wc,intercept,Fz,14.7386828
B_Task-2,4,shape_wc,intercept,F3,14.7334913
B_Task-2,4,shape_wc,intercept,F4,16.8797346
B_Task-2,4,shape_wc,linear_trend,Fz,42.3051054
B_Task-2,4,shape_wc,linear_trend,F3,36.7989249
B_Task-2,4,shape_wc,linear_trend,F4,55.1061729
B_Task-2,4,shape_blind,xleft_outer,Fz,-6.28249619
B_Task-2,4,shape_blind,xleft_outer,F3,-5.22108791
B_Task-2,4,shape_blind,xleft_outer,F4,-7.93967343
B_Task-2,4,shape_blind,xleft_center,Fz,1.98017379
B_Task-2,4,shape_blind,xleft_center,F3,1.42820928
B_Task-2,4,shape_blind,xleft_center,F4,2.64863054
B_Task-2,4,shape_blind,xmiddle_outer,Fz,0.747966127
B_Task-2,4,shape_blind,xmiddle_outer,F3,0.503526517
B_Task-2,4,shape_blind,xmiddle_outer,F4,1.0598296
B_Task-2,4,shape_blind,xmiddle_center,Fz,4.64499883
B_Task-2,4,shape_blind,xmiddle_center,F3,3.32831488
B_Task-2,4,shape_blind,xmiddle_center,F4,6.10087921
B_Task-2,4,shape_blind,xright_outer,Fz,-6.28249619
B_Task-2,4,shape_blind,xright_outer,F3,-5.22108791
B_Task-2,4,shape_blind,xright_outer,F4,-7.93967343
B_Task-2,4,shape_blind,xright_center,Fz,1.98017379
B_Task-2,4,shape_blind,xright_center,F3,1.42820928
B_Task-2,4,shape_blind,xright_center,F4,2.64863054
B_Task-2,4,shape_blind,intercept,Fz,12.4553706
B_Task-2,4,shape_blind,intercept,F3,12.8723475
B_Task-2,4,shape_blind,intercept,F4,13.9747636
B_Task-2,4,shape_blind,linear_trend,Fz,43.6181408
B_Task-2,4,shape_blind,linear_trend,F3,37.9267216
B_Task-2,4,shape_blind,linear_trend,F4,56.7594741
B_Task-2,4,no_feedback,xleft_outer,Fz,-7.89112096
B_Task-2,4,no_feedback,xleft_outer,F3,-4.53469558
B_Task-2,4,no_feedback,xleft_outer,F4,-8.81141034
B_Task-2,4,no_feedback,xleft_center,Fz,7.59401566
B_Task-2,4,no_feedback,xleft_center,F3,3.2433731
B_Task-2,4,no_feedback,xleft_center,F4,6.87992273
B_Task-2,4,no_feedback,xmiddle_outer,Fz,-7.35822329
B_Task-2,4,no_feedback,xmiddle_outer,F3,-5.85658237
B_Task-2,4,no_feedback,xmiddle_outer,F4,-9.41200837
B_Task-2,4,no_feedback,xmiddle_center,Fz,-2.09811134
B_Task-2,4,no_feedback,xmiddle_center,F3,-1.8444178
B_Task-2,4,no_feedback,xmiddle_center,F4,-2.59680977
B_Task-2,4,no_feedback,xright_outer,Fz,-9.98623832
B_Task-2,4,no_feedback,xright_outer,F3,-9.55072743
B_Task-2,4,no_feedback,xright_outer,F4,-14.1266384
B_Task-2,4,no_feedback,xright_center,Fz,10.6527005
B_Task-2,4,no_feedback,xright_center,F3,10.1347092
B_Task-2,4,no_feedback,xright_center,F4,17.0147587
B_Task-2,4,no_feedback,intercept,Fz,19.0436883
B_Task-2,4,no_feedback,intercept,F3,17.8959452
B_Task-2,4,no_feedback,intercept,F4,22.5606311
B_Task-2,4,no_feedback,linear_trend,Fz,41.3967463
B_Task-2,4,no_feedback,linear_trend,F3,36.17587
B_Task-2,4,no_feedback,linear_trend,F4,53.8372787
B_Task-2,5,shape_wc,xleft_outer,Fz,-7.7515365
B_Task-2,5,shape_wc,xleft_outer,F3,-6.9574298
B_Task-2,5,shape_wc,xleft_outer,F4,-10.0306328
B_Task-2,5,shape_wc,xleft_center,Fz,6.48084351
B_Task-2,5,shape_wc,xleft_center,F3,4.42831312
B_Task-2,5,shape_wc,xleft_center,F4,8.19352235
B_Task-2,5,shape_wc,xmiddle_outer,Fz,-8.22437584
B_Task-2,5,shape_wc,xmiddle_outer,F3,-7.00836426
B_Task-2,5,shape_wc,xmiddle_outer,F4,-10.361712
B_Task-2,5,shape_wc,xmiddle_center,Fz,5.59416041
B_Task-2,5,shape_wc,xmiddle_center,F3,4.63011944
B_Task-2,5,shape_wc,xmiddle_center,F4,7.36343607
B_Task-2,5,shape_wc,xright_outer,Fz,-6.80577071
B_Task-2,5,shape_wc,xright_outer,F3,-5.53194845
B_Task-2,5,shape_wc,xright_outer,F4,-8.34117592
B_Task-2,5,shape_wc,xright_center,Fz,5.86549051
B_Task-2,5,shape_wc,xright_center,F3,4.97039511
B_Task-2,5,shape_wc,xright_center,F4,8.0987669
B_Task-2,5,shape_wc,intercept,Fz,15.1606612
B_Task-2,5,shape_wc,intercept,F3,13.6213116
B_Task-2,5,shape_wc,intercept,F4,17.3881191
B_Task-2,5,shape_wc,linear_trend,Fz,42.3127191
B_Task-2,5,shape_wc,linear_trend,F3,34.2979625
B_Task-2,5,shape_wc,linear_trend,F4,56.0258369
B_Task-2,5,shape_blind,xleft_outer,Fz,-5.94860353
B_Task-2,5,shape_blind,xleft_outer,F3,-5.29095522
B_Task-2,5,shape_blind,xleft_outer,F4,-7.45890516
B_Task-2,5,shape_blind,xleft_center,Fz,1.97996117
B_Task-2,5,shape_blind,xleft_center,F3,1.5440801
B_Task-2,5,shape_blind,xleft_center,F4,2.72923958
B_Task-2,5,shape_blind,xmiddle_outer,Fz,0.811360874
B_Task-2,5,shape_blind,xmiddle_outer,F3,0.503033309
B_Task-2,5,shape_blind,xmiddle_outer,F4,1.16850437
B_Task-2,5,shape_blind,xmiddle_center,Fz,4.84820672
B_Task-2,5,shape_blind,xmiddle_center,F3,3.7194561
B_Task-2,5,shape_blind,xmiddle_center,F4,6.44397344
B_Task-2,5,shape_blind,xright_outer,Fz,-5.94860353
B_Task-2,5,shape_blind,xright_outer,F3,-5.29095522
B_Task-2,5,shape_blind,xright_outer,F4,-7.45890516
B_Task-2,5,shape_blind,xright_center,Fz,1.97996117
B_Task-2,5,shape_blind,xright_center,F3,1.5440801
B_Task-2,5,shape_blind,xright_center,F4,2.72923958
B_Task-2,5,shape_blind,intercept,Fz,12.937154
B_Task-2,5,shape_blind,intercept,F3,11.7254347
B_Task-2,5,shape_blind,intercept,F4,14.5859489
B_Task-2,5,shape_blind,linear_trend,Fz,43.5367014
B_Task-2,5,shape_blind,linear_trend,F3,35.400287
B_Task-2,5,shape_blind,linear_trend,F4,57.5409731
B_Task-2,5,no_feedback,xleft_outer,Fz,-9.63035296
B_Task-2,5,no_feedback,xleft_outer,F3,-7.01836378
B_Task-2,5,no_feedback,xleft_outer,F4,-11.6433823
B_Task-2,5,no_feedback,xleft_center,Fz,9.93183472
B_Task-2,5,no_feedback,xleft_center,F3,5.03482897
B_Task-2,5,no_feedback,xleft_center,F4,10.977531
B_Task-2,5,no_feedback,xmiddle_outer,Fz,-7.30024063
B_Task-2,5,no_feedback,xmiddle_outer,F3,-6.07872927
B_Task-2,5,no_feedback,xmiddle_outer,F4,-9.27581212
B_Task-2,5,no_feedback,xmiddle_center,Fz,-1.92081672
B_Task-2,5,no_feedback,xmiddle_center,F3,-1.80856151
B_Task-2,5,no_feedback,xmiddle_center,F4,-2.31673281
B_Task-2,5,no_feedback,xright_outer,Fz,-8.24261222
B_Task-2,5,no_feedback,xright_outer,F3,-7.6889382
B_Task-2,5,no_feedback,xright_outer,F4,-11.1656891
B_Task-2,5,no_feedback,xright_center,Fz,9.19569801
B_Task-2,5,no_feedback,xright_center,F3,9.5647246
B_Task-2,5,no_feedback,xright_center,F4,14.1347886
B_Task-2,5,no_feedback,intercept,Fz,19.6010489
B_Task-2,5,no_feedback,intercept,F3,17.0150107
B_Task-2,5,no_feedback,intercept,F4,23.3021782
B_Task-2,5,no_feedback,linear_trend,Fz,41.4391526
B_Task-2,5,no_feedback,linear_trend,F3,33.65279
B_Task-2,5,no_feedback,linear_trend,F4,54.7207607
