file_name,subject,task,metric,channel,median,scaled_mad,threshold_median_plus_6mad
VisualCogA_Task-1.mat,A,Task-1,peak_to_peak,Fz,51.496021,21.648209,181.38527
VisualCogA_Task-1.mat,A,Task-1,peak_to_peak,F3,76.080448,48.021705,364.21068
VisualCogA_Task-1.mat,A,Task-1,peak_to_peak,F4,81.863076,51.691404,392.0115
VisualCogA_Task-1.mat,A,Task-1,maximum_absolute,Fz,33.89054,19.295292,149.66229
VisualCogA_Task-1.mat,A,Task-1,maximum_absolute,F3,53.480162,38.478409,284.35062
VisualCogA_Task-1.mat,A,Task-1,maximum_absolute,F4,58.872581,46.077807,335.33942
VisualCogA_Task-1.mat,A,Task-1,maximum_step,Fz,6.9891201,1.9127034,18.46534
VisualCogA_Task-1.mat,A,Task-1,maximum_step,F3,6.7039324,1.7718543,17.335058
VisualCogA_Task-1.mat,A,Task-1,maximum_step,F4,7.5176189,2.3414656,21.566413
VisualCogA_Task-2.mat,A,Task-2,peak_to_peak,Fz,148.56654,37.307036,372.40876
VisualCogA_Task-2.mat,A,Task-2,peak_to_peak,F3,151.32931,44.818036,420.23752
VisualCogA_Task-2.mat,A,Task-2,peak_to_peak,F4,187.56259,61.735359,557.97474
VisualCogA_Task-2.mat,A,Task-2,maximum_absolute,Fz,106.47009,38.084259,334.97565
VisualCogA_Task-2.mat,A,Task-2,maximum_absolute,F3,113.85211,48.993187,407.81123
VisualCogA_Task-2.mat,A,Task-2,maximum_absolute,F4,128.0884,51.789429,438.82497
VisualCogA_Task-2.mat,A,Task-2,maximum_step,Fz,8.8052193,1.8804936,20.088181
VisualCogA_Task-2.mat,A,Task-2,maximum_step,F3,8.9865874,1.8382364,20.016006
VisualCogA_Task-2.mat,A,Task-2,maximum_step,F4,9.4288024,1.6640784,19.413273
VisualCogB_Task-1.mat,B,Task-1,peak_to_peak,Fz,108.69151,35.405714,321.1258
VisualCogB_Task-1.mat,B,Task-1,peak_to_peak,F3,110.38393,34.506419,317.42244
VisualCogB_Task-1.mat,B,Task-1,peak_to_peak,F4,122.20727,47.273631,405.84905
VisualCogB_Task-1.mat,B,Task-1,maximum_absolute,Fz,76.912829,39.228744,312.28529
VisualCogB_Task-1.mat,B,Task-1,maximum_absolute,F3,87.36815,43.332956,347.36588
VisualCogB_Task-1.mat,B,Task-1,maximum_absolute,F4,87.385196,53.38587,407.70042
VisualCogB_Task-1.mat,B,Task-1,maximum_step,Fz,8.593972,1.9709961,20.419949
VisualCogB_Task-1.mat,B,Task-1,maximum_step,F3,8.4925324,2.1086022,21.144146
VisualCogB_Task-1.mat,B,Task-1,maximum_step,F4,8.6430564,2.6109532,24.308776
VisualCogB_Task-2.mat,B,Task-2,peak_to_peak,Fz,144.98206,32.661202,340.94928
VisualCogB_Task-2.mat,B,Task-2,peak_to_peak,F3,146.58221,36.500725,365.58656
VisualCogB_Task-2.mat,B,Task-2,peak_to_peak,F4,188.81938,46.802807,469.63622
VisualCogB_Task-2.mat,B,Task-2,maximum_absolute,Fz,102.37029,32.819254,299.28581
VisualCogB_Task-2.mat,B,Task-2,maximum_absolute,F3,110.24358,42.499725,365.24192
VisualCogB_Task-2.mat,B,Task-2,maximum_absolute,F4,132.19572,57.081402,474.68413
VisualCogB_Task-2.mat,B,Task-2,maximum_step,Fz,8.8308421,1.9940547,20.79517
VisualCogB_Task-2.mat,B,Task-2,maximum_step,F3,8.3550074,2.0159869,20.450929
VisualCogB_Task-2.mat,B,Task-2,maximum_step,F4,9.4926561,2.0668338,21.893659
