file_name,subject,task,stage,channel,gain_difference_R_minus_L,bootstrap_ci_low,bootstrap_ci_high,hedges_g_R_minus_L
VisualCogA_Task-1.mat,A,Task-1,LGN_relay,Fz,0.968667846,-2.54715331,4.19065491,0.150967342
VisualCogA_Task-1.mat,A,Task-1,LGN_relay,F3,2.49658088,-0.5493619,5.37640561,0.297067807
VisualCogA_Task-1.mat,A,Task-1,LGN_relay,F4,2.22021774,-1.28456695,5.41310403,0.304836118
VisualCogA_Task-1.mat,A,Task-1,cortical_feedforward,Fz,-4.35517083,-7.96879111,-0.992241194,-0.424134965
VisualCogA_Task-1.mat,A,Task-1,cortical_feedforward,F3,-4.49422693,-8.08898673,-0.804069958,-0.331839015
VisualCogA_Task-1.mat,A,Task-1,cortical_feedforward,F4,-2.28275187,-6.38634853,2.06686625,-0.214691253
VisualCogA_Task-1.mat,A,Task-1,P300_recurrent,Fz,-2.0600001,-9.95279272,5.95696217,-0.206027346
VisualCogA_Task-1.mat,A,Task-1,P300_recurrent,F3,-3.98663709,-14.6206145,5.61753499,-0.189603677
VisualCogA_Task-1.mat,A,Task-1,P300_recurrent,F4,-5.76567874,-15.387141,4.06396742,-0.19685201
VisualCogA_Task-1.mat,A,Task-1,late_context,Fz,-15.3203571,-28.9888496,2.38604244,-0.353252237
VisualCogA_Task-1.mat,A,Task-1,late_context,F3,-16.3387622,-33.3370256,2.85487683,-0.257437401
VisualCogA_Task-1.mat,A,Task-1,late_context,F4,-20.0163735,-36.2234908,-0.000586178675,-0.336552251
VisualCogA_Task-2.mat,A,Task-2,LGN_relay,Fz,-1.19179526,-4.68027306,2.64915453,-0.224006559
VisualCogA_Task-2.mat,A,Task-2,LGN_relay,F3,-2.54711068,-6.06693962,1.02915379,-0.357159095
VisualCogA_Task-2.mat,A,Task-2,LGN_relay,F4,-1.84157603,-5.94766635,2.0932084,-0.297699051
VisualCogA_Task-2.mat,A,Task-2,cortical_feedforward,Fz,-1.84612772,-7.7851167,4.4829369,-0.0362127925
VisualCogA_Task-2.mat,A,Task-2,cortical_feedforward,F3,-1.07847796,-8.16408185,6.62706527,0.0571873693
VisualCogA_Task-2.mat,A,Task-2,cortical_feedforward,F4,-4.29637828,-11.0228448,3.01907915,-0.2195611
VisualCogA_Task-2.mat,A,Task-2,P300_recurrent,Fz,-0.436951708,-24.0817735,18.5461759,0.0420826837
VisualCogA_Task-2.mat,A,Task-2,P300_recurrent,F3,1.6892328,-21.674153,28.5656591,0.139489373
VisualCogA_Task-2.mat,A,Task-2,P300_recurrent,F4,-1.68517697,-36.0411833,24.9051391,-0.0127115647
VisualCogA_Task-2.mat,A,Task-2,late_context,Fz,-26.9104531,-58.5371026,17.5214089,-0.125507234
VisualCogA_Task-2.mat,A,Task-2,late_context,F3,-8.09739846,-47.4551565,32.5172802,-0.0130891405
VisualCogA_Task-2.mat,A,Task-2,late_context,F4,-30.0723711,-72.6225895,24.9728777,-0.0837918117
VisualCogB_Task-1.mat,B,Task-1,LGN_relay,Fz,0.220146728,-2.89615923,3.45327621,0.118799491
VisualCogB_Task-1.mat,B,Task-1,LGN_relay,F3,-0.653748338,-4.5189913,2.80203774,0.00822281308
VisualCogB_Task-1.mat,B,Task-1,LGN_relay,F4,1.79870437,-2.28126807,5.37412006,0.230702776
VisualCogB_Task-1.mat,B,Task-1,cortical_feedforward,Fz,1.80156422,-2.69684148,6.30829795,0.264561578
VisualCogB_Task-1.mat,B,Task-1,cortical_feedforward,F3,3.60117636,-2.09050812,9.2548849,0.275186297
VisualCogB_Task-1.mat,B,Task-1,cortical_feedforward,F4,-0.677250456,-5.46367008,4.4773119,0.0130198071
VisualCogB_Task-1.mat,B,Task-1,P300_recurrent,Fz,-4.46077356,-12.7138186,4.42431358,-0.0449565437
VisualCogB_Task-1.mat,B,Task-1,P300_recurrent,F3,-0.233903122,-12.0740445,12.7683776,0.0556030731
VisualCogB_Task-1.mat,B,Task-1,P300_recurrent,F4,-5.60676785,-16.4934246,4.56985288,-0.252741128
VisualCogB_Task-1.mat,B,Task-1,late_context,Fz,-14.461591,-39.037826,10.563026,-0.160665529
VisualCogB_Task-1.mat,B,Task-1,late_context,F3,-2.72245735,-34.9476373,28.5915322,0.0148560347
VisualCogB_Task-1.mat,B,Task-1,late_context,F4,-16.3987322,-43.6843728,13.6944403,-0.218977064
VisualCogB_Task-2.mat,B,Task-2,LGN_relay,Fz,0.262588557,-3.02738559,3.54456401,-0.00768643418
VisualCogB_Task-2.mat,B,Task-2,LGN_relay,F3,0.405987856,-2.87246758,3.64107733,0.0431882834
VisualCogB_Task-2.mat,B,Task-2,LGN_relay,F4,0.8269514,-3.06272054,4.56073942,0.0586637577
VisualCogB_Task-2.mat,B,Task-2,cortical_feedforward,Fz,-4.04520649,-9.95299973,1.6455482,-0.33474155
VisualCogB_Task-2.mat,B,Task-2,cortical_feedforward,F3,-2.23470403,-9.49181768,4.04767562,-0.171038367
VisualCogB_Task-2.mat,B,Task-2,cortical_feedforward,F4,-3.67912389,-11.4994029,3.90195599,-0.231915199
VisualCogB_Task-2.mat,B,Task-2,P300_recurrent,Fz,-5.1973859,-23.079733,15.7490127,-0.119607535
VisualCogB_Task-2.mat,B,Task-2,P300_recurrent,F3,-7.47591586,-27.7912436,12.2508516,-0.166018858
VisualCogB_Task-2.mat,B,Task-2,P300_recurrent,F4,-5.21354674,-32.4075483,23.7458431,-0.0937448749
VisualCogB_Task-2.mat,B,Task-2,late_context,Fz,-16.131107,-56.2964086,28.0302736,-0.146623456
VisualCogB_Task-2.mat,B,Task-2,late_context,F3,-14.6676123,-51.3496053,21.083981,-0.15188332
VisualCogB_Task-2.mat,B,Task-2,late_context,F4,-15.8524038,-69.6386043,40.9683261,-0.0873943411
