file_name,subject,task,direction,stage,channel,effective_gain,bootstrap_ci_low,bootstrap_ci_high
VisualCogA_Task-1.mat,A,Task-1,L,LGN_relay,Fz,1.40674123,-0.883770122,3.54261959
VisualCogA_Task-1.mat,A,Task-1,L,LGN_relay,F3,0.87718361,-1.08523031,3.19864848
VisualCogA_Task-1.mat,A,Task-1,L,LGN_relay,F4,1.47236828,-1.01397701,4.02655202
VisualCogA_Task-1.mat,A,Task-1,L,cortical_feedforward,Fz,-1.44047637,-4.07767756,0.91997204
VisualCogA_Task-1.mat,A,Task-1,L,cortical_feedforward,F3,-0.967005234,-3.56987325,1.3112906
VisualCogA_Task-1.mat,A,Task-1,L,cortical_feedforward,F4,-2.39738332,-5.54570978,0.472588199
VisualCogA_Task-1.mat,A,Task-1,L,P300_recurrent,Fz,-3.03544784,-7.67895059,2.30890272
VisualCogA_Task-1.mat,A,Task-1,L,P300_recurrent,F3,-1.97324202,-8.44218376,5.61509715
VisualCogA_Task-1.mat,A,Task-1,L,P300_recurrent,F4,-3.58937896,-9.75723031,2.99255896
VisualCogA_Task-1.mat,A,Task-1,L,late_context,Fz,-8.29479043,-20.1786952,-1.04528539
VisualCogA_Task-1.mat,A,Task-1,L,late_context,F3,-7.61694655,-22.8363316,3.22505954
VisualCogA_Task-1.mat,A,Task-1,L,late_context,F4,-11.1227978,-25.834956,-0.862331265
VisualCogA_Task-1.mat,A,Task-1,R,LGN_relay,Fz,2.37540908,-0.132820625,4.65857361
VisualCogA_Task-1.mat,A,Task-1,R,LGN_relay,F3,3.37376449,1.26545606,5.73776346
VisualCogA_Task-1.mat,A,Task-1,R,LGN_relay,F4,3.69258602,1.22310564,5.9862852
VisualCogA_Task-1.mat,A,Task-1,R,cortical_feedforward,Fz,-5.7956472,-8.22672912,-3.46588188
VisualCogA_Task-1.mat,A,Task-1,R,cortical_feedforward,F3,-5.46123217,-8.28304917,-2.61590246
VisualCogA_Task-1.mat,A,Task-1,R,cortical_feedforward,F4,-4.6801352,-7.73740496,-2.07068789
VisualCogA_Task-1.mat,A,Task-1,R,P300_recurrent,Fz,-5.09544794,-10.360828,1.59094751
VisualCogA_Task-1.mat,A,Task-1,R,P300_recurrent,F3,-5.95987911,-13.7103211,1.50053329
VisualCogA_Task-1.mat,A,Task-1,R,P300_recurrent,F4,-9.3550577,-16.4287564,-1.23433131
VisualCogA_Task-1.mat,A,Task-1,R,late_context,Fz,-23.6151476,-36.0148165,-9.95356036
VisualCogA_Task-1.mat,A,Task-1,R,late_context,F3,-23.9557088,-38.5593639,-11.5582277
VisualCogA_Task-1.mat,A,Task-1,R,late_context,F4,-31.1391713,-45.2923016,-18.3452458
VisualCogA_Task-2.mat,A,Task-2,L,LGN_relay,Fz,2.44706688,-0.128665873,4.79585706
VisualCogA_Task-2.mat,A,Task-2,L,LGN_relay,F3,1.55376472,-1.07235397,4.00498143
VisualCogA_Task-2.mat,A,Task-2,L,LGN_relay,F4,3.99327405,1.36816619,6.78703376
VisualCogA_Task-2.mat,A,Task-2,L,cortical_feedforward,Fz,-0.155045541,-4.24848775,3.55852723
VisualCogA_Task-2.mat,A,Task-2,L,cortical_feedforward,F3,-0.817804445,-5.34751218,4.21731846
VisualCogA_Task-2.mat,A,Task-2,L,cortical_feedforward,F4,0.604775068,-4.41302593,5.14718315
VisualCogA_Task-2.mat,A,Task-2,L,P300_recurrent,Fz,-37.5106577,-49.5355045,-22.116585
VisualCogA_Task-2.mat,A,Task-2,L,P300_recurrent,F3,-32.8883882,-46.5292309,-19.138058
VisualCogA_Task-2.mat,A,Task-2,L,P300_recurrent,F4,-47.6844687,-64.3647662,-26.3263457
VisualCogA_Task-2.mat,A,Task-2,L,late_context,Fz,2.58271333,-21.9114194,27.0363643
VisualCogA_Task-2.mat,A,Task-2,L,late_context,F3,19.8789055,-7.89953313,47.480134
VisualCogA_Task-2.mat,A,Task-2,L,late_context,F4,-5.26851676,-38.4441411,23.4145089
VisualCogA_Task-2.mat,A,Task-2,R,LGN_relay,Fz,1.25527162,-1.36034352,3.91673014
VisualCogA_Task-2.mat,A,Task-2,R,LGN_relay,F3,-0.993345955,-3.64758146,1.65685967
VisualCogA_Task-2.mat,A,Task-2,R,LGN_relay,F4,2.15169802,-0.956657613,5.0980093
VisualCogA_Task-2.mat,A,Task-2,R,cortical_feedforward,Fz,-2.00117326,-6.90137162,3.26376831
VisualCogA_Task-2.mat,A,Task-2,R,cortical_feedforward,F3,-1.89628241,-7.24851946,4.44532262
VisualCogA_Task-2.mat,A,Task-2,R,cortical_feedforward,F4,-3.69160321,-9.11272035,2.06903822
VisualCogA_Task-2.mat,A,Task-2,R,P300_recurrent,Fz,-37.9476094,-58.343673,-23.9932554
VisualCogA_Task-2.mat,A,Task-2,R,P300_recurrent,F3,-31.1991554,-49.7132852,-8.63828645
VisualCogA_Task-2.mat,A,Task-2,R,P300_recurrent,F4,-49.3696456,-80.0686725,-27.707701
VisualCogA_Task-2.mat,A,Task-2,R,late_context,Fz,-24.3277398,-47.2324326,13.0031454
VisualCogA_Task-2.mat,A,Task-2,R,late_context,F3,11.781507,-18.0900415,43.1087055
VisualCogA_Task-2.mat,A,Task-2,R,late_context,F4,-35.3408879,-70.4134502,10.8444813
VisualCogB_Task-1.mat,B,Task-1,L,LGN_relay,Fz,1.07573745,-1.28533136,3.25449856
VisualCogB_Task-1.mat,B,Task-1,L,LGN_relay,F3,1.81433007,-0.401238033,4.26081937
VisualCogB_Task-1.mat,B,Task-1,L,LGN_relay,F4,1.12225049,-1.5198478,4.12566627
VisualCogB_Task-1.mat,B,Task-1,L,cortical_feedforward,Fz,-0.0908760603,-3.71461515,2.97635416
VisualCogB_Task-1.mat,B,Task-1,L,cortical_feedforward,F3,-2.10871576,-5.99815136,1.63131804
VisualCogB_Task-1.mat,B,Task-1,L,cortical_feedforward,F4,2.31161404,-1.29127871,5.71464418
VisualCogB_Task-1.mat,B,Task-1,L,P300_recurrent,Fz,2.04313411,-4.7892546,7.7475612
VisualCogB_Task-1.mat,B,Task-1,L,P300_recurrent,F3,-5.59901342,-16.2971883,3.6431311
VisualCogB_Task-1.mat,B,Task-1,L,P300_recurrent,F4,-1.00588541,-7.71639272,6.47156001
VisualCogB_Task-1.mat,B,Task-1,L,late_context,Fz,24.1320018,5.45535355,40.5769137
VisualCogB_Task-1.mat,B,Task-1,L,late_context,F3,6.39028643,-19.0318616,30.501903
VisualCogB_Task-1.mat,B,Task-1,L,late_context,F4,20.7923284,-0.789984476,40.2788492
VisualCogB_Task-1.mat,B,Task-1,R,LGN_relay,Fz,1.29588418,-0.676178881,3.56353912
VisualCogB_Task-1.mat,B,Task-1,R,LGN_relay,F3,1.16058174,-1.46766299,3.57815151
VisualCogB_Task-1.mat,B,Task-1,R,LGN_relay,F4,2.92095486,0.460639347,5.51357877
VisualCogB_Task-1.mat,B,Task-1,R,cortical_feedforward,Fz,1.71068816,-1.37252715,4.65828284
VisualCogB_Task-1.mat,B,Task-1,R,cortical_feedforward,F3,1.4924606,-2.74573178,5.70378708
VisualCogB_Task-1.mat,B,Task-1,R,cortical_feedforward,F4,1.63436358,-1.77134493,5.16901039
VisualCogB_Task-1.mat,B,Task-1,R,P300_recurrent,Fz,-2.41763945,-8.50748426,3.03126243
VisualCogB_Task-1.mat,B,Task-1,R,P300_recurrent,F3,-5.83291654,-12.9825821,0.86312954
VisualCogB_Task-1.mat,B,Task-1,R,P300_recurrent,F4,-6.61265327,-14.3212658,1.35509667
VisualCogB_Task-1.mat,B,Task-1,R,late_context,Fz,9.67041071,-7.41006481,27.7843148
VisualCogB_Task-1.mat,B,Task-1,R,late_context,F3,3.66782908,-16.4795891,21.5060166
VisualCogB_Task-1.mat,B,Task-1,R,late_context,F4,4.39359621,-16.061345,28.1551828
VisualCogB_Task-2.mat,B,Task-2,L,LGN_relay,Fz,1.55982434,-0.672329185,3.72726786
VisualCogB_Task-2.mat,B,Task-2,L,LGN_relay,F3,0.212058191,-2.08370716,2.71831321
VisualCogB_Task-2.mat,B,Task-2,L,LGN_relay,F4,2.26520332,-0.36885053,5.02392665
VisualCogB_Task-2.mat,B,Task-2,L,cortical_feedforward,Fz,-0.331947243,-4.62623703,3.53223883
VisualCogB_Task-2.mat,B,Task-2,L,cortical_feedforward,F3,-0.230286308,-4.65068167,3.54355984
VisualCogB_Task-2.mat,B,Task-2,L,cortical_feedforward,F4,-0.873280296,-6.21988543,3.94207184
VisualCogB_Task-2.mat,B,Task-2,L,P300_recurrent,Fz,-34.824648,-50.9057229,-19.2837307
VisualCogB_Task-2.mat,B,Task-2,L,P300_recurrent,F3,-26.4545616,-39.8270001,-10.9266596
VisualCogB_Task-2.mat,B,Task-2,L,P300_recurrent,F4,-46.1860728,-69.7563496,-23.9501701
VisualCogB_Task-2.mat,B,Task-2,L,late_context,Fz,14.5996092,-11.488961,42.9763418
VisualCogB_Task-2.mat,B,Task-2,L,late_context,F3,29.7724853,3.2707251,54.9232276
VisualCogB_Task-2.mat,B,Task-2,L,late_context,F4,9.60693873,-27.0772197,43.9252191
VisualCogB_Task-2.mat,B,Task-2,R,LGN_relay,Fz,1.8224129,-0.539830945,4.40955354
VisualCogB_Task-2.mat,B,Task-2,R,LGN_relay,F3,0.618046047,-1.93041851,2.92498141
VisualCogB_Task-2.mat,B,Task-2,R,LGN_relay,F4,3.09215472,0.184312728,5.90961375
VisualCogB_Task-2.mat,B,Task-2,R,cortical_feedforward,Fz,-4.37715373,-9.22525598,-0.399809283
VisualCogB_Task-2.mat,B,Task-2,R,cortical_feedforward,F3,-2.46499033,-8.21157791,2.57518762
VisualCogB_Task-2.mat,B,Task-2,R,cortical_feedforward,F4,-4.55240418,-10.7933784,1.12015202
VisualCogB_Task-2.mat,B,Task-2,R,P300_recurrent,Fz,-40.0220339,-50.0769918,-28.4039373
VisualCogB_Task-2.mat,B,Task-2,R,P300_recurrent,F3,-33.9304774,-45.4612496,-20.1412678
VisualCogB_Task-2.mat,B,Task-2,R,P300_recurrent,F4,-51.3996195,-67.7549456,-35.0832234
VisualCogB_Task-2.mat,B,Task-2,R,late_context,Fz,-1.53149783,-29.528719,30.1678067
VisualCogB_Task-2.mat,B,Task-2,R,late_context,F3,15.104873,-11.7758516,38.8693302
VisualCogB_Task-2.mat,B,Task-2,R,late_context,F4,-6.24546506,-48.0597934,34.2828543
