task,stage,channel,hedges_g_subject_A,hedges_g_subject_B,same_sign_A_B,conservative_abs_g
Task-1,LGN_relay,F4,0.304836118,0.230702776,True,0.230702776
Task-1,late_context,F4,-0.336552251,-0.218977064,True,0.218977064
Task-1,P300_recurrent,F4,-0.19685201,-0.252741128,True,0.19685201
Task-1,late_context,Fz,-0.353252237,-0.160665529,True,0.160665529
Task-1,LGN_relay,Fz,0.150967342,0.118799491,True,0.118799491
Task-1,P300_recurrent,Fz,-0.206027346,-0.0449565437,True,0.0449565437
Task-1,LGN_relay,F3,0.297067807,0.00822281308,True,0.00822281308
Task-1,P300_recurrent,F3,-0.189603677,0.0556030731,False,0
Task-1,cortical_feedforward,F3,-0.331839015,0.275186297,False,0
Task-1,cortical_feedforward,F4,-0.214691253,0.0130198071,False,0
Task-1,cortical_feedforward,Fz,-0.424134965,0.264561578,False,0
Task-1,late_context,F3,-0.257437401,0.0148560347,False,0
Task-2,cortical_feedforward,F4,-0.2195611,-0.231915199,True,0.2195611
Task-2,late_context,Fz,-0.125507234,-0.146623456,True,0.125507234
Task-2,late_context,F4,-0.0837918117,-0.0873943411,True,0.0837918117
Task-2,cortical_feedforward,Fz,-0.0362127925,-0.33474155,True,0.0362127925
Task-2,late_context,F3,-0.0130891405,-0.15188332,True,0.0130891405
Task-2,P300_recurrent,F4,-0.0127115647,-0.0937448749,True,0.0127115647
Task-2,LGN_relay,Fz,-0.224006559,-0.00768643418,True,0.00768643418
Task-2,LGN_relay,F3,-0.357159095,0.0431882834,False,0
Task-2,LGN_relay,F4,-0.297699051,0.0586637577,False,0
Task-2,P300_recurrent,F3,0.139489373,-0.166018858,False,0
Task-2,P300_recurrent,Fz,0.0420826837,-0.119607535,False,0
Task-2,cortical_feedforward,F3,0.0571873693,-0.171038367,False,0
