file_name,subject,task,trial_id,cue_value,cue_direction,edge_flag,raw_saturation_or_nonfinite_flag,residual_artifact_flag,accepted_for_erp,rejection_reason,behavior_correct_inferred,peak_to_peak_Fz,maximum_absolute_Fz,maximum_step_Fz,peak_to_peak_F3,maximum_absolute_F3,maximum_step_F3,peak_to_peak_F4,maximum_absolute_F4,maximum_step_F4
VisualCogA_Task-1.mat,A,Task-1,1,-1,L,False,False,False,True,none,1,96.048316,55.794308,15.672036,108.05311,77.245561,15.181449,123.82305,84.587965,17.251574
VisualCogA_Task-1.mat,A,Task-1,2,1,R,False,False,False,True,none,1,28.308206,16.665274,5.1916045,73.88872,60.735723,6.0088542,64.954505,53.637982,5.7167112
VisualCogA_Task-1.mat,A,Task-1,3,-1,L,False,True,False,False,raw_saturation_or_nonfinite,1,42.28408,21.333894,6.5253426,302.70563,164.22059,8.394129,550.32929,344.8047,11.880657
VisualCogA_Task-1.mat,A,Task-1,4,-1,L,False,False,False,True,none,1,37.867224,19.668703,5.4435951,64.402759,48.933169,6.6894228,104.82178,95.602193,6.639814
VisualCogA_Task-1.mat,A,Task-1,5,1,R,False,False,False,True,none,1,34.593481,17.836947,6.895243,54.791249,38.059822,6.6946734,47.924142,30.633688,7.4985188
VisualCogA_Task-1.mat,A,Task-1,6,-1,L,False,False,False,True,none,1,45.970767,29.523834,5.5072209,54.93162,42.007413,5.2986822,67.472641,54.046193,4.996269
VisualCogA_Task-1.mat,A,Task-1,7,-1,L,False,False,False,True,none,1,36.452036,20.358347,6.2295393,44.277501,26.730648,6.2103342,58.422082,34.449912,5.302328
VisualCogA_Task-1.mat,A,Task-1,8,-1,L,False,False,False,True,none,1,28.476468,17.164557,6.0929183,127.74819,103.773,5.7098674,129.03406,112.17757,6.6670969
VisualCogA_Task-1.mat,A,Task-1,9,1,R,False,False,False,True,none,1,36.887204,22.020852,6.360938,49.132623,44.562133,5.6410964,37.624663,25.428107,4.9423921
VisualCogA_Task-1.mat,A,Task-1,10,1,R,False,False,False,True,none,1,39.366845,19.985439,5.4038605,32.782168,21.909594,5.0362445,41.87471,22.709978,6.3062057
VisualCogA_Task-1.mat,A,Task-1,11,1,R,False,False,False,True,none,1,36.894505,19.957897,4.6856694,58.712329,34.452632,5.0993076,42.091481,31.774476,4.6614908
VisualCogA_Task-1.mat,A,Task-1,12,1,R,False,False,False,True,none,1,53.9896,27.546367,6.9891201,44.226524,27.88127,6.4612393,51.412081,30.257752,8.0758399
VisualCogA_Task-1.mat,A,Task-1,13,-1,L,False,False,False,True,none,1,48.643823,27.095906,5.714961,44.154742,24.06858,6.1849477,46.997702,23.652928,6.1727891
VisualCogA_Task-1.mat,A,Task-1,14,-1,L,False,True,False,False,raw_saturation_or_nonfinite,1,61.866558,47.193881,5.9692683,153.8133,125.84706,6.2721007,142.52698,83.652558,2.1165124
VisualCogA_Task-1.mat,A,Task-1,15,1,R,False,False,False,True,none,1,61.210269,41.083188,5.3723154,207.12777,187.59336,5.944707,282.20309,268.15463,6.4581651
VisualCogA_Task-1.mat,A,Task-1,16,-1,L,False,False,False,True,none,1,39.974051,21.58986,8.0566013,46.427263,36.062144,5.7561015,56.13106,40.082148,9.7199953
VisualCogA_Task-1.mat,A,Task-1,17,1,R,False,False,False,True,none,1,42.124604,24.036596,5.894993,50.902482,30.229267,6.1131384,37.998862,27.046831,5.6581689
VisualCogA_Task-1.mat,A,Task-1,18,-1,L,False,False,False,True,none,1,46.662012,34.419558,7.5366459,42.35837,32.285959,6.1683823,48.117492,27.793526,6.210729
VisualCogA_Task-1.mat,A,Task-1,19,-1,L,False,False,False,True,none,1,112.72751,65.676066,12.32115,138.02783,80.974946,11.24902,125.35045,76.187164,11.21045
VisualCogA_Task-1.mat,A,Task-1,20,1,R,False,True,False,False,raw_saturation_or_nonfinite,1,53.407256,29.727674,7.7227345,71.236999,58.351094,6.0239351,209.15539,114.94822,8.510823
VisualCogA_Task-1.mat,A,Task-1,21,-1,L,False,False,False,True,none,1,36.759114,22.72306,6.1122643,43.571446,24.574124,5.6294145,54.808761,40.818986,6.1000222
VisualCogA_Task-1.mat,A,Task-1,22,-1,L,False,True,False,False,raw_saturation_or_nonfinite,1,38.907283,24.859836,6.1083703,83.885375,49.249091,4.2762769,144.93791,81.008255,6.4001144
VisualCogA_Task-1.mat,A,Task-1,23,1,R,False,False,False,True,none,1,40.163716,27.761156,6.1345436,135.61453,119.32311,6.4850176,176.604,166.60327,6.4049252
VisualCogA_Task-1.mat,A,Task-1,24,-1,L,False,False,False,True,none,1,94.04689,75.321778,6.2920493,98.139352,81.143939,6.6522059,93.108245,70.899222,6.627295
VisualCogA_Task-1.mat,A,Task-1,25,-1,L,False,False,False,True,none,1,40.901799,25.072247,7.6755921,62.118897,46.082454,7.6242118,70.071968,58.872581,7.6957909
VisualCogA_Task-1.mat,A,Task-1,26,1,R,False,False,False,True,none,1,111.93655,87.251259,9.3811456,127.961,89.550571,10.160552,103.6051,84.346628,8.6736976
VisualCogA_Task-1.mat,A,Task-1,27,1,R,False,True,False,False,raw_saturation_or_nonfinite,1,41.896247,21.803462,5.1723074,343.55761,173.30723,8.6561498,556.12268,356.58649,12.410712
VisualCogA_Task-1.mat,A,Task-1,28,-1,L,False,False,False,True,none,1,147.24556,77.719846,9.4342008,132.46732,107.45154,15.574853,152.59783,99.543134,15.828041
VisualCogA_Task-1.mat,A,Task-1,29,-1,L,False,False,False,True,none,1,47.804296,31.826842,4.9001893,40.390304,26.192838,4.4633122,31.679279,20.832729,5.3372204
VisualCogA_Task-1.mat,A,Task-1,30,-1,L,False,False,False,True,none,1,43.475587,27.77689,5.5082247,41.622758,27.532336,6.175365,54.81625,35.966761,5.7462495
VisualCogA_Task-1.mat,A,Task-1,31,-1,L,False,False,False,True,none,1,36.249402,19.780084,7.1678599,43.690252,28.60257,5.508833,53.5123,32.730962,7.2763076
VisualCogA_Task-1.mat,A,Task-1,32,1,R,False,False,False,True,none,1,54.772328,31.653542,9.0684222,71.734979,55.918435,7.6719498,59.641181,46.117318,9.3329298
VisualCogA_Task-1.mat,A,Task-1,33,1,R,False,False,False,True,none,1,41.232302,26.381592,7.2003854,34.873002,19.650355,7.1858164,49.661751,34.529025,8.0188162
VisualCogA_Task-1.mat,A,Task-1,34,-1,L,False,False,False,True,none,1,60.324415,35.454449,7.8116393,61.354497,36.363938,8.8880786,59.239139,33.620925,6.8626471
VisualCogA_Task-1.mat,A,Task-1,35,1,R,False,False,False,True,none,1,51.678344,26.245178,6.1704224,41.1277,21.891468,5.2202847,48.222837,28.714172,5.364133
VisualCogA_Task-1.mat,A,Task-1,36,-1,L,False,True,False,False,raw_saturation_or_nonfinite,1,74.464965,52.162554,7.633421,300.0701,179.0589,9.1195267,390.0997,270.03814,10.4348
VisualCogA_Task-1.mat,A,Task-1,37,-1,L,False,False,True,False,extreme_residual_artifact,1,71.574183,36.970409,19.636336,113.4094,60.242484,30.404743,83.239245,43.540918,19.589422
VisualCogA_Task-1.mat,A,Task-1,38,-1,L,False,False,False,True,none,1,27.118789,16.076035,6.3070702,37.744348,24.810625,5.8739708,53.550598,30.641043,5.8420504
VisualCogA_Task-1.mat,A,Task-1,39,-1,L,False,True,False,False,raw_saturation_or_nonfinite,1,43.750359,30.838912,5.1202664,453.44927,406.53165,9.1881005,523.16294,436.61533,11.029584
VisualCogA_Task-1.mat,A,Task-1,40,-1,L,False,True,False,False,raw_saturation_or_nonfinite,1,36.177773,24.83078,7.0399595,193.89696,167.1565,5.2862722,92.320784,57.608796,7.434123
VisualCogA_Task-1.mat,A,Task-1,41,-1,L,False,True,False,False,raw_saturation_or_nonfinite,1,46.642269,24.560352,5.1969729,82.116695,53.552928,5.2437202,51.715599,27.674526,5.5256779
VisualCogA_Task-1.mat,A,Task-1,42,1,R,False,False,False,True,none,1,51.496021,26.450316,6.1739441,71.752416,42.862475,7.4741194,86.855791,76.533118,5.938322
VisualCogA_Task-1.mat,A,Task-1,43,-1,L,False,False,False,True,none,1,132.68177,109.68523,8.4251364,120.86258,99.832353,8.6324927,151.58064,125.25953,8.6134909
VisualCogA_Task-1.mat,A,Task-1,44,1,R,False,False,False,True,none,1,113.48076,92.570562,8.2792208,127.37505,95.695715,8.958859,129.17518,112.0786,8.3698025
VisualCogA_Task-1.mat,A,Task-1,45,-1,L,False,False,False,True,none,1,28.881808,19.517453,5.1336105,23.777494,16.12055,4.5099254,47.977526,39.019259,5.1760766
VisualCogA_Task-1.mat,A,Task-1,46,-1,L,False,True,False,False,raw_saturation_or_nonfinite,1,48.76075,28.549664,4.9526153,54.946174,31.046398,5.2060853,207.57316,177.16902,3.1668062
VisualCogA_Task-1.mat,A,Task-1,47,-1,L,False,False,False,True,none,1,38.906512,22.640542,5.0740828,47.767401,24.355722,5.324777,37.62962,21.297349,5.7003664
VisualCogA_Task-1.mat,A,Task-1,48,1,R,False,False,False,True,none,1,117.39606,91.57978,8.4765182,126.20458,100.09588,8.4194366,130.75228,104.94917,11.414876
VisualCogA_Task-1.mat,A,Task-1,49,-1,L,False,False,False,True,none,1,38.613401,24.666027,5.7246253,40.120989,30.504668,5.3582603,36.637153,24.88367,5.6454379
VisualCogA_Task-1.mat,A,Task-1,50,-1,L,False,False,False,True,none,1,47.443948,24.014153,6.2165742,82.190864,53.61955,6.4127815,84.596887,66.750461,7.8687494
VisualCogA_Task-1.mat,A,Task-1,51,1,R,False,False,False,True,none,1,49.247846,33.396283,6.5207058,119.2675,99.617926,7.1720845,132.77318,98.788811,6.7200366
VisualCogA_Task-1.mat,A,Task-1,52,1,R,False,False,False,True,none,1,66.256884,41.106354,7.6576969,242.79188,201.42462,6.1778136,251.68255,235.26523,6.8344356
VisualCogA_Task-1.mat,A,Task-1,53,1,R,False,True,False,False,raw_saturation_or_nonfinite,1,133.71098,88.582189,16.497405,269.27229,225.52063,12.640435,296.92155,280.4514,13.951768
VisualCogA_Task-1.mat,A,Task-1,54,-1,L,False,False,False,True,none,1,41.005572,32.785146,5.9324135,76.080448,65.200358,6.2205499,219.0756,172.5609,6.8629989
VisualCogA_Task-1.mat,A,Task-1,55,1,R,False,False,False,True,none,1,47.233141,33.782591,6.6917357,77.855188,45.780822,7.4092195,53.016821,29.87702,8.2539567
VisualCogA_Task-1.mat,A,Task-1,56,-1,L,False,False,False,True,none,1,49.703449,37.044364,6.6031976,74.117974,63.103371,6.2605787,63.063268,48.776351,7.8859298
VisualCogA_Task-1.mat,A,Task-1,57,-1,L,False,False,False,True,none,1,150.03483,132.04788,9.3576872,146.64514,112.64745,10.081041,154.19609,138.24995,9.9402525
VisualCogA_Task-1.mat,A,Task-1,58,1,R,False,False,False,True,none,1,101.54918,85.359903,6.9196736,107.94227,90.190736,8.8187387,113.2493,89.793103,6.8369912
VisualCogA_Task-1.mat,A,Task-1,59,1,R,False,False,False,True,none,1,140.93016,116.19294,8.823878,130.44003,109.95698,8.2023374,156.02941,135.83998,9.7110452
VisualCogA_Task-1.mat,A,Task-1,60,-1,L,False,False,True,False,extreme_residual_artifact,1,167.06142,152.49898,16.911566,181.92161,149.424,12.374002,170.50531,125.19389,19.314328
VisualCogA_Task-1.mat,A,Task-1,61,1,R,False,False,False,True,none,1,48.863694,25.410537,8.167582,89.628234,73.631484,7.7488133,58.095494,32.815557,9.2497843
VisualCogA_Task-1.mat,A,Task-1,62,-1,L,False,False,False,True,none,1,135.87885,110.88637,12.200972,128.44135,108.73134,11.095533,146.0344,121.14348,12.44658
VisualCogA_Task-1.mat,A,Task-1,63,1,R,False,False,False,True,none,1,104.03025,81.647638,6.5516824,98.99551,82.323906,8.0077901,137.09649,117.86902,7.6521666
VisualCogA_Task-1.mat,A,Task-1,64,1,R,False,False,False,True,none,1,104.30177,75.783648,13.180875,124.27952,103.5111,13.327744,109.59146,75.188372,12.792658
VisualCogA_Task-1.mat,A,Task-1,65,-1,L,False,False,False,True,none,1,40.086567,20.811859,7.124954,37.716568,29.578058,6.9560922,41.341756,25.813863,7.5176189
VisualCogA_Task-1.mat,A,Task-1,66,1,R,False,False,False,True,none,1,103.18654,84.059137,11.731519,83.203393,46.932096,9.9038887,102.15429,70.905477,12.072714
VisualCogA_Task-1.mat,A,Task-1,67,-1,L,False,False,False,True,none,1,35.709165,23.814933,7.1938167,38.334563,26.320744,7.1344187,42.632909,30.66983,6.2343646
VisualCogA_Task-1.mat,A,Task-1,68,-1,L,False,False,False,True,none,1,132.94672,106.60928,11.380349,134.77181,110.25398,12.254176,140.3534,114.97977,12.164868
VisualCogA_Task-1.mat,A,Task-1,69,1,R,False,False,False,True,none,1,100.23761,70.339388,9.3419037,124.19138,88.027785,8.8335047,103.14076,76.687552,7.7085032
VisualCogA_Task-1.mat,A,Task-1,70,1,R,False,False,False,True,none,1,41.933502,26.610493,7.0162689,51.50292,37.849028,6.93408,42.025057,26.852444,6.4446351
VisualCogA_Task-1.mat,A,Task-1,71,-1,L,False,False,False,True,none,1,139.79244,118.46027,13.629903,130.82305,101.13236,13.030379,140.4749,110.0826,12.666902
VisualCogA_Task-1.mat,A,Task-1,72,1,R,False,False,False,True,none,1,53.808176,34.328524,6.6531586,71.586542,52.542236,7.8896884,44.425602,22.970519,6.9639325
VisualCogA_Task-1.mat,A,Task-1,73,-1,L,False,False,False,True,none,1,44.397538,34.312275,6.1549967,43.831769,31.746053,6.4565133,51.969135,36.719242,6.4090359
VisualCogA_Task-1.mat,A,Task-1,74,1,R,False,False,False,True,none,1,38.420062,25.60524,6.4134324,88.951271,70.575541,6.7039324,105.62758,80.45771,7.7986691
VisualCogA_Task-1.mat,A,Task-1,75,-1,L,False,False,False,True,none,1,39.988976,20.279822,8.4921673,93.179213,79.433493,5.6404999,128.17066,108.4965,8.2721986
VisualCogA_Task-1.mat,A,Task-1,76,1,R,False,False,False,True,none,1,42.811356,28.804651,5.3908901,40.62206,27.54218,6.2053354,40.24296,26.136876,5.9455585
VisualCogA_Task-1.mat,A,Task-1,77,-1,L,False,True,False,False,raw_saturation_or_nonfinite,1,110.58103,74.500377,9.3341984,89.828654,49.550281,7.541786,268.14267,255.56384,9.9085946
VisualCogA_Task-1.mat,A,Task-1,78,-1,L,False,False,False,True,none,1,47.415878,33.89054,7.1467817,232.56393,214.61981,6.2327096,228.0706,199.54127,9.339222
VisualCogA_Task-1.mat,A,Task-1,79,-1,L,False,False,False,True,none,1,39.384714,20.462993,5.4327861,36.872872,24.055193,4.833362,38.599457,20.510357,5.8277557
VisualCogA_Task-1.mat,A,Task-1,80,-1,L,False,False,False,True,none,1,77.222121,42.969788,7.5409797,67.306153,53.480162,8.2517387,75.363866,40.043151,6.8564238
VisualCogA_Task-1.mat,A,Task-1,81,-1,L,False,False,False,True,none,1,116.65737,84.883415,11.23569,128.98018,107.28626,10.581373,123.39161,74.272462,11.146492
VisualCogA_Task-1.mat,A,Task-1,82,1,R,False,False,False,True,none,1,80.369117,51.912053,6.9029685,83.18953,47.848263,6.3898941,74.33504,48.359092,7.9508132
VisualCogA_Task-1.mat,A,Task-1,83,-1,L,False,False,False,True,none,1,134.84967,104.34775,13.081962,142.03869,97.406002,12.730887,148.23876,106.81316,14.155838
VisualCogA_Task-1.mat,A,Task-1,84,1,R,False,False,False,True,none,1,120.68061,86.508305,10.805465,121.99217,73.257229,10.368561,144.83115,97.22,11.117122
VisualCogA_Task-1.mat,A,Task-1,85,-1,L,False,False,False,True,none,1,49.187158,29.434969,5.9737521,46.265313,36.179618,5.4992422,52.236126,28.780118,5.4718776
VisualCogA_Task-1.mat,A,Task-1,86,1,R,False,False,False,True,none,1,109.94615,100.72306,9.2627585,123.69033,111.79712,9.7652024,132.57171,118.62897,10.233591
VisualCogA_Task-1.mat,A,Task-1,87,1,R,False,False,False,True,none,1,63.193456,38.910395,10.773078,44.672977,26.904646,10.534265,81.863076,58.893271,11.97159
VisualCogA_Task-1.mat,A,Task-1,88,1,R,False,True,False,False,raw_saturation_or_nonfinite,1,108.9287,62.717855,10.869807,257.8237,220.00865,7.9637789,231.10964,208.70575,10.746408
VisualCogA_Task-1.mat,A,Task-1,89,1,R,False,False,False,True,none,1,119.76176,86.03069,10.32144,109.2476,89.551006,9.894778,112.29696,92.472681,9.9866966
VisualCogA_Task-1.mat,A,Task-1,90,1,R,False,False,False,True,none,1,104.00059,70.444866,11.955048,105.9307,72.165031,12.440845,130.0153,98.024239,13.267725
VisualCogA_Task-1.mat,A,Task-1,91,-1,L,False,False,False,True,none,1,52.22878,36.648947,6.166082,54.629913,29.926177,5.7508956,50.569615,30.614224,6.3139977
VisualCogA_Task-1.mat,A,Task-1,92,1,R,False,False,False,True,none,1,40.068149,26.674224,6.2845718,47.906724,29.83653,5.9397544,47.388721,25.35269,6.2627407
VisualCogA_Task-1.mat,A,Task-1,93,1,R,False,False,False,True,none,1,132.04679,104.16473,11.521144,137.77378,102.63036,11.321704,153.55625,122.79247,12.756757
VisualCogA_Task-1.mat,A,Task-1,94,1,R,False,False,False,True,none,1,78.674402,64.30768,7.9429491,83.201727,62.476094,6.3692189,101.09301,84.020555,9.8303112
VisualCogA_Task-1.mat,A,Task-1,95,-1,L,False,False,False,True,none,1,112.6702,81.688568,8.7565732,101.08724,53.346972,10.610593,107.81377,64.384959,7.8344307
VisualCogA_Task-1.mat,A,Task-1,96,1,R,False,False,False,True,none,1,115.28691,80.834793,10.848561,102.97491,81.775339,10.030364,126.94174,95.550535,12.612201
VisualCogA_Task-1.mat,A,Task-1,97,1,R,False,False,False,True,none,1,51.321334,27.030594,4.607648,144.2747,123.30613,5.3930769,151.55611,131.36098,5.8403865
VisualCogA_Task-1.mat,A,Task-1,98,-1,L,False,False,False,True,none,1,62.894255,39.063131,5.5797004,55.585041,41.290077,6.38672,49.725238,27.272606,6.4713667
VisualCogA_Task-1.mat,A,Task-1,99,-1,L,False,False,False,True,none,1,65.080724,38.904589,6.9655795,64.63469,45.410056,6.9453529,81.348018,47.860525,7.6579366
VisualCogA_Task-1.mat,A,Task-1,100,1,R,False,False,False,True,none,1,40.441849,20.876044,5.4673787,41.226471,31.334515,5.2800402,46.934483,24.892182,6.9576257
VisualCogA_Task-2.mat,A,Task-2,1,1,R,False,False,False,True,none,1,92.92707,59.242378,7.7033313,117.48271,105.05541,9.1798039,84.868285,68.461844,6.3642383
VisualCogA_Task-2.mat,A,Task-2,2,-1,L,False,False,False,True,none,1,130.49461,105.10182,6.9579948,135.53016,87.543405,10.420176,160.91094,132.48245,8.1304327
VisualCogA_Task-2.mat,A,Task-2,3,-1,L,False,False,False,True,none,1,107.02348,69.389241,6.4434761,115.42072,69.486012,7.1075177,111.30358,59.358139,7.3805871
VisualCogA_Task-2.mat,A,Task-2,4,-1,L,False,False,False,True,none,1,87.985392,64.985335,7.1742374,94.14089,68.923349,7.7727764,94.722578,63.99467,7.4348603
VisualCogA_Task-2.mat,A,Task-2,5,1,R,False,False,False,True,none,1,70.378354,43.879684,6.5695696,89.181095,76.80334,7.9320815,82.021949,67.846617,6.6818581
VisualCogA_Task-2.mat,A,Task-2,6,-1,L,False,False,False,True,none,1,225.44732,134.4931,10.126977,192.27996,96.536459,10.991462,278.71457,175.07276,7.9891796
VisualCogA_Task-2.mat,A,Task-2,7,1,R,False,False,False,True,none,1,125.64167,117.70831,9.6863412,153.75572,138.73359,11.310984,139.5568,131.51702,9.9196626
VisualCogA_Task-2.mat,A,Task-2,8,1,R,False,False,False,True,none,1,147.00268,85.717815,8.9511772,121.61347,64.049789,9.5716004,182.24232,112.72155,8.3006625
VisualCogA_Task-2.mat,A,Task-2,9,-1,L,False,False,False,True,none,1,132.31539,116.82172,10.359928,158.4409,148.37066,9.0103767,140.86025,127.08543,8.3450809
VisualCogA_Task-2.mat,A,Task-2,10,-1,L,False,False,False,True,none,1,115.14522,86.796196,9.2435382,146.54366,133.31811,9.252489,110.50264,88.795049,8.3622061
VisualCogA_Task-2.mat,A,Task-2,11,1,R,False,False,False,True,none,1,179.921,146.25301,10.860994,197.19206,176.79827,11.618753,232.18343,202.71889,11.567686
VisualCogA_Task-2.mat,A,Task-2,12,1,R,False,False,False,True,none,1,151.33743,134.47885,8.594044,250.35525,226.442,11.051549,226.20158,208.24197,9.3409167
VisualCogA_Task-2.mat,A,Task-2,13,1,R,False,False,False,True,none,1,133.6874,119.59764,7.546089,167.32189,156.87559,8.836151,141.87318,126.94694,9.7927672
VisualCogA_Task-2.mat,A,Task-2,14,-1,L,False,False,False,True,none,1,171.2939,120.41,6.4379378,150.53363,144.8359,7.4939151,210.41694,163.40807,9.0219653
VisualCogA_Task-2.mat,A,Task-2,15,-1,L,False,False,False,True,none,1,183.18347,135.17548,11.935095,171.61327,110.31488,10.410636,215.86377,162.63171,12.672794
VisualCogA_Task-2.mat,A,Task-2,16,-1,L,False,False,False,True,none,1,139.7055,115.75112,8.9833029,184.74432,164.65295,7.560201,153.83479,134.04869,8.4648822
VisualCogA_Task-2.mat,A,Task-2,17,1,R,False,False,False,True,none,1,110.16776,94.014024,11.905274,124.0781,99.242579,12.72125,116.00764,98.364079,11.275602
VisualCogA_Task-2.mat,A,Task-2,18,1,R,False,False,False,True,none,1,74.24331,47.772199,6.857882,93.720417,80.073723,6.7193204,91.331827,77.915154,5.1645888
VisualCogA_Task-2.mat,A,Task-2,19,-1,L,False,False,False,True,none,1,124.10764,84.257869,8.2608286,147.76091,81.477333,8.3392294,139.40583,94.28991,10.078524
VisualCogA_Task-2.mat,A,Task-2,20,-1,L,False,False,False,True,none,1,163.88779,132.53067,9.6757331,157.42568,134.85995,9.1104378,200.88926,160.70148,9.3641862
VisualCogA_Task-2.mat,A,Task-2,21,1,R,False,False,False,True,none,1,153.77947,81.155712,9.0829876,151.30788,132.17948,8.6426672,192.21082,102.44232,10.319181
VisualCogA_Task-2.mat,A,Task-2,22,-1,L,False,False,False,True,none,1,189.04116,131.26116,7.3133836,219.2136,197.40444,7.5890861,242.48565,197.52357,8.1315489
VisualCogA_Task-2.mat,A,Task-2,23,1,R,False,False,False,True,none,1,98.213083,59.785061,6.1996846,177.92661,129.34259,7.7110156,153.5895,90.295219,8.089119
VisualCogA_Task-2.mat,A,Task-2,24,1,R,False,False,False,True,none,1,47.299294,31.715001,4.4612553,46.05359,23.275535,4.540945,44.227107,30.443833,5.0404661
VisualCogA_Task-2.mat,A,Task-2,25,-1,L,False,False,False,True,none,1,161.49308,95.223951,8.6841503,142.08668,74.343049,9.6263362,198.62823,117.0193,9.7101484
VisualCogA_Task-2.mat,A,Task-2,26,-1,L,False,False,False,True,none,1,179.74128,160.3611,10.935639,181.38949,157.45312,10.407026,204.22206,188.78406,13.031685
VisualCogA_Task-2.mat,A,Task-2,27,1,R,False,False,False,True,none,1,162.00759,97.394298,6.1293588,123.08343,97.084078,6.2682526,199.03045,117.93107,7.8851736
VisualCogA_Task-2.mat,A,Task-2,28,1,R,False,False,False,True,none,1,173.74141,147.58727,8.7503863,159.48854,139.54795,7.8605514,209.11132,174.48871,9.4262467
VisualCogA_Task-2.mat,A,Task-2,29,1,R,False,False,False,True,none,1,180.25415,113.8295,6.9347303,149.17253,95.98049,6.8223425,205.86103,118.61855,7.3890646
VisualCogA_Task-2.mat,A,Task-2,30,-1,L,False,True,False,False,raw_saturation_or_nonfinite,1,137.17624,92.704994,11.226671,312.95423,184.40933,12.072252,182.21903,91.845556,11.496086
VisualCogA_Task-2.mat,A,Task-2,31,-1,L,False,False,False,True,none,1,170.93611,112.7569,13.20803,221.93359,155.07231,14.05991,172.84648,117.66334,11.401663
VisualCogA_Task-2.mat,A,Task-2,32,-1,L,False,False,False,True,none,1,107.31931,84.400489,9.8374482,110.47859,75.030758,10.80946,110.30632,87.156771,8.8356216
VisualCogA_Task-2.mat,A,Task-2,33,1,R,False,True,False,False,raw_saturation_or_nonfinite,1,196.47277,183.72081,6.9957712,515.1907,497.32084,8.6091088,272.84688,263.10837,7.0017328
VisualCogA_Task-2.mat,A,Task-2,34,-1,L,False,False,False,True,none,1,272.41333,252.72104,6.5005619,408.5725,390.51445,8.547,369.33385,346.20914,9.7905642
VisualCogA_Task-2.mat,A,Task-2,35,-1,L,False,False,False,True,none,1,122.35307,105.17262,8.8409757,136.42616,118.89127,8.6963152,129.0634,109.41382,8.9959515
VisualCogA_Task-2.mat,A,Task-2,36,1,R,False,False,False,True,none,1,92.320678,72.786508,11.22574,85.121683,66.330118,10.85804,104.1029,81.746566,10.811262
VisualCogA_Task-2.mat,A,Task-2,37,1,R,False,False,False,True,none,1,205.36544,190.34428,8.7983764,309.88325,293.3996,11.294061,251.76213,242.58685,10.259914
VisualCogA_Task-2.mat,A,Task-2,38,-1,L,False,False,False,True,none,1,143.64095,118.86273,11.550908,123.03157,103.27961,10.582888,160.20723,148.38866,13.661346
VisualCogA_Task-2.mat,A,Task-2,39,1,R,False,True,False,False,raw_saturation_or_nonfinite,1,154.76903,101.30732,11.418641,140.47768,124.13904,9.0293493,199.99561,135.05688,14.161901
VisualCogA_Task-2.mat,A,Task-2,40,-1,L,False,False,False,True,none,1,91.359248,78.141574,7.3790949,163.94326,127.82081,7.9684483,112.56034,100.14212,8.9617534
VisualCogA_Task-2.mat,A,Task-2,41,-1,L,False,True,False,False,raw_saturation_or_nonfinite,1,121.77657,61.191719,6.0461983,274.91412,152.63091,7.606472,131.19386,92.346768,5.2385969
VisualCogA_Task-2.mat,A,Task-2,42,-1,L,False,False,False,True,none,1,113.90061,83.037687,9.0701719,122.69099,85.380746,9.0984143,115.93423,73.585813,9.6745292
VisualCogA_Task-2.mat,A,Task-2,43,-1,L,False,False,False,True,none,1,154.35303,77.79525,8.5935167,108.61277,71.666107,8.8791969,199.01036,116.98689,9.9748005
VisualCogA_Task-2.mat,A,Task-2,44,-1,L,False,False,False,True,none,1,126.77156,64.707556,7.9349694,114.41336,66.583956,10.052883,187.23955,100.03803,9.4313581
VisualCogA_Task-2.mat,A,Task-2,45,-1,L,False,True,False,False,raw_saturation_or_nonfinite,1,144.65975,134.4666,13.622141,362.29903,243.85696,12.286149,305.79174,262.08607,11.994326
VisualCogA_Task-2.mat,A,Task-2,46,-1,L,False,False,False,True,none,1,123.41491,81.871614,8.241046,126.20617,79.153991,8.5394617,145.73661,101.88372,8.8160085
VisualCogA_Task-2.mat,A,Task-2,47,-1,L,False,False,False,True,none,1,65.184049,38.885201,5.358218,71.460539,39.763751,5.5737304,72.622295,42.315221,6.053971
VisualCogA_Task-2.mat,A,Task-2,48,-1,L,False,False,False,True,none,1,115.90028,104.11659,8.499211,166.80537,135.0227,9.0217554,121.28383,106.97113,8.6374786
VisualCogA_Task-2.mat,A,Task-2,49,1,R,False,False,False,True,none,1,138.07208,122.22422,11.30208,114.78456,94.701051,11.784787,162.70291,119.92852,10.695641
VisualCogA_Task-2.mat,A,Task-2,50,1,R,False,False,False,True,none,1,89.184199,74.684542,8.4214995,280.05233,183.52941,7.0377217,126.64166,104.72517,8.715216
VisualCogA_Task-2.mat,A,Task-2,51,-1,L,False,False,False,True,none,1,266.3801,238.39633,11.222714,411.31718,340.33011,11.486877,435.72055,393.71909,15.389546
VisualCogA_Task-2.mat,A,Task-2,52,1,R,False,False,False,True,none,1,165.12702,112.56703,8.832312,181.72783,139.13445,8.7975221,234.71447,174.92083,10.54093
VisualCogA_Task-2.mat,A,Task-2,53,1,R,False,False,False,True,none,1,141.63984,123.34088,12.274974,163.32918,147.56824,11.521996,156.98968,134.86757,13.328394
VisualCogA_Task-2.mat,A,Task-2,54,-1,L,False,False,False,True,none,1,170.70799,148.92444,7.9856144,153.78355,137.80933,9.5138999,214.55806,182.89994,9.2436426
VisualCogA_Task-2.mat,A,Task-2,55,-1,L,False,False,False,True,none,1,130.41066,124.83485,9.1362331,172.32816,86.406838,9.5452327,229.01647,115.46282,8.1624016
VisualCogA_Task-2.mat,A,Task-2,56,1,R,False,False,False,True,none,1,149.80685,90.893884,8.0281953,202.25982,178.46407,9.6904131,233.19888,155.89585,8.3121313
VisualCogA_Task-2.mat,A,Task-2,57,1,R,False,False,False,True,none,1,119.45685,78.16581,12.160319,123.19266,87.032463,12.738471,159.04153,88.945098,12.062763
VisualCogA_Task-2.mat,A,Task-2,58,1,R,False,False,False,True,none,1,160.87068,105.27422,8.6883442,141.50877,100.53227,8.3909591,212.49245,143.36659,9.0273104
VisualCogA_Task-2.mat,A,Task-2,59,1,R,False,False,False,True,none,1,197.28658,142.27079,7.7375066,245.70842,197.1818,8.2659632,287.8939,217.21307,10.420736
VisualCogA_Task-2.mat,A,Task-2,60,1,R,False,False,False,True,none,1,152.46466,122.06727,11.804083,155.42224,134.39064,11.688589,207.08764,183.60232,10.334344
VisualCogA_Task-2.mat,A,Task-2,61,-1,L,False,False,False,True,none,1,119.98454,78.763333,8.8984979,151.35073,77.949285,7.8629279,118.99034,64.875957,9.1764826
VisualCogA_Task-2.mat,A,Task-2,62,1,R,False,False,False,True,none,1,148.36605,84.431873,7.7184904,175.81124,136.249,7.684406,193.65683,144.48807,9.412029
VisualCogA_Task-2.mat,A,Task-2,63,-1,L,False,True,False,False,raw_saturation_or_nonfinite,1,169.77817,134.35623,8.5907886,190.27284,160.13707,7.4947895,189.21453,164.86803,8.5972264
VisualCogA_Task-2.mat,A,Task-2,64,-1,L,False,False,False,True,none,1,155.08483,135.96903,11.028723,183.21114,177.27569,9.1243111,198.95264,179.06235,11.41177
VisualCogA_Task-2.mat,A,Task-2,65,1,R,False,False,False,True,none,1,172.94548,123.2646,9.5652035,155.89006,88.881712,8.8440741,182.17091,123.38494,10.863294
VisualCogA_Task-2.mat,A,Task-2,66,-1,L,False,False,False,True,none,1,150.23587,90.7036,7.7499536,146.76061,116.50928,6.9008152,182.39529,108.38939,8.2635348
VisualCogA_Task-2.mat,A,Task-2,67,1,R,False,False,False,True,none,1,176.12785,137.01904,8.4116183,135.72301,82.647378,8.0934084,185.4432,134.69593,9.9278422
VisualCogA_Task-2.mat,A,Task-2,68,1,R,False,False,False,True,none,1,238.0751,181.59976,11.770045,350.34848,296.07411,12.801813,395.01259,332.75522,12.428902
VisualCogA_Task-2.mat,A,Task-2,69,-1,L,False,False,False,True,none,1,68.53851,44.302585,7.3158369,101.08488,53.37467,8.4952141,59.103385,46.099961,8.3919087
VisualCogA_Task-2.mat,A,Task-2,70,-1,L,False,False,False,True,none,1,202.46429,163.18981,7.0425493,281.22746,272.19498,6.5440458,304.30432,268.07746,9.628363
VisualCogA_Task-2.mat,A,Task-2,71,1,R,False,False,False,True,none,1,148.76703,132.87816,10.070424,152.371,137.3004,8.1658199,155.71128,137.22901,10.523019
VisualCogA_Task-2.mat,A,Task-2,72,1,R,False,False,False,True,none,1,137.17367,78.877139,14.449407,238.34182,166.83065,13.291442,211.5217,135.72208,16.563742
VisualCogA_Task-2.mat,A,Task-2,73,1,R,False,False,False,True,none,1,167.22156,131.77396,6.6997575,145.60961,122.18565,5.7436343,214.59827,169.71731,8.6890922
VisualCogA_Task-2.mat,A,Task-2,74,1,R,False,False,False,True,none,1,134.24817,89.503358,11.643977,122.16091,105.85875,11.053982,187.88563,129.09137,12.272968
VisualCogA_Task-2.mat,A,Task-2,75,-1,L,False,False,False,True,none,1,143.09771,79.372541,10.076766,154.52717,101.08326,10.9862,141.74527,79.405245,10.346952
VisualCogA_Task-2.mat,A,Task-2,76,-1,L,False,False,False,True,none,1,75.561421,44.222968,6.4188967,90.899341,71.386102,7.525319,64.289362,33.890345,5.1533968
VisualCogA_Task-2.mat,A,Task-2,77,-1,L,False,False,False,True,none,1,161.44901,107.66596,6.7550299,136.64093,93.729783,6.8329485,216.76838,150.44416,10.139771
VisualCogA_Task-2.mat,A,Task-2,78,1,R,False,False,False,True,none,1,204.25823,146.32506,10.746687,187.11158,103.95466,10.311361,242.00168,185.20988,11.842187
VisualCogA_Task-2.mat,A,Task-2,79,-1,L,False,False,False,True,none,1,139.63329,113.76624,7.706548,149.24413,127.90137,8.3164208,149.57097,135.10598,7.9551513
VisualCogA_Task-2.mat,A,Task-2,80,1,R,False,True,False,False,raw_saturation_or_nonfinite,1,117.25535,82.506057,6.7400838,87.222905,43.906883,7.6194328,132.07296,87.26266,9.0739208
VisualCogA_Task-2.mat,A,Task-2,81,-1,L,False,False,False,True,none,1,266.48795,197.93706,11.686477,397.00134,313.25279,10.404724,361.78532,287.13119,12.598831
VisualCogA_Task-2.mat,A,Task-2,82,1,R,False,False,False,True,none,1,222.69781,211.33404,9.9080036,223.67721,189.87695,9.547533,245.3734,237.22277,9.9245994
VisualCogA_Task-2.mat,A,Task-2,83,1,R,False,False,False,True,none,1,153.25464,84.384097,11.24869,104.24685,86.504767,9.6693548,206.92042,122.37335,11.63472
VisualCogA_Task-2.mat,A,Task-2,84,-1,L,False,False,False,True,none,1,118.24674,67.117368,9.9180718,101.85665,62.913658,8.2312308,140.26874,78.521674,10.668667
VisualCogA_Task-2.mat,A,Task-2,85,1,R,False,False,False,True,none,1,178.04596,133.6919,8.1393377,174.76457,114.32541,9.2417138,215.23281,142.996,9.3815057
VisualCogA_Task-2.mat,A,Task-2,86,-1,L,False,True,False,False,raw_saturation_or_nonfinite,1,66.035147,44.121904,4.6776134,126.15202,120.71319,5.0980861,144.85205,73.824023,7.6520101
VisualCogA_Task-2.mat,A,Task-2,87,-1,L,False,False,False,True,none,1,133.20622,96.040427,6.5487765,119.24279,94.734639,9.9194482,134.80397,97.732196,7.9821201
VisualCogA_Task-2.mat,A,Task-2,88,1,R,False,False,False,True,none,1,182.66493,169.88674,8.764401,315.48602,299.04691,9.5522061,349.42204,334.50284,10.310503
VisualCogA_Task-2.mat,A,Task-2,89,-1,L,False,False,False,True,none,1,149.2826,84.482262,5.5437215,140.34472,70.498316,5.7849177,202.47865,107.03845,7.1449123
VisualCogA_Task-2.mat,A,Task-2,90,-1,L,False,False,False,True,none,1,157.34098,144.41094,10.250466,98.375311,72.024908,7.6273801,255.6406,228.58683,10.827798
VisualCogA_Task-2.mat,A,Task-2,91,-1,L,False,False,False,True,none,1,65.69756,33.012329,6.4162667,80.718737,46.605331,8.5967328,51.210942,26.106417,5.0340195
VisualCogA_Task-2.mat,A,Task-2,92,-1,L,False,False,False,True,none,1,212.92282,183.12548,7.7651033,341.87586,333.29605,8.2672007,343.04473,325.64531,8.83805
VisualCogA_Task-2.mat,A,Task-2,93,1,R,False,False,False,True,none,1,156.8522,90.507965,8.6822965,124.37874,62.988227,8.5758884,209.7532,130.34943,10.529305
VisualCogA_Task-2.mat,A,Task-2,94,-1,L,False,False,False,True,none,1,137.35141,116.62392,8.8120623,380.0212,365.74675,9.0508348,208.80545,195.98998,7.4468115
VisualCogA_Task-2.mat,A,Task-2,95,-1,L,False,False,False,True,none,1,154.40396,81.933196,9.5828877,197.09218,113.37881,8.962798,225.9992,122.4932,11.222952
VisualCogA_Task-2.mat,A,Task-2,96,-1,L,False,False,False,True,none,1,123.35913,85.142157,10.007448,163.22689,126.90774,10.252523,146.2061,95.958694,8.9804336
VisualCogA_Task-2.mat,A,Task-2,97,-1,L,False,False,False,True,none,1,160.22442,135.15711,8.9619065,143.47695,121.33176,9.4733401,178.20316,157.32503,9.9133868
VisualCogA_Task-2.mat,A,Task-2,98,-1,L,False,False,False,True,none,1,180.17706,130.72329,9.9837827,193.65986,115.71779,8.3674329,221.94001,129.10445,12.842812
VisualCogA_Task-2.mat,A,Task-2,99,-1,L,False,False,False,True,none,1,104.46528,85.495058,10.077552,105.16983,64.709398,10.579366,109.34934,74.143534,9.1300562
VisualCogA_Task-2.mat,A,Task-2,100,-1,L,False,False,False,True,none,1,147.3837,111.04228,9.668874,96.547207,82.430258,7.583429,212.95907,165.5081,12.579373
VisualCogB_Task-1.mat,B,Task-1,1,-1,L,False,False,False,True,none,1,136.82065,117.86026,12.221846,116.59226,100.38539,10.646395,129.86003,92.000969,12.729248
VisualCogB_Task-1.mat,B,Task-1,2,-1,L,False,False,False,True,none,1,50.240743,27.857308,8.7104411,74.222795,41.914924,14.594825,47.217552,25.327717,11.366096
VisualCogB_Task-1.mat,B,Task-1,3,1,R,False,False,False,True,none,1,43.435836,31.754392,5.7846044,63.982875,55.037255,5.8872887,48.641069,36.377518,5.1516636
VisualCogB_Task-1.mat,B,Task-1,4,-1,L,False,False,False,True,none,1,38.327157,19.518646,7.6064786,46.859319,26.70333,7.1147765,43.866465,27.90505,7.6859092
VisualCogB_Task-1.mat,B,Task-1,5,1,R,False,False,False,True,none,1,80.962148,65.924405,10.096515,47.083962,32.94833,8.7660067,47.643402,32.148689,9.4676378
VisualCogB_Task-1.mat,B,Task-1,6,1,R,False,False,False,True,none,1,184.75554,171.32353,7.2540553,239.8286,222.19147,6.676206,251.91981,238.59922,9.0738338
VisualCogB_Task-1.mat,B,Task-1,7,1,R,False,False,False,True,none,1,50.977264,28.881724,7.8046732,57.464184,44.957698,6.4836668,53.188505,28.217982,6.8723866
VisualCogB_Task-1.mat,B,Task-1,8,-1,L,False,False,False,True,none,1,45.204829,31.533206,7.3782501,39.738781,20.367451,6.3443075,52.105531,33.398262,6.4697806
VisualCogB_Task-1.mat,B,Task-1,9,-1,L,False,False,False,True,none,1,42.093652,24.860672,6.5847685,66.070541,43.364778,9.2093761,45.358328,34.003807,7.2115739
VisualCogB_Task-1.mat,B,Task-1,10,-1,L,False,False,False,True,none,1,90.398919,60.733829,8.5761552,106.23153,88.936344,8.5627698,70.256881,42.299836,6.6323863
VisualCogB_Task-1.mat,B,Task-1,11,1,R,False,False,False,True,none,1,35.776161,18.317116,6.6804833,63.929604,54.030121,6.8036858,42.286382,23.054529,6.3145986
VisualCogB_Task-1.mat,B,Task-1,12,-1,L,False,False,False,True,none,1,62.555614,38.191104,8.1717419,61.348367,38.402413,8.4487921,65.444023,33.223054,8.127835
VisualCogB_Task-1.mat,B,Task-1,13,1,R,False,False,False,True,none,1,111.67735,80.843199,10.412801,112.17205,88.089623,9.1769105,125.97181,104.56371,11.631317
VisualCogB_Task-1.mat,B,Task-1,14,1,R,False,True,False,False,raw_saturation_or_nonfinite,1,93.738299,74.264535,5.5456198,179.60916,165.83156,6.0463509,399.47511,348.43765,9.1533069
VisualCogB_Task-1.mat,B,Task-1,15,-1,L,False,False,False,True,none,1,59.761523,32.193687,9.4847486,60.019177,32.957386,9.3122154,73.473832,40.004654,10.655783
VisualCogB_Task-1.mat,B,Task-1,16,1,R,False,False,False,True,none,1,75.876792,54.198883,8.4588054,83.760553,64.767643,8.2894394,84.0877,70.970904,8.1355939
VisualCogB_Task-1.mat,B,Task-1,17,-1,L,False,False,False,True,none,1,84.810685,74.114307,7.6734921,257.7403,244.40309,8.187845,132.1697,108.1818,7.1163533
VisualCogB_Task-1.mat,B,Task-1,18,-1,L,False,False,False,True,none,1,54.993324,37.116098,6.9423903,114.59316,72.759206,5.351467,82.087321,51.676321,6.7761036
VisualCogB_Task-1.mat,B,Task-1,19,1,R,False,False,False,True,none,1,49.320815,34.406887,8.2938284,87.954011,64.549119,8.1312267,58.374363,40.136228,7.5419214
VisualCogB_Task-1.mat,B,Task-1,20,-1,L,False,False,False,True,none,1,73.726992,56.702702,6.3022139,191.62676,177.26976,7.3594947,126.23485,115.5587,6.8107233
VisualCogB_Task-1.mat,B,Task-1,21,1,R,False,False,False,True,none,1,49.922951,25.666584,7.8744133,64.96695,45.552429,8.0499256,73.993554,52.134338,7.9165314
VisualCogB_Task-1.mat,B,Task-1,22,1,R,False,False,False,True,none,1,114.57552,89.297076,8.0959909,88.082954,69.125397,6.9759585,149.90914,111.40811,8.7899061
VisualCogB_Task-1.mat,B,Task-1,23,1,R,False,True,False,False,raw_saturation_or_nonfinite,1,111.19055,84.08785,10.222486,112.5667,76.236086,9.5544663,139.20697,82.182518,11.655632
VisualCogB_Task-1.mat,B,Task-1,24,1,R,False,False,False,True,none,1,135.14595,112.88539,8.8641988,167.04056,146.62209,9.1103036,113.99862,94.247582,7.8883344
VisualCogB_Task-1.mat,B,Task-1,25,1,R,False,True,False,False,raw_saturation_or_nonfinite,1,311.36669,271.68145,9.7789861,164.14191,113.68066,7.7042824,162.72248,128.14912,7.4688721
VisualCogB_Task-1.mat,B,Task-1,26,1,R,False,False,False,True,none,1,44.524765,25.66254,6.5404841,100.55875,81.581143,5.9067746,160.27133,141.17817,8.6430564
VisualCogB_Task-1.mat,B,Task-1,27,1,R,False,False,False,True,none,1,109.42121,56.020004,12.013652,120.41601,60.597791,11.737103,110.92602,58.430479,11.315235
VisualCogB_Task-1.mat,B,Task-1,28,1,R,False,False,False,True,none,1,159.51627,138.66992,10.3695,107.78328,59.854017,11.734416,174.57207,158.61981,11.679003
VisualCogB_Task-1.mat,B,Task-1,29,1,R,False,False,False,True,none,1,117.20548,90.544193,8.8619666,125.45381,94.866796,8.267742,147.57315,107.72588,11.008198
VisualCogB_Task-1.mat,B,Task-1,30,-1,L,False,False,False,True,none,1,139.29315,119.97502,8.738702,102.94584,76.381065,8.7628145,137.09404,94.973323,9.5226579
VisualCogB_Task-1.mat,B,Task-1,31,1,R,False,False,False,True,none,1,113.2489,88.393721,8.3254003,94.935489,76.164535,7.5190964,105.15703,79.626866,8.0546382
VisualCogB_Task-1.mat,B,Task-1,32,-1,L,False,False,False,True,none,1,46.513463,27.596288,7.3507911,75.58971,59.959827,8.7945121,45.187468,24.656736,5.9674563
VisualCogB_Task-1.mat,B,Task-1,33,-1,L,False,False,False,True,none,1,124.75466,108.28597,9.9233906,114.98048,101.1497,10.268623,131.75118,118.08607,9.968048
VisualCogB_Task-1.mat,B,Task-1,34,1,R,False,False,False,True,none,1,129.41801,88.783431,10.349102,108.91344,96.637057,11.520622,127.04483,103.02227,9.0149573
VisualCogB_Task-1.mat,B,Task-1,35,-1,L,False,False,False,True,none,1,87.2884,72.060906,6.5211696,120.17298,100.52337,6.9691069,103.22614,85.373441,6.4253066
VisualCogB_Task-1.mat,B,Task-1,36,-1,L,False,True,False,False,raw_saturation_or_nonfinite,1,157.51356,112.09252,11.656425,109.48822,62.56194,11.137499,125.33769,87.922371,11.703072
VisualCogB_Task-1.mat,B,Task-1,37,-1,L,False,False,False,True,none,1,151.82535,111.64195,12.265172,138.81646,120.27921,13.932866,153.27871,128.15501,13.080953
VisualCogB_Task-1.mat,B,Task-1,38,-1,L,False,False,False,True,none,1,101.63847,55.749374,9.3994082,109.03564,56.907191,10.127516,90.321642,45.942671,9.5690977
VisualCogB_Task-1.mat,B,Task-1,39,1,R,False,False,False,True,none,1,95.535052,64.71787,9.7041769,176.62292,166.69895,11.098473,170.97503,155.4599,10.845739
VisualCogB_Task-1.mat,B,Task-1,40,1,R,False,False,False,True,none,1,101.99151,69.37035,7.6665769,43.409627,24.223677,8.1395975,60.99878,35.982779,8.1684246
VisualCogB_Task-1.mat,B,Task-1,41,-1,L,False,False,False,True,none,1,128.49686,106.23502,13.78747,133.65819,111.32991,13.667565,135.3284,110.42439,13.028385
VisualCogB_Task-1.mat,B,Task-1,42,1,R,False,False,False,True,none,1,191.62936,175.82958,12.485499,153.52865,141.46696,12.085043,129.49019,71.790787,12.479087
VisualCogB_Task-1.mat,B,Task-1,43,1,R,False,False,False,True,none,1,120.30276,83.341848,8.9030914,129.40681,75.104343,7.7386801,147.8047,108.68728,10.277596
VisualCogB_Task-1.mat,B,Task-1,44,1,R,False,False,False,True,none,1,124.99371,100.59131,16.257943,127.10938,116.59583,15.299847,145.03615,127.01215,17.092511
VisualCogB_Task-1.mat,B,Task-1,45,1,R,False,False,False,True,none,1,41.858183,24.565804,10.157118,58.928221,41.497679,9.5106779,62.73494,46.038263,9.3619784
VisualCogB_Task-1.mat,B,Task-1,46,-1,L,False,True,False,False,raw_saturation_or_nonfinite,1,134.83474,116.69584,10.198801,314.5497,202.94031,14.72771,241.95243,187.78298,11.566192
VisualCogB_Task-1.mat,B,Task-1,47,-1,L,False,False,False,True,none,1,121.10952,71.147354,10.053909,129.69994,120.60829,11.481592,301.03837,273.14837,11.019464
VisualCogB_Task-1.mat,B,Task-1,48,1,R,False,False,False,True,none,1,189.58849,177.35735,14.678205,172.00187,116.9388,12.297915,304.36065,161.82486,17.640056
VisualCogB_Task-1.mat,B,Task-1,49,1,R,False,False,False,True,none,0,47.53713,33.7954,6.6516078,49.981025,36.747863,6.796738,58.811643,34.201515,9.0902168
VisualCogB_Task-1.mat,B,Task-1,50,-1,L,False,False,True,False,extreme_residual_artifact,1,323.87883,259.46363,11.289086,172.25411,100.28691,12.535682,184.07088,120.70992,11.010247
VisualCogB_Task-1.mat,B,Task-1,51,1,R,False,False,False,True,none,1,122.70005,74.164899,7.5132977,89.791258,74.059312,6.5785293,97.466086,69.809107,8.0227892
VisualCogB_Task-1.mat,B,Task-1,52,-1,L,False,False,False,True,none,1,145.64179,133.78308,14.993209,136.17371,98.702622,14.290107,148.67679,119.92765,16.866503
VisualCogB_Task-1.mat,B,Task-1,53,1,R,False,False,False,True,none,1,49.47236,27.351067,8.2697481,44.092682,32.677865,6.5718072,50.931483,29.24251,8.4979306
VisualCogB_Task-1.mat,B,Task-1,54,-1,L,False,True,False,False,raw_saturation_or_nonfinite,1,57.209632,43.887719,8.6806892,60.79207,47.098757,7.192953,87.01653,67.202321,8.4509332
VisualCogB_Task-1.mat,B,Task-1,55,1,R,False,False,False,True,none,1,108.81936,97.523094,9.236905,249.49114,184.48011,7.8126475,200.95266,171.03942,11.070814
VisualCogB_Task-1.mat,B,Task-1,56,-1,L,False,False,False,True,none,1,102.85121,76.912829,9.5833988,95.140597,80.374128,8.6729996,159.49008,138.12121,12.633163
VisualCogB_Task-1.mat,B,Task-1,57,1,R,False,False,False,True,none,1,158.80077,123.55157,11.937215,101.68375,62.664233,9.0535208,118.08044,97.206521,12.497134
VisualCogB_Task-1.mat,B,Task-1,58,1,R,False,False,False,True,none,1,216.71392,194.76247,10.609055,214.37963,146.25328,11.942476,275.61622,145.01371,11.780858
VisualCogB_Task-1.mat,B,Task-1,59,1,R,False,False,False,True,none,1,79.410126,55.27014,5.9324737,40.582238,24.023033,7.9359241,62.913417,40.846162,5.9648367
VisualCogB_Task-1.mat,B,Task-1,60,1,R,False,False,False,True,none,1,42.373091,23.110069,7.1160408,46.396358,29.172634,7.7897423,39.132015,25.50296,6.6323801
VisualCogB_Task-1.mat,B,Task-1,61,-1,L,False,False,False,True,none,1,90.926893,50.453404,8.5802089,143.12823,127.91813,9.2732985,117.6242,74.730894,8.564664
VisualCogB_Task-1.mat,B,Task-1,62,-1,L,False,False,False,True,none,1,74.437123,43.778008,5.9210914,132.21332,74.19481,4.9205599,288.62452,244.24309,6.3431011
VisualCogB_Task-1.mat,B,Task-1,63,1,R,False,False,False,True,none,1,102.71508,56.64789,9.5436742,104.12066,90.986459,11.02956,107.01474,92.70825,11.595616
VisualCogB_Task-1.mat,B,Task-1,64,-1,L,False,False,False,True,none,1,116.9374,85.772904,11.026953,132.0982,113.42969,10.266777,123.31717,81.867384,11.004234
VisualCogB_Task-1.mat,B,Task-1,65,-1,L,False,False,False,True,none,1,129.12251,114.05462,11.091309,124.25604,87.36815,10.741394,140.19713,87.385196,10.550971
VisualCogB_Task-1.mat,B,Task-1,66,-1,L,False,False,False,True,none,1,219.49494,189.62489,7.5235964,155.91329,119.00558,16.665952,122.20727,71.330209,6.3827491
VisualCogB_Task-1.mat,B,Task-1,67,1,R,False,False,False,True,none,1,92.742847,72.723182,7.3525706,72.072775,45.767247,8.3879949,88.358996,47.287726,7.558645
VisualCogB_Task-1.mat,B,Task-1,68,1,R,False,False,False,True,none,1,108.74341,90.97675,10.323315,99.6247,87.526623,7.1414916,152.8683,128.28134,11.40787
VisualCogB_Task-1.mat,B,Task-1,69,-1,L,False,False,False,True,none,1,100.6474,84.980433,5.7600465,111.65501,94.300951,5.426389,91.795738,71.466841,6.9443333
VisualCogB_Task-1.mat,B,Task-1,70,-1,L,False,False,False,True,none,1,115.09539,65.898781,8.7391037,92.554892,55.089998,8.6647444,95.365024,54.052384,7.5803774
VisualCogB_Task-1.mat,B,Task-1,71,1,R,False,False,False,True,none,1,97.33335,56.664781,6.6062564,106.20754,91.950133,8.2518719,99.468231,87.003968,7.4470835
VisualCogB_Task-1.mat,B,Task-1,72,1,R,False,False,False,True,none,1,98.317237,77.403375,7.7353366,146.16649,128.34247,7.0702997,203.08848,194.48451,8.057849
VisualCogB_Task-1.mat,B,Task-1,73,-1,L,False,False,False,True,none,1,88.80004,62.21517,8.8723022,103.07623,90.027991,9.2603273,92.357148,71.422467,7.2975734
VisualCogB_Task-1.mat,B,Task-1,74,-1,L,False,False,False,True,none,1,48.05669,31.599389,7.2321462,62.533391,31.753967,7.3467524,63.895974,35.992377,7.0420122
VisualCogB_Task-1.mat,B,Task-1,75,1,R,False,False,False,True,none,1,101.05115,73.533864,7.3697997,139.01353,125.18326,7.6697084,164.79678,137.3818,6.4469581
VisualCogB_Task-1.mat,B,Task-1,76,-1,L,False,False,False,True,none,1,203.01409,191.98579,9.7789874,169.77814,158.93071,8.7084239,197.03664,184.32607,7.3404272
VisualCogB_Task-1.mat,B,Task-1,77,-1,L,False,False,False,True,none,1,130.38262,114.04798,14.832798,147.92223,132.14171,13.556512,125.99834,111.41274,13.685883
VisualCogB_Task-1.mat,B,Task-1,78,-1,L,False,True,False,False,raw_saturation_or_nonfinite,1,142.7352,130.71952,11.566682,343.41212,275.32608,9.6868634,177.02128,146.27366,11.293768
VisualCogB_Task-1.mat,B,Task-1,79,1,R,False,False,False,True,none,1,119.90623,94.154904,8.2930785,116.82736,70.25738,8.2117179,119.03986,69.947535,7.5458318
VisualCogB_Task-1.mat,B,Task-1,80,-1,L,False,False,False,True,none,1,121.06906,94.712008,9.2363848,117.55074,86.29314,8.4925324,135.66214,113.56994,11.369502
VisualCogB_Task-1.mat,B,Task-1,81,-1,L,False,False,False,True,none,1,118.17049,91.396421,8.4516973,105.49573,54.250379,9.4164148,100.52172,72.959466,8.9557964
VisualCogB_Task-1.mat,B,Task-1,82,1,R,False,False,False,True,none,1,159.06157,100.87529,10.835051,155.77122,93.026104,10.302533,163.05404,87.348541,11.232984
VisualCogB_Task-1.mat,B,Task-1,83,-1,L,False,False,False,True,none,1,139.76685,115.263,11.710924,104.78919,74.233116,11.517706,139.69788,108.72485,11.670126
VisualCogB_Task-1.mat,B,Task-1,84,-1,L,False,False,False,True,none,1,108.69151,88.560819,8.646211,104.88121,83.407213,7.3453954,116.51969,91.511348,10.234027
VisualCogB_Task-1.mat,B,Task-1,85,1,R,False,False,False,True,none,1,123.78159,91.887487,11.285029,129.50263,116.23652,10.929385,146.35855,123.52299,10.40412
VisualCogB_Task-1.mat,B,Task-1,86,-1,L,False,False,False,True,none,1,118.98165,97.613982,9.4246635,131.90281,106.38372,8.2855233,142.9946,114.02406,9.2397707
VisualCogB_Task-1.mat,B,Task-1,87,-1,L,False,False,False,True,none,0,38.148004,23.509627,5.3357612,42.585021,26.965642,7.1365239,44.521805,25.853067,4.6181294
VisualCogB_Task-1.mat,B,Task-1,88,1,R,False,True,False,False,raw_saturation_or_nonfinite,1,126.64107,125.57648,9.7238432,188.67898,165.58037,9.2186897,128.25746,109.96723,10.628097
VisualCogB_Task-1.mat,B,Task-1,89,-1,L,False,False,False,True,none,1,228.17267,210.86012,12.295741,230.88625,193.73171,14.415293,209.21874,166.7606,15.950397
VisualCogB_Task-1.mat,B,Task-1,90,-1,L,False,False,False,True,none,1,111.55593,89.621724,6.4771845,139.39806,124.31832,6.4959736,134.57914,123.39347,7.7179213
VisualCogB_Task-1.mat,B,Task-1,91,1,R,False,False,False,True,none,1,48.654547,24.912215,6.7201673,36.409472,23.549024,5.7920891,49.784415,25.183038,7.1278706
VisualCogB_Task-1.mat,B,Task-1,92,1,R,False,True,False,False,raw_saturation_or_nonfinite,1,288.20836,217.32171,3.1054773,179.55672,126.75919,9.9995704,136.70367,102.63164,8.6166248
VisualCogB_Task-1.mat,B,Task-1,93,-1,L,False,False,False,True,none,1,137.14713,95.425329,9.7933461,130.05504,93.006083,11.551783,154.82011,113.0234,12.395271
VisualCogB_Task-1.mat,B,Task-1,94,1,R,False,False,False,True,none,1,87.399893,49.608461,7.6379596,95.218474,55.037973,6.7342132,91.583931,47.806063,8.0042063
VisualCogB_Task-1.mat,B,Task-1,95,-1,L,False,False,False,True,none,1,107.0055,83.983032,6.5342079,110.38393,90.074055,6.8475989,108.97787,86.939118,7.6719064
VisualCogB_Task-1.mat,B,Task-1,96,1,R,False,False,False,True,none,1,119.79611,102.41437,7.0329277,111.52772,97.983855,7.3722373,122.82535,104.80281,7.6396461
VisualCogB_Task-1.mat,B,Task-1,97,-1,L,False,False,False,True,none,1,230.21584,187.79023,9.3847644,179.93909,145.42639,8.866745,208.75444,184.55396,8.1841724
VisualCogB_Task-1.mat,B,Task-1,98,1,R,False,False,False,True,none,1,125.87185,100.50728,8.593972,109.73852,94.73896,8.8641481,130.47832,104.1405,9.2418692
VisualCogB_Task-1.mat,B,Task-1,99,1,R,False,False,False,True,none,1,108.42747,61.867535,7.7650822,112.42028,60.67048,7.9716335,114.8417,73.168995,8.1904795
VisualCogB_Task-1.mat,B,Task-1,100,1,R,False,False,False,True,none,1,92.913826,48.119116,8.4787763,123.02387,99.350614,7.078515,183.56149,172.81492,8.6404553
VisualCogB_Task-2.mat,B,Task-2,1,-1,L,False,False,False,True,none,1,84.43265,50.994996,6.9234255,132.17362,81.225125,5.9255042,102.79901,60.996677,7.2201452
VisualCogB_Task-2.mat,B,Task-2,2,-1,L,False,False,False,True,none,1,101.37866,72.701387,8.8308421,110.99865,65.560201,10.312898,106.94243,73.523755,9.286703
VisualCogB_Task-2.mat,B,Task-2,3,-1,L,False,False,False,True,none,1,128.74457,105.81654,7.6721139,136.16239,111.83569,6.9952429,139.98556,115.06535,6.7402573
VisualCogB_Task-2.mat,B,Task-2,4,1,R,False,False,False,True,none,1,161.22095,134.95422,8.7600372,205.29332,172.70756,8.8584464,214.74605,181.66886,10.7629
VisualCogB_Task-2.mat,B,Task-2,5,-1,L,False,False,False,True,none,1,120.26048,105.3459,11.226279,154.11824,140.15706,12.94587,135.24561,120.5197,11.419422
VisualCogB_Task-2.mat,B,Task-2,6,1,R,False,False,False,True,none,1,142.62423,122.1678,7.4834433,124.60699,99.290177,6.1987422,203.20862,181.2478,11.680653
VisualCogB_Task-2.mat,B,Task-2,7,1,R,False,False,False,True,none,1,157.0649,92.816041,6.5543713,134.89764,104.06246,6.6890579,192.31322,106.50766,7.0151276
VisualCogB_Task-2.mat,B,Task-2,8,1,R,False,False,False,True,none,1,169.02742,148.47445,8.0536803,214.56956,199.40027,8.5110147,220.78643,196.4435,8.1899034
VisualCogB_Task-2.mat,B,Task-2,9,1,R,False,False,False,True,none,1,108.36768,82.929441,8.5751819,176.28346,125.97538,10.634735,116.38118,92.169527,8.8504689
VisualCogB_Task-2.mat,B,Task-2,10,-1,L,False,True,False,False,raw_saturation_or_nonfinite,1,102.39064,79.377436,10.170719,92.020788,56.373016,9.5149531,119.29951,67.62831,9.5804142
VisualCogB_Task-2.mat,B,Task-2,11,1,R,False,False,False,True,none,1,156.06612,140.07765,6.795373,201.53848,194.6255,6.6327308,189.85473,169.32812,7.424524
VisualCogB_Task-2.mat,B,Task-2,12,1,R,False,False,False,True,none,1,124.11225,91.890701,11.616465,130.264,113.36468,10.378559,121.23374,100.06745,11.049794
VisualCogB_Task-2.mat,B,Task-2,13,1,R,False,False,False,True,none,1,121.57144,100.17544,11.174304,138.34231,121.92878,9.2995496,162.9013,140.87284,10.29623
VisualCogB_Task-2.mat,B,Task-2,14,1,R,False,True,False,False,raw_saturation_or_nonfinite,1,185.55746,168.30062,8.8802573,389.97676,345.38285,9.9654804,367.41504,346.28965,8.0395037
VisualCogB_Task-2.mat,B,Task-2,15,1,R,False,False,False,True,none,1,79.281245,68.070586,9.1256212,77.09967,53.912535,9.7976087,94.748824,73.608619,9.9182257
VisualCogB_Task-2.mat,B,Task-2,16,1,R,False,True,False,False,raw_saturation_or_nonfinite,1,104.38774,68.501538,5.7832768,202.18253,161.8624,7.6464421,157.07711,138.98396,6.8470667
VisualCogB_Task-2.mat,B,Task-2,17,-1,L,False,False,False,True,none,1,201.31239,143.43596,7.6824726,226.54903,215.38093,7.1467517,270.51412,228.06821,8.7153651
VisualCogB_Task-2.mat,B,Task-2,18,1,R,False,False,False,True,none,1,117.93219,91.367072,9.5464413,148.35356,87.545321,9.513052,131.93362,85.674533,9.2914959
VisualCogB_Task-2.mat,B,Task-2,19,1,R,False,False,False,True,none,1,154.36024,124.50657,8.0480112,143.55653,111.51661,6.6615321,206.16552,173.06016,9.887267
VisualCogB_Task-2.mat,B,Task-2,20,-1,L,False,False,False,True,none,1,231.95681,122.50673,11.142387,210.93096,148.67535,11.264708,311.38328,213.46889,12.332696
VisualCogB_Task-2.mat,B,Task-2,21,1,R,False,False,False,True,none,1,207.65791,139.52186,7.8315942,271.66195,235.83429,7.1999537,312.41317,233.13284,7.6914648
VisualCogB_Task-2.mat,B,Task-2,22,1,R,False,False,False,True,none,1,116.33506,108.18496,7.4858707,171.68467,162.64496,9.0448015,192.93523,179.00148,9.0901884
VisualCogB_Task-2.mat,B,Task-2,23,-1,L,False,True,False,False,raw_saturation_or_nonfinite,1,155.49962,138.2302,5.995696,263.01501,241.60439,7.2737826,256.36559,152.90201,9.1271606
VisualCogB_Task-2.mat,B,Task-2,24,-1,L,False,False,False,True,none,1,137.73997,99.548344,8.53301,154.93622,98.784625,9.7609405,158.4169,79.975447,10.59159
VisualCogB_Task-2.mat,B,Task-2,25,-1,L,False,False,False,True,none,1,143.68581,107.2071,7.1494761,116.6676,96.825914,7.6081935,193.18981,106.76409,8.5747848
VisualCogB_Task-2.mat,B,Task-2,26,1,R,False,False,False,True,none,1,160.97403,98.801121,7.3792906,95.02015,72.483181,8.3782764,175.32911,98.931466,6.8761561
VisualCogB_Task-2.mat,B,Task-2,27,-1,L,False,False,False,True,none,1,115.51755,74.080648,9.7135149,246.37353,199.47172,10.011123,170.22064,132.19572,9.0068356
VisualCogB_Task-2.mat,B,Task-2,28,-1,L,False,False,False,True,none,1,151.67413,113.26749,11.85857,127.97473,84.15255,10.925218,147.34721,119.04923,13.034323
VisualCogB_Task-2.mat,B,Task-2,29,-1,L,False,False,False,True,none,1,136.1754,68.237983,7.2880305,103.0089,74.214359,7.9872337,186.44535,125.39094,7.922231
VisualCogB_Task-2.mat,B,Task-2,30,1,R,False,False,False,True,none,1,122.95238,61.647445,7.4771017,120.09665,68.548542,6.4931327,145.78569,89.241783,7.8251896
VisualCogB_Task-2.mat,B,Task-2,31,1,R,False,False,False,True,none,1,141.3105,113.72386,7.6082715,149.13487,136.75485,5.7639227,194.28908,175.98016,8.0851142
VisualCogB_Task-2.mat,B,Task-2,32,1,R,False,False,False,True,none,1,138.38216,103.7507,8.9432853,120.86498,103.21735,10.127014,149.93541,76.228539,8.7399383
VisualCogB_Task-2.mat,B,Task-2,33,1,R,False,False,False,True,none,1,176.73253,90.427099,7.8214724,231.7857,140.21426,7.7375356,257.68509,163.4639,8.7843018
VisualCogB_Task-2.mat,B,Task-2,34,1,R,False,False,False,True,none,1,76.907289,63.814133,7.2558556,80.217996,61.416639,7.4683116,111.77306,57.262145,7.3447677
VisualCogB_Task-2.mat,B,Task-2,35,-1,L,False,False,False,True,none,1,92.104302,78.331649,7.6531612,113.1278,81.509512,10.468384,112.20645,90.546749,7.0733166
VisualCogB_Task-2.mat,B,Task-2,36,1,R,False,False,False,True,none,1,172.02837,157.76415,9.7519728,222.67599,199.0958,7.0794993,263.61949,250.79875,9.5348305
VisualCogB_Task-2.mat,B,Task-2,37,-1,L,False,False,False,True,none,1,103.95071,86.741106,6.4135316,97.002207,53.846092,5.9326595,135.85048,116.72421,8.4361555
VisualCogB_Task-2.mat,B,Task-2,38,-1,L,False,False,False,True,none,1,159.75228,135.65137,10.111852,180.56617,151.76961,9.6719033,188.81938,149.82006,9.5517912
VisualCogB_Task-2.mat,B,Task-2,39,1,R,False,False,False,True,none,1,132.69063,90.497291,11.740235,170.56287,138.36998,10.519576,143.23367,100.06647,13.90062
VisualCogB_Task-2.mat,B,Task-2,40,1,R,False,False,False,True,none,1,128.18395,66.023358,11.851055,118.822,95.335925,12.658914,166.39464,89.096005,11.731206
VisualCogB_Task-2.mat,B,Task-2,41,1,R,False,False,False,True,none,1,212.25603,181.07042,10.572958,248.47059,215.54025,10.677694,274.28024,243.42199,8.9939074
VisualCogB_Task-2.mat,B,Task-2,42,-1,L,False,False,False,True,none,1,150.98108,79.175651,9.8996932,157.62072,110.03715,10.475267,222.42614,127.3294,9.9465662
VisualCogB_Task-2.mat,B,Task-2,43,-1,L,False,True,False,False,raw_saturation_or_nonfinite,1,145.06594,120.73104,8.3255125,243.88841,181.83402,7.8115933,311.9098,260.09314,9.8355247
VisualCogB_Task-2.mat,B,Task-2,44,1,R,False,False,False,True,none,1,143.94748,95.849389,6.5397041,105.7589,69.047677,5.256284,181.27127,106.46787,7.3876745
VisualCogB_Task-2.mat,B,Task-2,45,-1,L,False,False,False,True,none,1,97.552481,84.912484,8.2163691,122.91773,108.28741,7.64337,167.63556,140.52304,8.915299
VisualCogB_Task-2.mat,B,Task-2,46,-1,L,False,False,False,True,none,1,180.37403,138.0072,9.8358799,137.47301,120.84843,8.5604626,227.28494,176.77689,10.3195
VisualCogB_Task-2.mat,B,Task-2,47,1,R,False,False,False,True,none,1,53.337305,33.876262,5.8953988,62.830199,40.711588,6.2574676,64.608423,33.582142,6.7443676
VisualCogB_Task-2.mat,B,Task-2,48,-1,L,False,False,False,True,none,1,152.96416,89.280348,8.3033407,157.41799,82.695178,11.781118,194.65411,105.08981,8.0038746
VisualCogB_Task-2.mat,B,Task-2,49,1,R,False,False,False,True,none,1,148.3626,94.24211,7.2516722,158.35348,130.70312,6.4335734,180.72009,93.775351,9.5130443
VisualCogB_Task-2.mat,B,Task-2,50,-1,L,False,True,False,False,raw_saturation_or_nonfinite,1,136.89098,122.39726,7.2678026,307.85066,297.337,9.7813123,367.94813,320.16755,10.951631
VisualCogB_Task-2.mat,B,Task-2,51,-1,L,False,False,False,True,none,1,151.66123,85.439002,8.0131826,176.12125,130.64854,6.3426169,179.39458,145.79351,9.1408509
VisualCogB_Task-2.mat,B,Task-2,52,-1,L,False,False,False,True,none,1,132.7781,93.365942,6.8852085,121.96281,108.56272,5.7893878,171.09583,109.88471,6.7273105
VisualCogB_Task-2.mat,B,Task-2,53,1,R,False,False,False,True,none,1,206.63128,163.6179,10.274611,206.59969,170.1503,8.0720035,276.20679,228.233,12.974364
VisualCogB_Task-2.mat,B,Task-2,54,1,R,False,True,False,False,raw_saturation_or_nonfinite,1,181.70941,141.35144,9.0348921,214.48819,124.72742,6.5944609,344.32836,249.61828,7.3860588
VisualCogB_Task-2.mat,B,Task-2,55,1,R,False,False,False,True,none,1,150.49907,132.94418,7.4568072,157.65848,150.454,7.848459,220.38745,208.77969,9.4926561
VisualCogB_Task-2.mat,B,Task-2,56,-1,L,False,True,False,False,raw_saturation_or_nonfinite,1,219.81411,173.41582,11.39768,403.51128,343.57435,10.892382,427.92242,384.94231,13.006945
VisualCogB_Task-2.mat,B,Task-2,57,-1,L,False,True,False,False,raw_saturation_or_nonfinite,1,92.70701,83.443679,6.559346,192.27252,184.15354,5.6480953,179.13359,162.05207,5.515208
VisualCogB_Task-2.mat,B,Task-2,58,-1,L,False,False,False,True,none,1,148.81274,118.16539,10.38068,86.726148,69.518422,8.165956,177.97222,90.66867,11.048462
VisualCogB_Task-2.mat,B,Task-2,59,-1,L,False,False,False,True,none,1,272.26141,177.04118,15.622134,266.74758,134.18641,14.413876,288.91832,172.9931,16.413542
VisualCogB_Task-2.mat,B,Task-2,60,-1,L,False,False,False,True,none,1,159.79118,117.15021,12.139858,118.39365,63.628148,9.5291076,193.4082,135.80874,13.276308
VisualCogB_Task-2.mat,B,Task-2,61,-1,L,False,False,False,True,none,1,153.05756,105.13538,7.655235,137.55281,102.60938,6.5257826,212.19917,141.83455,6.6157295
VisualCogB_Task-2.mat,B,Task-2,62,1,R,False,False,False,True,none,1,187.98636,151.23053,13.495385,144.44493,103.80063,10.916037,236.60843,189.44701,13.650908
VisualCogB_Task-2.mat,B,Task-2,63,-1,L,False,False,False,True,none,1,194.10268,130.92531,12.053304,165.03764,92.004113,10.46372,223.03028,129.2794,12.56141
VisualCogB_Task-2.mat,B,Task-2,64,-1,L,False,False,False,True,none,1,162.74405,100.32079,9.9952907,164.95472,130.63594,8.7111339,193.70171,97.523812,10.39085
VisualCogB_Task-2.mat,B,Task-2,65,1,R,False,False,False,True,none,1,76.543885,43.661059,7.4837079,146.58221,82.581535,6.8185823,131.67283,88.212566,6.5098139
VisualCogB_Task-2.mat,B,Task-2,66,1,R,False,False,False,True,none,1,144.98206,73.965932,8.9350503,200.59518,186.151,9.3041681,189.53883,171.68165,9.9141568
VisualCogB_Task-2.mat,B,Task-2,67,1,R,False,False,False,True,none,1,129.71782,79.600166,11.893214,160.09959,95.406702,12.271064,200.84923,176.30532,11.517618
VisualCogB_Task-2.mat,B,Task-2,68,1,R,False,False,False,True,none,1,153.45972,114.53846,7.3385993,153.59508,137.36081,6.5919347,196.96808,180.41844,9.0533937
VisualCogB_Task-2.mat,B,Task-2,69,-1,L,False,False,False,True,none,1,101.5686,84.037156,6.1157086,118.6253,101.48903,7.1242226,132.419,120.20187,6.8765364
VisualCogB_Task-2.mat,B,Task-2,70,-1,L,False,False,False,True,none,1,142.14057,127.41481,11.104616,183.15512,145.34074,11.50059,166.67907,146.2618,11.369607
VisualCogB_Task-2.mat,B,Task-2,71,1,R,False,False,False,True,none,1,162.86025,91.563001,8.3367884,135.45587,88.238258,6.9028884,213.71401,111.30852,10.498821
VisualCogB_Task-2.mat,B,Task-2,72,1,R,False,False,False,True,none,1,192.45111,100.69327,8.5068323,273.31425,138.90925,7.4438533,298.49643,155.7467,9.1777903
VisualCogB_Task-2.mat,B,Task-2,73,1,R,False,False,False,True,none,1,173.45456,161.73458,9.2343158,171.81187,155.6955,7.3319097,195.95059,185.81916,11.13124
VisualCogB_Task-2.mat,B,Task-2,74,-1,L,False,False,False,True,none,1,102.22812,56.176179,5.9670432,112.76529,67.54297,6.0081882,109.69581,70.520107,7.2471923
VisualCogB_Task-2.mat,B,Task-2,75,-1,L,False,False,False,True,none,1,99.506271,74.693557,9.381657,158.58879,134.07761,7.6406737,135.96469,91.220279,11.974961
VisualCogB_Task-2.mat,B,Task-2,76,1,R,False,False,False,True,none,1,122.48665,84.988746,10.292193,165.7353,144.20118,9.3824951,193.3172,177.31664,11.497446
VisualCogB_Task-2.mat,B,Task-2,77,1,R,False,False,False,True,none,1,130.18459,77.533128,9.8897462,83.942923,42.57626,7.3333899,153.85122,98.141488,9.4384169
VisualCogB_Task-2.mat,B,Task-2,78,-1,L,False,False,False,True,none,1,94.578964,75.493211,6.6527812,134.82662,121.52661,4.6435541,124.77388,104.15564,7.4339524
VisualCogB_Task-2.mat,B,Task-2,79,-1,L,False,False,False,True,none,1,115.18214,72.381396,8.882231,144.68641,74.636197,9.1126398,141.20418,93.694841,10.957145
VisualCogB_Task-2.mat,B,Task-2,80,-1,L,False,False,False,True,none,1,161.77646,102.37029,8.5645028,131.08311,88.004274,7.3408357,217.62802,148.46692,10.845571
VisualCogB_Task-2.mat,B,Task-2,81,1,R,False,False,False,True,none,1,130.44533,117.1004,7.4623375,158.7395,145.66244,7.268272,139.36691,128.70366,7.9090281
VisualCogB_Task-2.mat,B,Task-2,82,-1,L,False,True,False,False,raw_saturation_or_nonfinite,1,152.86711,123.56429,9.6823962,259.77797,206.245,9.2013144,291.25681,255.33084,11.045207
VisualCogB_Task-2.mat,B,Task-2,83,1,R,False,False,False,True,none,1,171.64021,135.48406,9.851915,151.11845,139.95666,8.83646,216.21114,181.3681,9.9639291
VisualCogB_Task-2.mat,B,Task-2,84,-1,L,False,False,False,True,none,1,163.38775,134.55955,9.6894812,163.38088,142.48123,8.3550074,211.18759,180.94911,10.325338
VisualCogB_Task-2.mat,B,Task-2,85,-1,L,False,True,False,False,raw_saturation_or_nonfinite,1,241.45864,219.66032,9.6078944,323.44648,291.44979,9.4139991,335.4162,323.41327,13.00405
VisualCogB_Task-2.mat,B,Task-2,86,1,R,False,False,False,True,none,1,144.77999,106.79166,9.8981169,122.88397,85.751597,9.6014003,178.88386,132.76915,9.0337082
VisualCogB_Task-2.mat,B,Task-2,87,-1,L,False,False,False,True,none,1,130.49838,79.387687,11.300024,122.85363,106.56899,11.114984,149.99543,101.66701,10.425936
VisualCogB_Task-2.mat,B,Task-2,88,1,R,False,False,False,True,none,1,128.94915,118.20715,8.2161068,116.54885,98.980019,9.6484517,189.73495,166.90999,9.5328298
VisualCogB_Task-2.mat,B,Task-2,89,-1,L,False,False,False,True,none,1,199.84201,135.52389,9.7816227,246.93191,166.46783,8.1788293,302.93926,259.30046,10.886716
VisualCogB_Task-2.mat,B,Task-2,90,1,R,False,False,False,True,none,1,170.78868,116.81306,7.0987024,139.38387,110.24358,6.6878676,203.64495,169.23909,8.3833759
VisualCogB_Task-2.mat,B,Task-2,91,-1,L,False,False,False,True,none,1,179.70468,160.05913,11.183471,277.67569,223.64991,9.5696079,256.44615,224.91647,10.631105
VisualCogB_Task-2.mat,B,Task-2,92,-1,L,False,False,False,True,none,1,59.980091,47.757488,6.3090252,141.90992,95.254894,7.9477412,94.530172,80.801521,6.1574564
VisualCogB_Task-2.mat,B,Task-2,93,1,R,False,False,False,True,none,1,134.79225,115.90831,9.2141225,120.30315,79.452017,7.9393793,158.8688,138.48133,9.5402922
VisualCogB_Task-2.mat,B,Task-2,94,-1,L,False,False,False,True,none,1,167.80113,123.93355,10.09592,125.53689,89.386893,7.71076,188.4027,125.97363,10.578185
VisualCogB_Task-2.mat,B,Task-2,95,1,R,False,False,False,True,none,1,146.14316,85.435469,9.664376,113.81885,72.291625,8.4609733,179.86692,102.87313,9.2947582
VisualCogB_Task-2.mat,B,Task-2,96,1,R,False,False,False,True,none,1,158.59504,109.32807,11.630049,263.61942,212.47073,13.114789,195.43953,142.92555,12.055605
VisualCogB_Task-2.mat,B,Task-2,97,-1,L,False,False,False,True,none,1,197.74343,182.74461,10.500581,170.19857,156.6473,8.727742,242.13708,227.24326,11.048701
VisualCogB_Task-2.mat,B,Task-2,98,-1,L,False,False,False,True,none,1,171.33771,132.08382,9.5739816,158.69205,117.04118,9.657821,201.13319,156.23187,10.974058
VisualCogB_Task-2.mat,B,Task-2,99,1,R,False,False,False,True,none,1,151.82666,116.65153,7.9835559,123.12271,100.90404,7.6119561,192.40259,164.13396,8.6983884
VisualCogB_Task-2.mat,B,Task-2,100,-1,L,False,False,False,True,none,1,115.4871,78.003925,9.0381261,149.26439,118.37499,10.101993,116.57407,78.898738,9.0210161
