variant,file,model,r2,rmse,sse,sst,n_values,n_condition_blocks
nominal,A_Task-1,old_trend_shared,-1.49729613,16.2340745,1826368.07,731338.206,6930,10
nominal,A_Task-1,old_trend_direction,-1.605427,16.5818113,1905448.31,731338.206,6930,10
nominal,A_Task-1,old_basis_shared,-1.42764912,16.006098,1775432.55,731338.206,6930,10
nominal,A_Task-1,old_basis_direction,-1.54985003,16.4040027,1864802.75,731338.206,6930,10
nominal,A_Task-1,shape_wc,-1.50537922,16.260326,1832279.54,731338.206,6930,10
nominal,A_Task-1,shape_blind,-1.50399699,16.25584,1831268.67,731338.206,6930,10
nominal,A_Task-1,no_feedback,-1.5156524,16.2936292,1839792.71,731338.206,6930,10
nominal,A_Task-2,old_trend_shared,0.405003751,28.1012965,5472502.25,9197540.74,6930,10
nominal,A_Task-2,old_trend_direction,0.346102724,29.4594074,6014246.84,9197540.74,6930,10
nominal,A_Task-2,old_basis_shared,0.529058698,25.0007267,4331501.81,9197540.74,6930,10
nominal,A_Task-2,old_basis_direction,0.460518188,26.7582463,4961905.94,9197540.74,6930,10
nominal,A_Task-2,shape_wc,0.471241868,26.4909646,4863274.46,9197540.74,6930,10
nominal,A_Task-2,shape_blind,0.438221522,27.3056042,5166980.44,9197540.74,6930,10
nominal,A_Task-2,no_feedback,0.528006847,25.0286308,4341176.26,9197540.74,6930,10
nominal,B_Task-1,old_trend_shared,-1.36941443,21.9475818,3338155.7,1408852.61,6930,10
nominal,B_Task-1,old_trend_direction,-1.51701136,22.6208412,3546098.02,1408852.61,6930,10
nominal,B_Task-1,old_basis_shared,-1.38530095,22.0210363,3360537.47,1408852.61,6930,10
nominal,B_Task-1,old_basis_direction,-1.53337949,22.6942737,3569158.31,1408852.61,6930,10
nominal,B_Task-1,shape_wc,-1.35388332,21.8755323,3316274.67,1408852.61,6930,10
nominal,B_Task-1,shape_blind,-1.36424618,21.9236324,3330874.4,1408852.61,6930,10
nominal,B_Task-1,no_feedback,-1.34972567,21.8562044,3310417.15,1408852.61,6930,10
nominal,B_Task-2,old_trend_shared,0.316777228,29.5136523,6036415.81,8835208.74,6930,10
nominal,B_Task-2,old_trend_direction,0.315377452,29.5438704,6048783.12,8835208.74,6930,10
nominal,B_Task-2,old_basis_shared,0.474593923,25.8814936,4642072.36,8835208.74,6930,10
nominal,B_Task-2,old_basis_direction,0.46335351,26.1568798,4741383.75,8835208.74,6930,10
nominal,B_Task-2,shape_wc,0.39573746,27.755856,5338785.67,8835208.74,6930,10
nominal,B_Task-2,shape_blind,0.355604024,28.6627727,5693372.95,8835208.74,6930,10
nominal,B_Task-2,no_feedback,0.471097569,25.967466,4672963.38,8835208.74,6930,10
