direction,unit,x,y,orientation_deg,feature
L,0,-0.5,-0.5,0,0.234297138
L,1,-0.5,-0.5,45,0.443340128
L,2,-0.5,-0.5,90,0.449205218
L,3,-0.5,-0.5,135,0.21523179
L,4,-0.5,0,0,0.527933244
L,5,-0.5,0,45,0.743139725
L,6,-0.5,0,90,0.9928782
L,7,-0.5,0,135,0.743139725
L,8,-0.5,0.5,0,0.234297138
L,9,-0.5,0.5,45,0.21523179
L,10,-0.5,0.5,90,0.449205218
L,11,-0.5,0.5,135,0.443340128
L,12,0,-0.5,0,0.49547488
L,13,0,-0.5,45,0.833673668
L,14,0,-0.5,90,0.741752433
L,15,0,-0.5,135,0.378198044
L,16,0,0,0,0.649814342
L,17,0,0,45,0.771253726
L,18,0,0,90,0.884964906
L,19,0,0,135,0.771253726
L,20,0,0.5,0,0.49547488
L,21,0,0.5,45,0.378198044
L,22,0,0.5,90,0.741752433
L,23,0,0.5,135,0.833673668
L,24,0.5,-0.5,0,0.788000256
L,25,0.5,-0.5,45,0.835413867
L,26,0.5,-0.5,90,0.498018274
L,27,0.5,-0.5,135,0.577611433
L,28,0.5,0,0,1
L,29,0.5,0,45,0.80301886
L,30,0.5,0,90,0.308009318
L,31,0.5,0,135,0.80301886
L,32,0.5,0.5,0,0.788000256
L,33,0.5,0.5,45,0.577611433
L,34,0.5,0.5,90,0.498018274
L,35,0.5,0.5,135,0.835413867
R,0,-0.5,-0.5,0,0.788000256
R,1,-0.5,-0.5,45,0.577611433
R,2,-0.5,-0.5,90,0.498018274
R,3,-0.5,-0.5,135,0.835413867
R,4,-0.5,0,0,1
R,5,-0.5,0,45,0.80301886
R,6,-0.5,0,90,0.308009318
R,7,-0.5,0,135,0.80301886
R,8,-0.5,0.5,0,0.788000256
R,9,-0.5,0.5,45,0.835413867
R,10,-0.5,0.5,90,0.498018274
R,11,-0.5,0.5,135,0.577611433
R,12,0,-0.5,0,0.49547488
R,13,0,-0.5,45,0.378198044
R,14,0,-0.5,90,0.741752433
R,15,0,-0.5,135,0.833673668
R,16,0,0,0,0.649814342
R,17,0,0,45,0.771253726
R,18,0,0,90,0.884964906
R,19,0,0,135,0.771253726
R,20,0,0.5,0,0.49547488
R,21,0,0.5,45,0.833673668
R,22,0,0.5,90,0.741752433
R,23,0,0.5,135,0.378198044
R,24,0.5,-0.5,0,0.234297138
R,25,0.5,-0.5,45,0.21523179
R,26,0.5,-0.5,90,0.449205218
R,27,0.5,-0.5,135,0.443340128
R,28,0.5,0,0,0.527933244
R,29,0.5,0,45,0.743139725
R,30,0.5,0,90,0.9928782
R,31,0.5,0,135,0.743139725
R,32,0.5,0.5,0,0.234297138
R,33,0.5,0.5,45,0.443340128
R,34,0.5,0.5,90,0.449205218
R,35,0.5,0.5,135,0.21523179
