file_name,subject,task,alternative_strategy,direction,channel,curve_correlation_0_900ms,rmse,nrmse_by_primary_peak_to_peak,maximum_absolute_curve_change,early_250_500ms_peak_latency_shift_ms,late_550_900ms_peak_latency_shift_ms
VisualCogA_Task-1.mat,A,Task-1,retain_repaired_saturation,L,Fz,0.9697503712565005,1.0331013403916567,0.10019831824214652,2.6091367700935493,0.0,-3.90625
VisualCogA_Task-1.mat,A,Task-1,retain_repaired_saturation,L,F3,0.9695675628603444,0.9015007249104405,0.06581860944671789,1.8066077995737613,3.90625,0.0
VisualCogA_Task-1.mat,A,Task-1,retain_repaired_saturation,L,F4,0.9571547230815088,3.29900647302555,0.14086273496973922,6.494530722658904,-7.8125,0.0
VisualCogA_Task-1.mat,A,Task-1,retain_repaired_saturation,R,Fz,0.9979296596592659,0.7973783216637078,0.03257627761439942,1.8066881177824627,0.0,-3.90625
VisualCogA_Task-1.mat,A,Task-1,retain_repaired_saturation,R,F3,0.9878339848775491,1.903854022067001,0.07479613869067891,5.055318543366859,0.0,-7.8125
VisualCogA_Task-1.mat,A,Task-1,retain_repaired_saturation,R,F4,0.9975557019640592,2.2248021067976538,0.07240682384370249,5.3324705395056355,0.0,-3.90625
VisualCogA_Task-1.mat,A,Task-1,retain_repaired_saturation,R_minus_L,Fz,0.9925687804991721,1.138954721692496,0.05903154328412361,3.7063148168170024,-7.8125,-3.90625
VisualCogA_Task-1.mat,A,Task-1,retain_repaired_saturation,R_minus_L,F3,0.9583488912020719,1.907647035537978,0.11369603679904992,5.0218276083195175,50.78125,-3.90625
VisualCogA_Task-1.mat,A,Task-1,retain_repaired_saturation,R_minus_L,F4,0.693814389980247,2.393989863478477,0.18598781522527397,3.8849735132902348,-167.96875,-3.90625
VisualCogA_Task-1.mat,A,Task-1,all_trials,L,Fz,0.9738967884112116,0.9489034888388785,0.0920321463523763,2.2276394460127165,11.71875,-3.90625
VisualCogA_Task-1.mat,A,Task-1,all_trials,L,F3,0.9629043401386717,1.1804010816584043,0.08618113733838227,2.315308947588609,7.8125,0.0
VisualCogA_Task-1.mat,A,Task-1,all_trials,L,F4,0.9607857381140351,3.026041508606321,0.12920753157641374,6.613708268528136,3.90625,-3.90625
VisualCogA_Task-1.mat,A,Task-1,all_trials,R,Fz,0.9979296596592659,0.7973783216637078,0.03257627761439942,1.8066881177824627,0.0,-3.90625
VisualCogA_Task-1.mat,A,Task-1,all_trials,R,F3,0.9878339848775491,1.903854022067001,0.07479613869067891,5.055318543366859,0.0,-7.8125
VisualCogA_Task-1.mat,A,Task-1,all_trials,R,F4,0.9975557019640592,2.2248021067976538,0.07240682384370249,5.3324705395056355,0.0,-3.90625
VisualCogA_Task-1.mat,A,Task-1,all_trials,R_minus_L,Fz,0.9924024508364666,1.1168976649748787,0.05788833532901587,3.344024261145851,-3.90625,-3.90625
VisualCogA_Task-1.mat,A,Task-1,all_trials,R_minus_L,F3,0.9700424405826746,1.9585612987857515,0.11673053418770489,4.355232764058214,50.78125,0.0
VisualCogA_Task-1.mat,A,Task-1,all_trials,R_minus_L,F4,0.7205548614417473,2.606993023433698,0.20253591885783861,4.462989625182225,-167.96875,0.0
VisualCogA_Task-2.mat,A,Task-2,retain_repaired_saturation,L,Fz,0.9998085705022527,1.560991294554052,0.019812461758979844,2.907678505656225,-164.0625,0.0
VisualCogA_Task-2.mat,A,Task-2,retain_repaired_saturation,L,F3,0.9998375508166861,1.2346588587788385,0.017235011341490827,2.1881582227497702,0.0,-3.90625
VisualCogA_Task-2.mat,A,Task-2,retain_repaired_saturation,L,F4,0.9998702908405919,2.139036825729368,0.022810534926884028,3.5877456255639153,-171.875,-7.8125
VisualCogA_Task-2.mat,A,Task-2,retain_repaired_saturation,R,Fz,0.999667574822519,2.4757673540801717,0.029658960109658145,4.371364370441938,0.0,-105.46875
VisualCogA_Task-2.mat,A,Task-2,retain_repaired_saturation,R,F3,0.9984891995618467,6.113424627105469,0.08438461449317469,8.977550901562012,0.0,-3.90625
VisualCogA_Task-2.mat,A,Task-2,retain_repaired_saturation,R,F4,0.9994615536253191,3.67487509987932,0.03340099700228435,6.367446964071338,-3.90625,-3.90625
VisualCogA_Task-2.mat,A,Task-2,retain_repaired_saturation,R_minus_L,Fz,0.9523111800560582,3.8033677844119005,0.1735561360193476,5.312951931367593,0.0,0.0
VisualCogA_Task-2.mat,A,Task-2,retain_repaired_saturation,R_minus_L,F3,0.9369738602305048,6.442830499927512,0.26862996556801433,8.622033407607368,0.0,0.0
VisualCogA_Task-2.mat,A,Task-2,retain_repaired_saturation,R_minus_L,F4,0.9720728059149827,5.213408121688108,0.1746044791547072,7.097173368733996,0.0,0.0
VisualCogA_Task-2.mat,A,Task-2,all_trials,L,Fz,0.9998085705022527,1.560991294554052,0.019812461758979844,2.907678505656225,-164.0625,0.0
VisualCogA_Task-2.mat,A,Task-2,all_trials,L,F3,0.9998375508166861,1.2346588587788385,0.017235011341490827,2.1881582227497702,0.0,-3.90625
VisualCogA_Task-2.mat,A,Task-2,all_trials,L,F4,0.9998702908405919,2.139036825729368,0.022810534926884028,3.5877456255639153,-171.875,-7.8125
VisualCogA_Task-2.mat,A,Task-2,all_trials,R,Fz,0.999667574822519,2.4757673540801717,0.029658960109658145,4.371364370441938,0.0,-105.46875
VisualCogA_Task-2.mat,A,Task-2,all_trials,R,F3,0.9984891995618467,6.113424627105469,0.08438461449317469,8.977550901562012,0.0,-3.90625
VisualCogA_Task-2.mat,A,Task-2,all_trials,R,F4,0.9994615536253191,3.67487509987932,0.03340099700228435,6.367446964071338,-3.90625,-3.90625
VisualCogA_Task-2.mat,A,Task-2,all_trials,R_minus_L,Fz,0.9523111800560582,3.8033677844119005,0.1735561360193476,5.312951931367593,0.0,0.0
VisualCogA_Task-2.mat,A,Task-2,all_trials,R_minus_L,F3,0.9369738602305048,6.442830499927512,0.26862996556801433,8.622033407607368,0.0,0.0
VisualCogA_Task-2.mat,A,Task-2,all_trials,R_minus_L,F4,0.9720728059149827,5.213408121688108,0.1746044791547072,7.097173368733996,0.0,0.0
VisualCogB_Task-1.mat,B,Task-1,retain_repaired_saturation,L,Fz,0.9983931014659505,0.7135050224022047,0.02098739650482355,1.9801887929921804,0.0,0.0
VisualCogB_Task-1.mat,B,Task-1,retain_repaired_saturation,L,F3,0.9926157383208698,1.3890701769350524,0.0556452251049999,3.617407286017011,0.0,11.71875
VisualCogB_Task-1.mat,B,Task-1,retain_repaired_saturation,L,F4,0.9853477876826232,1.5793008974697618,0.0565685555661658,3.2676392895693134,3.90625,7.8125
VisualCogB_Task-1.mat,B,Task-1,retain_repaired_saturation,R,Fz,0.996292838150365,1.6173976335262137,0.046494665611239556,3.9083009610453807,0.0,0.0
VisualCogB_Task-1.mat,B,Task-1,retain_repaired_saturation,R,F3,0.9961601488907363,2.2760190367215776,0.09904147068278328,3.4473265423322,0.0,0.0
VisualCogB_Task-1.mat,B,Task-1,retain_repaired_saturation,R,F4,0.9983353127237498,1.4525839858916711,0.03897810868321763,3.047616314340388,-3.90625,-3.90625
VisualCogB_Task-1.mat,B,Task-1,retain_repaired_saturation,R_minus_L,Fz,0.9919453899333633,1.3270009387922423,0.07748651121352677,2.6011399373817916,0.0,0.0
VisualCogB_Task-1.mat,B,Task-1,retain_repaired_saturation,R_minus_L,F3,0.9395465048307673,2.5980991092826913,0.2235232468090319,4.015504394349916,0.0,0.0
VisualCogB_Task-1.mat,B,Task-1,retain_repaired_saturation,R_minus_L,F4,0.9538223005060901,2.744237715570414,0.1277255192724687,6.0361678475167775,0.0,-183.59375
VisualCogB_Task-1.mat,B,Task-1,all_trials,L,Fz,0.9979355392289055,1.5282077324511476,0.04495147282174258,3.590064270755974,0.0,0.0
VisualCogB_Task-1.mat,B,Task-1,all_trials,L,F3,0.9870620078583586,1.5474865573325751,0.06199127967726764,2.961515329062731,-3.90625,15.625
VisualCogB_Task-1.mat,B,Task-1,all_trials,L,F4,0.9883173097751792,1.305374460767122,0.04675685794699709,3.320698719770295,3.90625,7.8125
VisualCogB_Task-1.mat,B,Task-1,all_trials,R,Fz,0.996292838150365,1.6173976335262137,0.046494665611239556,3.9083009610453807,0.0,0.0
VisualCogB_Task-1.mat,B,Task-1,all_trials,R,F3,0.9961601488907363,2.2760190367215776,0.09904147068278328,3.4473265423322,0.0,0.0
VisualCogB_Task-1.mat,B,Task-1,all_trials,R,F4,0.9983353127237498,1.4525839858916711,0.03897810868321763,3.047616314340388,-3.90625,-3.90625
VisualCogB_Task-1.mat,B,Task-1,all_trials,R_minus_L,Fz,0.9936422000178848,0.7784431107491698,0.045455009915107404,1.982280727751962,0.0,0.0
VisualCogB_Task-1.mat,B,Task-1,all_trials,R_minus_L,F3,0.9238030638541,2.843424227725374,0.24462939584014348,4.330062969469776,0.0,0.0
VisualCogB_Task-1.mat,B,Task-1,all_trials,R_minus_L,F4,0.9571554772202254,2.470996198962125,0.1150079932368875,6.041966143061256,0.0,-183.59375
VisualCogB_Task-2.mat,B,Task-2,retain_repaired_saturation,L,Fz,0.9986596156777476,3.673730910770232,0.044006443413345774,8.09250699678531,218.75,7.8125
VisualCogB_Task-2.mat,B,Task-2,retain_repaired_saturation,L,F3,0.9881920639910938,9.691562183951493,0.14284182591624495,14.62666055368532,0.0,0.0
VisualCogB_Task-2.mat,B,Task-2,retain_repaired_saturation,L,F4,0.9959939700089061,5.3608582447816975,0.05279039417483901,13.339336871765177,0.0,3.90625
VisualCogB_Task-2.mat,B,Task-2,retain_repaired_saturation,R,Fz,0.9995724197759634,3.4516444811657654,0.036660027493970786,5.986651153792359,0.0,0.0
VisualCogB_Task-2.mat,B,Task-2,retain_repaired_saturation,R,F3,0.9990817746608419,5.159486923893907,0.06337135927254783,7.041500039692359,0.0,3.90625
VisualCogB_Task-2.mat,B,Task-2,retain_repaired_saturation,R,F4,0.999752492436647,5.103522937436722,0.0433818038916111,8.607726013710376,0.0,0.0
VisualCogB_Task-2.mat,B,Task-2,retain_repaired_saturation,R_minus_L,Fz,0.859969102549276,7.0104795774873825,0.2404873471419821,13.785914492609805,0.0,-3.90625
VisualCogB_Task-2.mat,B,Task-2,retain_repaired_saturation,R_minus_L,F3,0.9011976618067675,14.760690437915132,0.3743029143044854,21.169045706335154,-3.90625,0.0
VisualCogB_Task-2.mat,B,Task-2,retain_repaired_saturation,R_minus_L,F4,0.9142163995656857,9.943529001878327,0.23015833214509807,21.852094364585327,0.0,-3.90625
VisualCogB_Task-2.mat,B,Task-2,all_trials,L,Fz,0.9986596156777476,3.673730910770232,0.044006443413345774,8.09250699678531,218.75,7.8125
VisualCogB_Task-2.mat,B,Task-2,all_trials,L,F3,0.9881920639910938,9.691562183951493,0.14284182591624495,14.62666055368532,0.0,0.0
VisualCogB_Task-2.mat,B,Task-2,all_trials,L,F4,0.9959939700089061,5.3608582447816975,0.05279039417483901,13.339336871765177,0.0,3.90625
VisualCogB_Task-2.mat,B,Task-2,all_trials,R,Fz,0.9995724197759634,3.4516444811657654,0.036660027493970786,5.986651153792359,0.0,0.0
VisualCogB_Task-2.mat,B,Task-2,all_trials,R,F3,0.9990817746608419,5.159486923893907,0.06337135927254783,7.041500039692359,0.0,3.90625
VisualCogB_Task-2.mat,B,Task-2,all_trials,R,F4,0.999752492436647,5.103522937436722,0.0433818038916111,8.607726013710376,0.0,0.0
VisualCogB_Task-2.mat,B,Task-2,all_trials,R_minus_L,Fz,0.859969102549276,7.0104795774873825,0.2404873471419821,13.785914492609805,0.0,-3.90625
VisualCogB_Task-2.mat,B,Task-2,all_trials,R_minus_L,F3,0.9011976618067675,14.760690437915132,0.3743029143044854,21.169045706335154,-3.90625,0.0
VisualCogB_Task-2.mat,B,Task-2,all_trials,R_minus_L,F4,0.9142163995656857,9.943529001878327,0.23015833214509807,21.852094364585327,0.0,-3.90625
