file_name,subject,task,trial_id,cue_direction,mechanism__LGN_relay__Fz__effective_gain,mechanism__LGN_relay__F3__effective_gain,mechanism__LGN_relay__F4__effective_gain,mechanism__cortical_feedforward__Fz__effective_gain,mechanism__cortical_feedforward__F3__effective_gain,mechanism__cortical_feedforward__F4__effective_gain,mechanism__P300_recurrent__Fz__effective_gain,mechanism__P300_recurrent__F3__effective_gain,mechanism__P300_recurrent__F4__effective_gain,mechanism__late_context__Fz__effective_gain,mechanism__late_context__F3__effective_gain,mechanism__late_context__F4__effective_gain
VisualCogA_Task-1.mat,A,Task-1,1,L,-1.25784106,-7.8306433,-0.602312263,-4.5346528,-7.9964242,-10.0587241,-23.8983782,-30.3646157,-28.6225903,24.3218592,33.0678394,19.5508469
VisualCogA_Task-1.mat,A,Task-1,2,R,-3.31247522,-6.51547229,-6.87258007,3.42821273,2.41268634,3.64367514,-0.794823301,7.35134234,15.6120757,1.10092691,33.1263562,25.8804228
VisualCogA_Task-1.mat,A,Task-1,4,L,-4.84837216,-2.59983963,-5.93607924,6.34943672,3.51112756,6.17230101,-1.31394688,-25.552097,-9.0743117,8.66923803,-56.9980925,36.788776
VisualCogA_Task-1.mat,A,Task-1,5,R,-6.09267335,-11.2424989,1.47706015,-0.803641768,1.84916528,-2.87393234,2.52445159,-14.841569,-7.49906293,8.94921961,11.1405085,-12.9639671
VisualCogA_Task-1.mat,A,Task-1,6,L,15.2139666,5.42516585,15.0955491,0.437972576,-2.10827813,-7.97007056,3.13710011,13.0454232,-9.75551753,-5.11478148,19.3167173,-37.181683
VisualCogA_Task-1.mat,A,Task-1,7,L,-3.07724514,2.16818112,-1.18451045,-2.88122895,-2.6709919,-5.93389681,-0.434053641,-22.4041293,-15.2896583,15.3350505,0.639303597,6.50090657
VisualCogA_Task-1.mat,A,Task-1,8,L,3.21395835,-1.93141717,0.326575482,-4.90110454,6.73149089,2.55625516,2.85150734,24.2680405,28.798217,-3.84414591,-19.14138,-6.88356155
VisualCogA_Task-1.mat,A,Task-1,9,R,3.7710304,-0.546961286,3.98839035,-5.05166599,-0.232863378,-2.82296096,-2.81848029,16.3803923,5.28447502,0.252637077,24.1271672,6.00461257
VisualCogA_Task-1.mat,A,Task-1,10,R,-5.91406108,1.72077887,-7.44646297,-8.30414067,-9.91996995,-3.24787701,11.281489,5.33979617,7.59875869,7.78529128,-1.11205359,1.73517293
VisualCogA_Task-1.mat,A,Task-1,11,R,11.0080789,8.51538545,7.37789153,-8.39089812,-6.09924898,-11.6657666,1.85184913,13.2459339,-2.57212256,-6.07447655,9.62530205,10.4535551
VisualCogA_Task-1.mat,A,Task-1,12,R,-2.81401912,-3.61257601,2.23838737,-16.4805926,-8.59029896,-16.1546547,9.31407885,13.5347265,10.6153732,2.94390851,-1.99353263,-2.16474988
VisualCogA_Task-1.mat,A,Task-1,13,L,-0.133067739,-2.92270122,1.59351033,-5.61421721,-5.83826759,-1.8509263,4.84157075,5.55117395,17.1892149,-22.4827062,-14.5548967,-6.93183462
VisualCogA_Task-1.mat,A,Task-1,15,R,4.93538322,0.889195536,5.51404157,-12.291211,-5.25302882,3.68177401,0.65669855,28.4327963,53.9276573,-21.2658614,-31.0032887,-49.4591012
VisualCogA_Task-1.mat,A,Task-1,16,L,2.43728263,4.7105925,4.08753214,1.09948038,0.428751313,-3.2170312,16.6783668,16.9144925,6.46709556,8.52682511,13.8044921,0.490060047
VisualCogA_Task-1.mat,A,Task-1,17,R,3.72258202,5.04595077,3.10677502,-19.9023659,-21.6296515,-15.8460325,-2.8673469,-9.77343552,-6.28579555,-8.32129712,-5.42025071,-4.56900572
VisualCogA_Task-1.mat,A,Task-1,18,L,-1.89026152,-2.57657775,-4.983055,-2.95504154,5.17694674,-20.1414459,2.52057787,21.3064527,-6.92316157,-7.77183352,48.1125992,-33.7760803
VisualCogA_Task-1.mat,A,Task-1,19,L,-12.1692965,-14.7566235,-10.4615355,-28.0633513,-32.1047917,-38.7894773,-20.833454,-17.3300407,-29.5423088,-2.73251685,27.1674311,-0.367894246
VisualCogA_Task-1.mat,A,Task-1,21,L,1.18540488,-2.84794627,5.2452276,-0.511894653,-9.76694718,2.27312609,2.29543291,-4.58425774,-15.0632126,-4.05374498,-0.0959302705,-42.5203093
VisualCogA_Task-1.mat,A,Task-1,23,R,-4.69451331,10.7384596,9.89282207,-2.50627637,-6.92129571,-3.51381793,2.73878823,-114.805488,-115.25139,-0.148704999,-144.280834,-233.826828
VisualCogA_Task-1.mat,A,Task-1,24,L,1.25562092,-1.04788287,8.37815761,9.28618603,10.245858,0.859483519,38.2682367,41.3366359,29.0219834,-18.3086149,-11.2454344,-32.3663752
VisualCogA_Task-1.mat,A,Task-1,25,L,-2.58127095,0.565004631,-7.01772471,-4.22846931,-7.37044318,0.487286276,-6.27547789,1.87386272,-0.86644318,20.1349687,36.1037963,28.5062891
VisualCogA_Task-1.mat,A,Task-1,26,R,-10.3262431,-3.03653414,-14.6819444,-12.6202191,-11.9637763,-12.1400699,19.4321388,25.937697,7.91387277,-44.2323648,-56.7422251,-66.1943407
VisualCogA_Task-1.mat,A,Task-1,28,L,-6.97319114,-5.35183897,-10.88684,14.8080306,17.9015988,9.82999551,60.3950447,65.4535398,73.3433016,-74.1226866,-68.7283322,-77.4129101
VisualCogA_Task-1.mat,A,Task-1,29,L,7.6194094,4.57612955,0.699709985,1.7098203,6.18408207,-10.5413817,21.070725,15.6466646,10.8978451,21.1109193,6.58220138,7.7676424
VisualCogA_Task-1.mat,A,Task-1,30,L,12.0803178,19.2666235,8.00114174,10.9069767,9.47212798,11.3296812,6.78527834,10.7968791,13.1193418,9.25647931,8.35224967,7.56409605
VisualCogA_Task-1.mat,A,Task-1,31,L,-3.43691519,-0.823345525,-5.98858341,-9.09235178,-8.4236801,-15.2072619,0.600747111,8.61965448,-3.43418873,-15.4655827,18.2147117,-23.2299639
VisualCogA_Task-1.mat,A,Task-1,32,R,7.87664348,-4.71368571,20.0313578,-8.24429556,-15.5254592,0.527255476,11.6851231,19.4482002,8.94679433,-3.3315384,7.47515571,-28.7016675
VisualCogA_Task-1.mat,A,Task-1,33,R,7.252237,6.43849094,5.20223923,4.07961749,-1.61987125,2.56155619,4.36400447,-0.699720203,10.8705543,-13.292521,-14.8066191,-14.9835436
VisualCogA_Task-1.mat,A,Task-1,34,L,-8.64235388,-9.40553924,-6.22323184,-7.76552224,-1.73987749,-4.82876721,3.03263753,0.046478646,15.4497914,-3.22694202,7.04894273,7.75528425
VisualCogA_Task-1.mat,A,Task-1,35,R,11.5018636,6.00619812,10.3881328,-1.40875248,-4.24757461,-9.97224519,17.4393599,16.9768203,2.23535092,-12.4639648,-2.02109658,-23.2832385
VisualCogA_Task-1.mat,A,Task-1,38,L,3.69871208,-0.808526653,2.41103775,4.64702898,0.126056221,-8.67340394,3.11237409,6.59268055,-4.85521419,17.7077964,27.5327903,4.15579073
VisualCogA_Task-1.mat,A,Task-1,42,R,-14.5149867,-2.15247527,-10.1172794,-4.7039529,4.65869205,4.84548415,7.0167608,25.8148238,48.9474106,11.4066884,44.8708773,48.5718831
VisualCogA_Task-1.mat,A,Task-1,43,L,13.2005352,6.42836524,14.4338571,-1.37468827,-3.67968654,3.67117596,-21.2510664,-18.603618,-20.3114924,-41.6792076,-38.4541896,-25.3706191
VisualCogA_Task-1.mat,A,Task-1,44,R,13.0582684,12.4260186,12.0774343,-11.3091967,-14.9351334,-6.53109578,-18.5878681,-25.3449601,-7.20313858,-99.8491622,-111.871446,-86.9472043
VisualCogA_Task-1.mat,A,Task-1,45,L,2.59889344,0.556429323,5.15641471,1.73180544,-4.62192811,-1.20648364,-7.27875205,-7.19466712,-18.9575279,-11.6059805,-14.2646175,-23.4129311
VisualCogA_Task-1.mat,A,Task-1,47,L,4.56940441,-7.99405975,7.89216028,3.66729866,1.96070987,0.142107878,13.3638311,10.0183725,8.21297993,0.338568564,3.54313866,8.84571929
VisualCogA_Task-1.mat,A,Task-1,48,R,13.2537435,10.4396078,12.18231,14.2092851,16.1159174,8.7448539,-13.4242688,-17.1315907,-14.5494688,-66.2172166,-60.5092297,-67.6044993
VisualCogA_Task-1.mat,A,Task-1,49,L,5.68291077,4.55539341,3.33925047,-11.0643879,-6.98210821,-9.47686537,2.16178293,7.45693605,-5.93798881,8.20417535,9.6911714,8.50402317
VisualCogA_Task-1.mat,A,Task-1,50,L,-3.31886692,1.72866216,-3.09100152,-1.88860221,3.22043664,5.28980155,-14.8913137,-5.61911987,5.60750604,-5.04709737,-2.71766128,4.80169503
VisualCogA_Task-1.mat,A,Task-1,51,R,1.27817498,5.5052026,6.7664188,2.05043546,8.86166828,9.54835307,19.6531821,2.27768403,11.8597676,-2.84757082,-37.6138731,-38.6453613
VisualCogA_Task-1.mat,A,Task-1,52,R,8.25214026,5.01216083,-0.666333282,-9.97578489,32.983742,21.3567928,-35.558796,82.3462537,100.803672,-128.444192,0.737158877,39.6875016
VisualCogA_Task-1.mat,A,Task-1,54,L,7.81407435,8.91509975,4.57407842,-3.2791088,7.76819326,36.8787588,-0.101219738,37.3438439,101.554124,6.5170867,39.5465607,97.6461298
VisualCogA_Task-1.mat,A,Task-1,55,R,-6.71329532,-7.5886007,-5.1783786,-7.48501935,-11.3231713,-1.52730959,10.5141621,33.9448751,7.03751853,9.92701899,40.7052096,-12.3442917
VisualCogA_Task-1.mat,A,Task-1,56,L,1.28487162,-6.26143022,3.020441,10.2267669,9.69072396,12.0690383,-4.5112781,28.203514,-8.0761315,-4.85500477,35.9773967,-3.74423364
VisualCogA_Task-1.mat,A,Task-1,57,L,11.4458467,9.65831538,11.8618201,4.39628149,9.00281836,8.5926783,-13.1591448,-17.4535328,-11.5556778,47.7330518,43.0616796,58.5291961
VisualCogA_Task-1.mat,A,Task-1,58,R,9.89190624,11.0874321,10.2904822,-3.94889933,-7.4978791,-1.28190362,-17.5676124,-22.9328227,-25.9003919,-35.5815005,-38.5451529,-42.2899152
VisualCogA_Task-1.mat,A,Task-1,59,R,6.56775364,9.81139292,6.76796779,-11.256126,-6.65697503,-3.03548384,-23.6730906,-24.5395854,-20.8877773,-45.4944196,-31.0363983,-34.5284102
VisualCogA_Task-1.mat,A,Task-1,61,R,2.36174417,9.18040039,-4.18076664,-10.8719679,-9.39870459,-1.25930494,2.33377574,-14.5411165,3.57510141,-10.2768988,-48.715143,-15.2275791
VisualCogA_Task-1.mat,A,Task-1,62,L,-2.7613676,-10.4668844,8.16329257,4.49828018,5.63977936,5.76820058,-30.7901868,-27.318366,-34.2549316,-68.0052879,-54.1601193,-68.9798362
VisualCogA_Task-1.mat,A,Task-1,63,R,0.468819607,-3.26188584,2.06754802,3.69745223,-9.18706965,-12.9540802,-21.3275137,-38.2355708,-58.3257533,0.646589987,-20.9068908,-37.4874145
VisualCogA_Task-1.mat,A,Task-1,64,R,13.5887609,11.0919328,15.9172097,-9.50745745,-4.78183093,-4.40121423,4.12502284,5.5880077,10.149088,-52.7280391,-36.247247,-50.7905649
VisualCogA_Task-1.mat,A,Task-1,65,L,3.61308953,1.12684975,1.03752343,-2.05594683,-1.78529034,-3.76450321,-0.985946225,5.23724722,7.68487559,-20.9951469,-11.696374,-0.600708774
VisualCogA_Task-1.mat,A,Task-1,66,R,1.28521795,2.64743471,7.21299408,-6.0717434,-8.19453071,-11.5549611,-40.6493953,-37.3934073,-49.508862,-94.2065389,-89.5988209,-122.682533
VisualCogA_Task-1.mat,A,Task-1,67,L,-5.4217466,-0.356555293,-7.08200172,3.62072155,4.68123807,4.839485,-3.50889682,10.6258952,8.03916959,-16.9673683,11.8811047,-9.36605566
VisualCogA_Task-1.mat,A,Task-1,68,L,11.0077103,11.0573998,8.82354022,-0.699571218,2.01549407,2.24851788,-19.9350413,-17.8318104,-16.6406098,-31.9771171,-22.7564881,-39.8086975
VisualCogA_Task-1.mat,A,Task-1,69,R,-4.44797098,-4.48403271,0.773567118,-2.55643848,-12.896791,8.88259294,-26.0874356,-20.1647638,-34.7309594,-49.1696479,-30.4741203,-50.6337149
VisualCogA_Task-1.mat,A,Task-1,70,R,-3.07183831,-0.614192345,0.12613117,-3.0142851,-1.06300822,-9.25875683,5.20860472,0.719630787,-3.58163183,-11.5596601,16.3576934,-14.4184734
VisualCogA_Task-1.mat,A,Task-1,71,L,8.15713214,8.53007294,1.75751514,-3.33974805,-9.69842012,-2.21121843,-19.6747416,-24.3102967,-22.1809779,-78.9744541,-85.8884562,-73.6671051
VisualCogA_Task-1.mat,A,Task-1,72,R,1.55400239,6.84054816,0.120321481,3.81099378,5.93518624,-2.80658389,-12.2422516,-14.375383,-7.97787247,-51.0772836,-69.9374235,-38.8420947
VisualCogA_Task-1.mat,A,Task-1,73,L,-7.5084083,-8.87468757,-10.7264608,-4.84861855,-1.39733796,-7.21360365,6.03041026,8.69961204,11.5128544,-4.98000459,0.414439132,5.71641845
VisualCogA_Task-1.mat,A,Task-1,74,R,3.55772534,3.69229663,4.61662341,-6.51751486,-10.6094557,-14.6454894,1.00713474,-20.7339075,-22.0747809,9.71039427,-22.6241201,-22.1557743
VisualCogA_Task-1.mat,A,Task-1,75,L,-4.20624522,0.0254556654,-7.32116036,-14.5858598,-6.5793039,-2.57049152,-10.3012473,-4.93919291,34.7070139,-8.55270364,-11.74614,58.6335608
VisualCogA_Task-1.mat,A,Task-1,76,R,11.5291934,14.917332,13.4507774,5.75183934,1.80728865,2.40869227,9.64256742,2.2486419,-4.95410676,22.8107673,8.98653193,16.4605628
VisualCogA_Task-1.mat,A,Task-1,78,L,3.05694194,18.029461,18.4590768,-3.7687323,-4.85790406,-18.545023,5.45670908,-86.3790985,-143.198434,26.2271038,-237.243291,-262.907699
VisualCogA_Task-1.mat,A,Task-1,79,L,-0.415567647,2.14733571,-1.35852083,9.36009279,10.7330192,3.13514684,14.1728763,5.48439296,-1.27345407,-0.812858059,-1.74623244,-14.8353397
VisualCogA_Task-1.mat,A,Task-1,80,L,-4.52614896,0.786752455,-6.03904577,-1.26990409,-0.0030308525,-1.8944645,-21.3759602,-17.9643062,-14.7992754,-60.4638974,-65.2788752,-56.072597
VisualCogA_Task-1.mat,A,Task-1,81,L,17.5609602,17.6421304,12.3507031,-2.71172636,-7.94223589,-3.65591107,-19.2659241,-30.8225492,-19.7608445,-13.3005158,-26.1491392,-2.99255656
VisualCogA_Task-1.mat,A,Task-1,82,R,1.77751681,3.00401002,8.53985662,9.25938141,5.90955456,4.6544887,11.9626871,13.8840211,-9.34619504,29.9828429,34.8035653,8.65015515
VisualCogA_Task-1.mat,A,Task-1,83,L,9.70794895,17.8029117,4.4805736,-17.2037129,-11.9270957,-12.3683602,-38.1588497,-44.7349369,-33.2218061,-122.449934,-125.482219,-133.173739
VisualCogA_Task-1.mat,A,Task-1,84,R,8.80311227,10.9265695,5.14860869,-6.97009759,-15.8191277,-7.75032132,-20.1637204,-27.0763198,-28.8997694,-18.6673372,-22.758185,-19.7704106
VisualCogA_Task-1.mat,A,Task-1,85,L,-4.25389404,-0.238170338,1.64554799,-1.14515551,1.69838175,-2.94513774,10.0421464,-2.35759179,8.43786468,-15.171431,-30.9476947,-13.9404989
VisualCogA_Task-1.mat,A,Task-1,86,R,32.9716031,34.6915488,32.0963671,-30.6830596,-20.9660701,-33.0916294,-39.3289677,-28.0738961,-23.3405093,-11.4427974,-1.91104456,36.5463954
VisualCogA_Task-1.mat,A,Task-1,87,R,-0.675569961,-1.50815173,2.4228147,-10.1244669,-9.93482679,-10.1322977,-26.2873784,-14.4914186,-33.3809581,-106.785156,-81.0151983,-124.05948
VisualCogA_Task-1.mat,A,Task-1,89,R,-6.34970994,-0.304330689,-7.732696,-11.139654,-0.434291409,-11.5085268,-19.9418962,-4.38050997,-19.4144664,-37.8557177,-12.5704149,-22.1076057
VisualCogA_Task-1.mat,A,Task-1,90,R,-6.18183844,-5.44513092,-3.61266012,-9.59240699,-16.8085011,-10.6474993,-23.5887361,-28.399863,-30.4303237,-44.3359012,-43.5283647,-65.6140706
VisualCogA_Task-1.mat,A,Task-1,91,L,5.92182164,2.8603782,5.06663179,-7.80857057,-5.09055369,-9.89654499,4.82606989,3.46901769,0.609455167,-17.8472664,-13.8622122,-20.9619451
VisualCogA_Task-1.mat,A,Task-1,92,R,-2.56365628,-6.03302544,1.06918619,4.98905605,11.8482198,7.181709,3.26036979,13.1835314,-8.5671677,-1.79958273,4.75167588,-5.34757108
VisualCogA_Task-1.mat,A,Task-1,93,R,12.8230536,17.9076706,13.4582716,-10.5681013,-5.99542064,-13.9826477,-26.7776891,-32.173353,-32.4752689,-61.8411746,-60.4556559,-63.8657601
VisualCogA_Task-1.mat,A,Task-1,94,R,1.82401696,2.82086914,-2.24819478,-9.98147033,-6.42268943,-16.8815525,-19.962223,-14.2648427,-31.8605436,-59.8005603,-51.0694295,-76.1534458
VisualCogA_Task-1.mat,A,Task-1,95,L,-15.7823744,2.43954984,-19.2276239,-19.5844356,-20.9954167,-14.2889298,-19.4134191,-25.1354595,-12.0127288,-44.4075966,-35.3909133,-50.2315938
VisualCogA_Task-1.mat,A,Task-1,96,R,2.85194542,3.98856175,0.937018746,-6.29609321,-3.6524036,-5.55029187,-16.5939796,-20.5383867,-21.1045588,-66.3705367,-43.5002808,-82.0474652
VisualCogA_Task-1.mat,A,Task-1,97,R,-7.98287997,4.86797768,-0.311337989,-10.4750725,-23.1653969,-29.9704669,12.6494043,-102.514304,-104.054649,-15.3004225,-183.432015,-193.005998
VisualCogA_Task-1.mat,A,Task-1,98,L,3.73225963,-1.66266036,6.43555845,9.92087454,-4.06333343,12.68129,13.5521986,17.6075504,13.1587485,-8.60769475,-28.617271,22.1591483
VisualCogA_Task-1.mat,A,Task-1,99,L,0.975304766,0.673534751,5.38419657,-19.3012453,-10.7242816,-23.0343067,-28.8699603,-28.0363862,-40.0192132,-98.3485176,-79.9321725,-119.042613
VisualCogA_Task-1.mat,A,Task-1,100,R,0.948779117,2.72437748,4.00999933,-1.72880561,0.774042779,-1.03054131,-1.26809397,-6.17565168,-0.926745181,-61.0545599,-72.581193,-56.3319677
VisualCogA_Task-2.mat,A,Task-2,1,R,8.59326742,1.29421034,1.8005213,5.26298814,-1.26404821,13.6530541,5.48497515,64.7979082,52.9002891,2.84216533,73.8845198,47.7925154
VisualCogA_Task-2.mat,A,Task-2,2,L,0.289819521,-0.986449868,-1.00633177,-6.85675222,-17.0484138,-12.5195437,-6.49695672,-33.806769,-17.2539139,-26.9741767,-57.3405127,-10.6757419
VisualCogA_Task-2.mat,A,Task-2,3,L,-15.8443834,-16.8952887,-10.1430862,-14.3958735,-15.7125292,-14.0332467,-11.9583269,-9.76289975,-14.8914872,45.485636,45.6111112,45.5649445
VisualCogA_Task-2.mat,A,Task-2,4,L,-4.70848574,-3.18392301,-2.87118994,7.26709368,8.58902892,6.1903399,-0.981826633,1.97344548,-0.287726153,85.5143592,90.7017915,83.4624184
VisualCogA_Task-2.mat,A,Task-2,5,R,12.8674706,8.37598084,9.24286393,-25.1899764,-26.1478688,-19.3251218,-29.5560301,-13.3733459,-16.7176227,-105.616157,-79.2760444,-96.1684256
VisualCogA_Task-2.mat,A,Task-2,6,L,3.0846791,2.88713864,9.03718657,-17.0984823,-14.2285896,-24.1429982,-110.904391,-98.3276049,-139.288735,-117.357394,-78.14512,-159.552575
VisualCogA_Task-2.mat,A,Task-2,7,R,-2.68517181,-3.99546673,-1.32005973,6.08486106,1.83197639,4.92596717,12.6902396,-4.94528175,-2.42251269,80.516467,93.6821954,58.5980823
VisualCogA_Task-2.mat,A,Task-2,8,R,10.5147809,7.34966925,12.5557602,-4.19313642,-4.72337895,-14.3403221,-75.8422446,-71.4675932,-100.785441,-108.193064,-59.9831623,-169.476692
VisualCogA_Task-2.mat,A,Task-2,9,L,0.922768112,5.49590641,1.3986287,8.42871747,9.82728011,5.94722902,-24.4215634,-27.6513246,-25.2226061,-77.1380394,-79.5389278,-75.7150027
VisualCogA_Task-2.mat,A,Task-2,10,L,8.03643041,6.40123942,8.54263226,0.732639673,16.2182476,-0.882479719,0.289772435,20.4675716,4.97503579,44.1544941,67.3581182,47.5832678
VisualCogA_Task-2.mat,A,Task-2,11,R,11.6284043,5.11765204,13.8989902,-5.91682044,5.50332658,0.975771812,-57.2218823,-32.7423672,-84.1351914,-3.46518797,66.4400261,-29.1778112
VisualCogA_Task-2.mat,A,Task-2,12,R,-4.63511444,-8.25901999,-8.56762889,0.616688655,26.202747,11.7752757,34.0101915,71.2765491,65.7197187,123.11047,170.657225,164.809707
VisualCogA_Task-2.mat,A,Task-2,13,R,-13.4916899,-19.6145964,-18.6618454,60.3745757,93.8441775,56.5540726,-11.7989039,14.5517591,8.0999804,-128.269782,-32.0799706,-93.6887084
VisualCogA_Task-2.mat,A,Task-2,14,L,8.7474523,9.38565736,11.4440027,-6.33679035,-0.370039895,-7.85087185,-71.6317734,-48.9375681,-89.719555,-3.33031912,30.7542612,-7.25522033
VisualCogA_Task-2.mat,A,Task-2,15,L,-3.98543488,-3.80623183,-3.45362416,1.30027695,1.2770145,-0.679094711,-50.3030809,-57.0370329,-83.0985271,90.7743119,100.619988,60.3977775
VisualCogA_Task-2.mat,A,Task-2,16,L,2.36108603,2.08460983,1.6552612,12.0656465,7.53072488,18.2385034,-16.0832774,-8.55321325,-4.7239194,20.1674316,44.8248942,28.0728813
VisualCogA_Task-2.mat,A,Task-2,17,R,-2.2747324,-0.20833127,-0.181340671,-17.730462,-20.5442491,-17.5603154,40.6053128,48.8058456,41.850314,-25.1085222,-13.4353258,-22.2158058
VisualCogA_Task-2.mat,A,Task-2,18,R,-0.625945496,1.79821227,-0.710098349,-0.774801246,-2.5639523,0.534053638,-14.344842,-12.6154627,-5.83652798,-66.3808744,-64.2568464,-58.2917625
VisualCogA_Task-2.mat,A,Task-2,19,L,-0.85396494,3.74967209,2.04979316,6.29640257,-4.97450202,7.73109199,-23.9248064,-66.7903837,-28.1736856,38.1444709,-29.7967641,45.856207
VisualCogA_Task-2.mat,A,Task-2,20,L,12.6717001,6.66890106,17.5637962,-2.99125376,-2.76032254,-2.593459,-70.4199682,-48.9755175,-92.1765005,-11.0000322,8.31024167,-42.5685981
VisualCogA_Task-2.mat,A,Task-2,21,R,8.06288107,5.28841179,12.6960895,-1.44535704,1.95074324,-2.55702134,-89.8246794,-113.46368,-121.531324,-47.5040632,-39.9794898,-116.136782
VisualCogA_Task-2.mat,A,Task-2,22,L,9.55512156,11.5967661,11.4351652,-9.48128778,-9.21895352,-11.9797078,-101.593656,-90.4246144,-120.82302,-106.043874,-58.8427503,-139.906259
VisualCogA_Task-2.mat,A,Task-2,23,R,-9.99661842,-10.2339694,-13.1429566,-30.8211792,-38.8730053,-46.8741964,-23.8424158,-65.8438054,-58.7223846,2.30174916,-50.7423342,-18.4641508
VisualCogA_Task-2.mat,A,Task-2,24,R,3.83041768,3.29243051,0.458430264,-15.5750504,-15.1848459,-17.2451342,-38.8329732,-35.3844771,-40.6722844,-104.269413,-92.0999854,-108.187232
VisualCogA_Task-2.mat,A,Task-2,25,L,-2.80405106,-2.74356976,4.6721261,-2.87039053,6.99732511,-5.14907362,-91.45667,-68.7861597,-116.742338,-26.6353657,29.8163127,-82.5820263
VisualCogA_Task-2.mat,A,Task-2,26,L,-4.59417889,-5.71401591,2.90976834,13.8217867,15.7647589,16.0467156,4.86603479,6.77661747,4.46986905,153.858186,156.693468,169.867494
VisualCogA_Task-2.mat,A,Task-2,27,R,12.1735255,12.2265023,17.664624,-15.9270347,-9.649249,-23.3432909,-93.2921116,-82.1390637,-122.936037,-125.495241,-92.1276323,-182.203308
VisualCogA_Task-2.mat,A,Task-2,28,R,4.34149952,3.26868581,4.03559855,-0.589094611,-1.85170243,2.88625865,-63.6428223,-55.8689532,-79.092661,-23.7061011,-6.51067681,-18.9613854
VisualCogA_Task-2.mat,A,Task-2,29,R,8.55302802,5.74785431,14.3309948,-8.09923557,-8.94782412,-13.693333,-89.0014052,-88.7344168,-121.761705,-85.7174076,-51.6184132,-153.327059
VisualCogA_Task-2.mat,A,Task-2,31,L,11.1492804,11.7290889,14.8315054,-35.7374351,-58.3904199,-27.5140338,-57.0066964,-125.425166,-72.2013443,27.2377204,-63.1661266,7.1198502
VisualCogA_Task-2.mat,A,Task-2,32,L,-15.4444905,-10.3703918,-10.4934432,17.2796183,22.3823995,19.0629575,-0.878945693,-6.6778388,2.01702724,69.0898188,66.4146919,80.6471095
VisualCogA_Task-2.mat,A,Task-2,34,L,-3.84173789,-2.84848802,-0.569064226,6.80150233,4.21822875,-0.559113297,-81.1941035,-65.4273562,-117.147859,55.3503257,164.926302,46.9459191
VisualCogA_Task-2.mat,A,Task-2,35,L,-0.470853093,0.626433082,-1.77201055,13.2646891,18.4943849,13.8458835,17.5638086,27.5114928,23.537388,99.3255633,114.978223,109.400822
VisualCogA_Task-2.mat,A,Task-2,36,R,-6.87540369,-1.72196247,-5.26710105,-3.72405414,-0.0531674242,-7.15764489,-3.60597965,-0.781102015,-11.7068763,12.0891532,10.6834062,12.2911446
VisualCogA_Task-2.mat,A,Task-2,37,R,0.616315256,-7.5580552,-0.55846024,2.50200905,-7.40245512,0.0984261349,26.1410931,52.0561224,26.0256569,192.114573,242.925137,228.153891
VisualCogA_Task-2.mat,A,Task-2,38,L,-2.7657473,-0.721384483,-1.36546636,12.5136665,6.6674682,17.1453181,-2.42783793,-10.0207206,1.16162988,86.7528336,67.4610525,108.666471
VisualCogA_Task-2.mat,A,Task-2,40,L,27.4906407,34.0275311,35.6632391,39.3474584,52.1136949,50.032419,-4.63464903,17.1686279,7.40503651,16.1339575,19.0267132,32.8545324
VisualCogA_Task-2.mat,A,Task-2,42,L,-6.46633707,-0.522956952,-7.09856808,-7.84150845,-22.8830645,-7.79658808,-4.06207029,-36.541003,-13.4748587,53.55598,-31.7409401,73.984168
VisualCogA_Task-2.mat,A,Task-2,43,L,0.117694767,-5.90016158,2.4435153,3.27930438,2.82033634,0.541915315,-84.2945725,-43.8462216,-103.419644,-19.042963,39.0552919,-47.8305982
VisualCogA_Task-2.mat,A,Task-2,44,L,15.4823409,11.1356676,14.2636283,-3.21421075,2.17446365,-17.1530069,-77.2690581,-59.2989443,-118.1174,-132.211448,-68.3819392,-219.240577
VisualCogA_Task-2.mat,A,Task-2,46,L,6.06699284,9.26165647,4.40355869,-9.87763993,-22.3684972,-3.67834561,-30.6567275,-43.7190186,-37.2853433,-42.9070809,-53.4588841,-50.6866916
VisualCogA_Task-2.mat,A,Task-2,47,L,3.32809052,11.2795864,5.93288748,-17.7559288,-11.8252276,-24.4646962,-6.57584045,-18.2599599,-23.9042319,-3.46638179,-34.8229124,-25.4070483
VisualCogA_Task-2.mat,A,Task-2,48,L,3.62794514,0.0513647567,4.70553942,0.00195525234,-10.7093137,3.81321062,-17.7954917,-30.1960879,-13.1294083,-12.9975109,0.680254171,-2.41563273
VisualCogA_Task-2.mat,A,Task-2,49,R,-3.68632698,-8.68872056,-3.04873192,-6.35606153,9.85425211,0.132692206,-4.54716342,-7.54703564,10.1012103,13.754348,19.6262444,20.1798347
VisualCogA_Task-2.mat,A,Task-2,50,R,10.2565255,0.477309421,7.47906011,21.2442063,71.0112747,14.2270694,19.410766,179.64984,74.1880334,-33.7624222,70.5101411,27.2215476
VisualCogA_Task-2.mat,A,Task-2,51,L,-9.88969804,-10.5054047,-11.3574629,34.9920584,72.8457803,65.5107256,81.7844288,164.641357,184.383152,301.712371,401.492272,433.307765
VisualCogA_Task-2.mat,A,Task-2,52,R,3.33466134,-7.99101882,0.126411642,-3.86170888,0.114942068,-7.66489302,-77.8626412,-62.1889153,-97.8783417,5.86897019,66.0163351,-8.42050833
VisualCogA_Task-2.mat,A,Task-2,53,R,-2.39237389,0.826618243,-3.62664257,17.5423797,5.98175701,18.6335879,2.99285313,-17.1511464,-1.75958574,139.3551,109.272844,160.824146
VisualCogA_Task-2.mat,A,Task-2,54,L,11.0255547,4.88031251,11.3027121,0.0271735265,2.52948078,5.18200156,-71.181379,-35.3491742,-96.9862904,-18.4564193,64.0836987,-54.5853472
VisualCogA_Task-2.mat,A,Task-2,55,L,-1.35755449,9.49710921,7.40404031,0.836578932,20.1493557,34.5431169,-12.1036498,-45.6671016,-2.40892157,10.2892898,-64.2221163,-19.4048692
VisualCogA_Task-2.mat,A,Task-2,56,R,-4.89110885,-9.03299388,1.4695895,-3.97841434,-2.17638986,-14.3798818,-82.0522251,-43.0900813,-124.521451,-39.9651297,56.608422,-91.2654136
VisualCogA_Task-2.mat,A,Task-2,57,R,-5.14003069,-6.75653218,-4.85052287,13.253219,15.4215215,11.5761663,-3.83415354,-2.37579198,5.25857038,-124.211439,-124.205194,-150.690708
VisualCogA_Task-2.mat,A,Task-2,58,R,8.83504951,8.43250754,13.6587296,-11.7962009,-7.30143026,-17.5442813,-85.5535508,-68.7972776,-123.949104,-114.137833,-46.398766,-177.59913
VisualCogA_Task-2.mat,A,Task-2,59,R,4.0154907,0.13712546,6.87674861,-21.3270637,-21.7422596,-22.8151542,-97.8755086,-101.891396,-140.778906,-44.8225862,-13.5126002,-89.3733811
VisualCogA_Task-2.mat,A,Task-2,60,R,-0.463749281,-0.161107546,-4.69335962,23.565544,27.0331804,34.9342549,4.18305247,38.2927522,8.11928925,200.06874,195.414716,280.303413
VisualCogA_Task-2.mat,A,Task-2,61,L,10.0205151,8.1481203,9.00146965,-3.42629735,-9.82639346,1.15124432,-9.08953451,-41.389998,-14.8731347,64.5303426,83.4445038,36.7659101
VisualCogA_Task-2.mat,A,Task-2,62,R,11.4765141,13.661066,8.61447279,5.68840359,-11.5770635,1.64220322,-65.5034874,-86.4242457,-123.92546,-28.9538741,-0.703075185,-74.577656
VisualCogA_Task-2.mat,A,Task-2,64,L,-5.42059151,-14.8039803,-2.29751343,4.00070275,24.1885013,6.46472454,-41.0047107,82.7444291,-49.0172326,31.1366485,238.592397,49.923713
VisualCogA_Task-2.mat,A,Task-2,65,R,5.09764059,-1.35629495,11.3374473,-20.646222,-19.0932004,-22.2357217,-75.477802,-48.0875309,-96.3879092,-112.850323,-44.7437936,-145.127397
VisualCogA_Task-2.mat,A,Task-2,66,L,2.61428567,-2.17541704,6.42197103,-1.04102447,-3.31584317,5.83294861,-84.8879646,-111.696898,-106.167339,-38.2269567,-79.089605,-60.7234703
VisualCogA_Task-2.mat,A,Task-2,67,R,5.52196622,-2.03857721,7.86983809,-25.6578276,-23.8014833,-23.3806661,-64.6789461,-41.3525366,-68.8073544,20.9081043,41.7071692,15.3343448
VisualCogA_Task-2.mat,A,Task-2,68,R,1.50893139,2.04479266,9.58084028,-14.7500901,-16.0417467,-27.2030737,-110.83993,-134.701876,-180.579395,-68.0948225,1.72854945,-157.615657
VisualCogA_Task-2.mat,A,Task-2,69,L,3.1507051,0.186860949,-0.331871613,-6.56084232,-10.4649461,0.330317918,26.0700933,46.487232,4.21475681,22.8881785,62.3080953,-9.21518601
VisualCogA_Task-2.mat,A,Task-2,70,L,7.06605079,4.41449292,11.3042929,-5.87197966,-6.05954377,-10.3926148,-98.1624396,-89.1430127,-148.04812,-126.464587,-64.5237997,-210.615599
VisualCogA_Task-2.mat,A,Task-2,71,R,-13.6738713,-6.89437168,-11.0614682,23.8764592,8.82786978,7.67896141,28.6553591,22.8148255,12.9345762,133.888854,154.593435,129.327346
VisualCogA_Task-2.mat,A,Task-2,72,R,-13.7278779,-12.3927654,-11.8228127,-50.3602075,-58.2658202,-57.449553,-45.5954684,-95.5991259,-58.1321746,-40.6490259,-88.8637112,-67.9702085
VisualCogA_Task-2.mat,A,Task-2,73,R,5.78429486,3.45136859,5.86454275,7.9778514,1.77208329,3.99091408,-47.7153241,-29.830815,-70.8384774,-0.275987764,37.8458652,8.61923357
VisualCogA_Task-2.mat,A,Task-2,74,R,4.40150749,1.96741144,7.89593161,-7.28885701,0.462548196,-11.8948424,-72.1496745,-39.8637752,-104.006291,-55.0613774,21.4880504,-111.48098
VisualCogA_Task-2.mat,A,Task-2,75,L,-2.88295148,-8.07864022,-5.25196719,-36.0885387,-36.4951816,-33.7619917,-57.6864312,-52.1745585,-53.777855,-21.9947248,-17.0315421,-21.2854343
VisualCogA_Task-2.mat,A,Task-2,76,L,25.1806309,27.899251,10.6920822,18.8544914,3.1890035,11.9952178,-10.971312,-34.2116661,9.56251684,-54.9670099,-97.4867675,-19.5469169
VisualCogA_Task-2.mat,A,Task-2,77,L,9.97570506,7.37191354,14.221539,-23.2132942,-23.17022,-26.3478959,-87.1948711,-65.0177004,-110.790118,-169.186859,-104.281473,-241.584336
VisualCogA_Task-2.mat,A,Task-2,78,R,6.73706998,11.2986375,12.0260387,12.9267457,17.3559965,12.6997034,-71.2704103,-72.8632636,-84.5187627,15.9520044,-15.0541921,29.3060029
VisualCogA_Task-2.mat,A,Task-2,79,L,-7.97141748,-1.36173248,-11.8449929,8.37955028,18.5478557,9.8806646,1.47386571,11.4187713,6.51516352,91.9878641,109.63925,118.372334
VisualCogA_Task-2.mat,A,Task-2,81,L,13.8772415,9.16169375,18.7439649,-28.1308193,-57.8819534,-38.8471713,-125.217216,-172.476939,-193.533887,-179.971405,-171.819687,-285.636008
VisualCogA_Task-2.mat,A,Task-2,82,R,-25.6831364,-27.2751442,-29.5141114,25.6326063,29.4262553,32.4544295,139.063535,119.839181,149.943125,207.48664,189.081534,227.990899
VisualCogA_Task-2.mat,A,Task-2,83,R,-3.30288389,-0.776699923,-4.08802388,1.24374162,-0.926436562,-0.283244078,-75.0215149,-54.3299005,-107.119318,-34.194599,-6.21610057,-77.3062104
VisualCogA_Task-2.mat,A,Task-2,84,L,2.39300095,1.7462458,7.54457449,-1.9996147,-0.670389672,-4.16733206,-66.2945796,-56.8917405,-78.7848864,-104.384026,-79.7396053,-119.049796
VisualCogA_Task-2.mat,A,Task-2,85,R,5.18543604,7.2079846,4.81559192,1.36690218,-15.2546207,-4.69847932,-77.178431,-113.097721,-105.910151,25.2189733,7.81659949,2.93263252
VisualCogA_Task-2.mat,A,Task-2,87,L,9.19376681,1.75651486,12.7841179,-30.8889021,-29.6929221,-27.0497893,-31.3184446,-16.3387555,-47.0428235,-60.2577827,-9.74666153,-126.964823
VisualCogA_Task-2.mat,A,Task-2,88,R,-5.8666506,-11.6106041,-12.6562858,12.4182486,29.536593,19.8994759,-5.64594818,64.4028241,-0.123092827,166.906296,240.045685,269.212344
VisualCogA_Task-2.mat,A,Task-2,89,L,6.42932206,2.84736378,5.79262734,-3.68341039,-6.88459432,-8.44890973,-76.9379586,-76.2793282,-119.234489,16.7999044,34.1004776,-15.8494516
VisualCogA_Task-2.mat,A,Task-2,90,L,11.0182383,12.1669851,11.1283762,13.741613,38.1028551,39.3923945,-57.9249791,11.1185359,-18.5892602,-38.3034275,12.4967851,-24.940765
VisualCogA_Task-2.mat,A,Task-2,91,L,15.0201095,-0.177285496,10.0164374,6.61759246,11.5924536,8.72135881,4.29125766,-6.93289832,21.7107511,53.0660392,71.0454085,43.2068163
VisualCogA_Task-2.mat,A,Task-2,92,L,-4.06061921,-14.3055351,-5.74301859,-24.0261842,-4.39289957,-26.832645,-46.1206924,52.9948485,-63.8730544,-98.6154907,180.163338,-71.0434366
VisualCogA_Task-2.mat,A,Task-2,93,R,-6.49786716,-16.365492,5.16437683,-4.65643391,-0.356885235,-13.327675,-70.1206213,-57.8758164,-99.5317277,-133.934307,-72.1558366,-205.863408
VisualCogA_Task-2.mat,A,Task-2,94,L,4.0869528,15.8661097,11.310428,-15.9713186,-21.6900426,-0.871462404,-101.752334,-235.06589,-133.124225,-130.574417,-306.487087,-244.118869
VisualCogA_Task-2.mat,A,Task-2,95,L,-0.396445092,-7.22908081,2.45542863,3.88216183,-22.8160836,-6.60736834,-81.4628953,-103.62389,-130.175535,-13.3328616,19.6849207,-55.3617178
VisualCogA_Task-2.mat,A,Task-2,96,L,-4.67963211,-11.5913824,-8.67098272,8.70033991,18.9091919,10.821393,-3.99787369,47.4682516,15.0428235,99.1783795,191.547891,146.486363
VisualCogA_Task-2.mat,A,Task-2,97,L,-8.74410588,-10.606427,-9.88093396,8.50652752,2.92715925,9.49322272,22.5741987,10.3909087,29.0719325,168.362075,163.746448,211.314813
VisualCogA_Task-2.mat,A,Task-2,98,L,-3.78330659,2.72595932,0.923848637,10.7590744,-7.71725469,8.51774221,-27.9521024,-66.3033507,-57.2493444,101.253346,66.5286319,101.832638
VisualCogA_Task-2.mat,A,Task-2,99,L,-7.29658339,-3.31337761,-6.57076669,7.8046372,11.6301583,17.8449813,8.67397437,7.09229507,12.9910691,87.4405776,56.2832019,96.0943301
VisualCogA_Task-2.mat,A,Task-2,100,L,13.3850618,-0.572874705,21.6502662,1.19309056,1.5357373,8.55356064,-66.5260507,-41.5303838,-96.8392413,-91.1511552,-42.3439828,-140.915435
VisualCogB_Task-1.mat,B,Task-1,1,L,6.10166014,16.2091886,4.8773116,-3.60010445,-14.5375089,3.46495533,-14.4405196,-33.3698732,-17.4839497,-14.413939,-53.2499931,-4.90610615
VisualCogB_Task-1.mat,B,Task-1,2,L,13.3304285,-0.587856861,15.2569814,-2.25401859,0.143523574,-4.10696473,11.5228062,11.7531394,9.03588667,0.185543586,9.08984536,8.13778585
VisualCogB_Task-1.mat,B,Task-1,3,R,-4.61082661,0.351811632,2.57733229,-8.21874802,-6.40869977,-7.63670974,0.604702908,-10.3212078,-8.98385839,-23.2765822,-39.2577459,-15.8877906
VisualCogB_Task-1.mat,B,Task-1,4,L,10.1563738,4.24577967,13.8609434,0.566732259,-0.864618025,7.5304947,6.79037122,2.42972227,2.37144078,3.46211637,12.3965784,3.59244843
VisualCogB_Task-1.mat,B,Task-1,5,R,-1.67688042,-2.72529996,-2.45554161,3.24310808,0.132868483,8.40015602,-0.427761448,4.37445628,8.39540859,-10.5547511,1.87601407,4.44143747
VisualCogB_Task-1.mat,B,Task-1,6,R,-16.9241849,9.19831295,20.1315234,-1.13316999,-23.4711442,-10.5950192,65.0275999,-164.553848,-134.164294,173.612393,-263.840133,-373.38037
VisualCogB_Task-1.mat,B,Task-1,7,R,3.72394152,-0.21587768,2.12800384,-4.16320926,-0.172623175,1.70164068,3.86478098,-3.72232718,13.0102114,-12.8681167,-43.1960677,-1.71420794
VisualCogB_Task-1.mat,B,Task-1,8,L,9.63421704,15.9565323,2.62318665,7.07377481,-3.29884532,6.0970101,13.4753407,15.614205,3.07550679,14.952488,7.39604069,2.42820843
VisualCogB_Task-1.mat,B,Task-1,9,L,-10.0394788,-9.00735056,-9.40886452,-11.5317185,-16.5635143,-5.73839434,3.86226321,14.8844591,-5.79378038,11.0914447,38.6477462,-19.0169938
VisualCogB_Task-1.mat,B,Task-1,10,L,3.07891186,4.54432485,3.34551996,-20.8492674,-15.5172413,-8.06893666,-35.9539956,-11.2597007,14.2407719,-94.6683009,-72.2389985,-38.7662799
VisualCogB_Task-1.mat,B,Task-1,11,R,2.81267657,-3.88630018,1.70982522,4.5722067,-15.5393559,5.86893265,1.05765349,-0.903575579,-1.48752612,-5.15908298,-32.6998316,8.33125972
VisualCogB_Task-1.mat,B,Task-1,12,L,8.72412773,13.4568565,6.40162778,-17.3397161,-13.0344452,-12.754755,-38.84904,-31.4164557,-49.4604157,-99.9053132,-103.370991,-106.974743
VisualCogB_Task-1.mat,B,Task-1,13,R,-10.8775214,-8.4118643,2.42798837,3.2563165,17.0576382,2.83720351,-18.0991949,-0.0569242066,-14.9267775,-53.2891928,-50.622824,-52.1510973
VisualCogB_Task-1.mat,B,Task-1,15,L,-0.0829729822,5.16137352,0.687240733,-11.1447414,3.31118539,-21.8571179,0.398052868,3.39091464,1.69501088,-5.49758854,-35.9372252,25.2270565
VisualCogB_Task-1.mat,B,Task-1,16,R,19.1751582,13.7901179,14.7882409,-3.23881124,-2.00647186,-0.532058446,-19.0857472,-9.999086,-12.7458143,-74.1945832,-68.0616734,-86.8664045
VisualCogB_Task-1.mat,B,Task-1,17,L,1.15767382,7.8653508,6.67327636,-4.11227121,-10.4948096,-6.98911057,17.3568108,-63.5520487,-15.3047826,48.37731,-263.231258,-108.240474
VisualCogB_Task-1.mat,B,Task-1,18,L,-1.92327017,0.916983022,-3.31694995,0.395056691,-23.0995244,-4.33789116,15.9873739,-76.302916,-36.4701621,13.4544855,-66.1372419,-52.0284433
VisualCogB_Task-1.mat,B,Task-1,19,R,1.72523664,-3.92371479,-0.467482404,3.1909576,2.93654061,5.14891009,9.4547342,6.13634901,3.2324619,1.30093093,-48.295509,11.4590298
VisualCogB_Task-1.mat,B,Task-1,20,L,-8.44313434,3.58034355,-0.586610574,3.45401053,-23.0801099,-0.956318004,36.6414056,-155.765779,-24.8364477,54.2518048,-238.684305,-88.2113848
VisualCogB_Task-1.mat,B,Task-1,21,R,11.5313545,11.2281434,9.75661584,-11.5752228,-1.67541339,-18.04828,3.50954626,7.73955338,-9.20667936,-3.63231692,2.97320877,-31.5677141
VisualCogB_Task-1.mat,B,Task-1,22,R,-0.771352005,7.79965165,-13.2878542,8.01322332,16.3570231,5.16072571,1.98630788,6.28339193,7.15300827,36.8689809,34.4332151,76.3835079
VisualCogB_Task-1.mat,B,Task-1,24,R,-0.558086937,14.6814724,14.1974828,-20.0230337,-30.1479827,-25.0620445,4.13733183,-124.5976,-91.8740661,118.026354,-150.800105,-74.1627403
VisualCogB_Task-1.mat,B,Task-1,26,R,4.85420466,5.27109094,1.64160439,-5.0123225,6.30019071,8.60030387,-10.6173892,26.4365361,56.0590651,-21.0554441,4.45522753,53.6562952
VisualCogB_Task-1.mat,B,Task-1,27,R,2.20566589,-4.6394303,5.00559537,-32.1118472,-35.5446327,-32.4680336,-53.3073054,-49.0979016,-57.1168072,-89.1160821,-90.4404994,-93.037158
VisualCogB_Task-1.mat,B,Task-1,28,R,-3.7260688,-1.56356566,6.23246453,-12.6994004,-19.8701105,-10.0687894,-11.8334918,-32.6417925,-42.1626949,-26.0229665,-57.3806004,-81.1176728
VisualCogB_Task-1.mat,B,Task-1,29,R,-1.59963427,-9.02213871,5.08629026,5.27444488,8.27166839,9.50185126,-25.5701109,-27.6247371,-28.5740792,32.1623099,51.0595349,28.211128
VisualCogB_Task-1.mat,B,Task-1,30,L,-2.75652766,2.31632465,-8.43440101,13.5676318,-3.70946408,4.23425622,15.549131,-22.2839854,12.3233877,63.7986687,30.8578195,81.8578744
VisualCogB_Task-1.mat,B,Task-1,31,R,-0.691690535,-3.84156568,-0.831038315,0.188121077,16.5322851,-7.36740162,4.41880991,21.3086253,3.07509918,43.7041385,55.2887461,54.7279765
VisualCogB_Task-1.mat,B,Task-1,32,L,-0.0435759271,4.11047672,-2.71204,-0.801553674,-1.12597784,10.2094815,10.3509429,21.3293797,13.4910647,9.84481637,2.7582552,39.7357725
VisualCogB_Task-1.mat,B,Task-1,33,L,4.88314541,-2.83183152,6.08767506,5.33796736,5.99554372,10.4487522,5.5494012,11.2954751,6.41266152,87.2219548,96.6968857,97.4183973
VisualCogB_Task-1.mat,B,Task-1,34,R,1.97767749,-0.0126623237,1.90757994,-15.3918113,-8.43837005,-9.03927194,-47.3106606,-24.5420783,-33.6108024,-118.2165,-75.7626601,-100.113059
VisualCogB_Task-1.mat,B,Task-1,35,L,3.81296352,5.29769365,10.184501,-4.8089732,3.85275596,0.919964549,-1.69701133,-4.45140147,-13.5486739,5.22687042,-22.7620799,-36.8556747
VisualCogB_Task-1.mat,B,Task-1,37,L,-15.3924422,2.87859921,-8.16145562,-2.39746744,7.80392366,20.5158518,-2.17190107,-54.5871568,39.1445009,52.0574668,-86.7475554,60.045282
VisualCogB_Task-1.mat,B,Task-1,38,L,-7.61185104,-5.20656417,-8.1305895,-14.9455237,-12.6567371,-11.3267963,-11.4871806,5.45371608,-5.25657666,-10.861676,6.62317309,3.33733317
VisualCogB_Task-1.mat,B,Task-1,39,R,-1.57639244,-3.85711613,-0.601022469,8.26609106,0.591775575,-6.44571202,10.2708721,-4.60315949,-15.8416571,5.03083322,-5.85082832,-4.31260452
VisualCogB_Task-1.mat,B,Task-1,40,R,-5.77745359,-1.04039668,-4.25210093,-5.8886732,13.3970416,4.84499554,-2.19668511,13.918565,23.6166464,4.51048633,6.45740958,27.0655357
VisualCogB_Task-1.mat,B,Task-1,41,L,11.3350091,9.6126398,15.8255622,-4.26542723,-5.27847871,-0.22836165,-3.28410576,-3.59420444,-15.4861753,-12.6663701,-12.4260815,-11.1123401
VisualCogB_Task-1.mat,B,Task-1,42,R,-3.54262439,9.56535371,10.4033404,6.68284706,-11.5728602,7.9035587,49.7013454,-88.0126826,-18.8315711,146.848439,-119.557341,-31.3948587
VisualCogB_Task-1.mat,B,Task-1,43,R,-4.62007182,-10.236299,-2.80458293,2.83661375,-8.20484073,-0.988049339,1.4876502,-24.8663677,-10.3932572,83.6319607,57.5539943,93.5678147
VisualCogB_Task-1.mat,B,Task-1,44,R,9.17467356,10.115391,8.23515636,16.538252,17.8317533,17.081717,-2.13389551,0.870689408,4.85773562,57.8786393,79.1708804,67.544988
VisualCogB_Task-1.mat,B,Task-1,45,R,8.22488508,5.90707561,11.29752,2.78733008,4.20011449,1.67920514,-9.48751225,-9.03360431,-25.9219112,-15.9054204,-42.4275747,-35.2882169
VisualCogB_Task-1.mat,B,Task-1,47,L,-4.76857429,-5.38780994,-5.72470719,-5.76803352,3.03485418,34.1568622,-29.6669492,0.433622373,91.8071022,-6.89657664,41.0565595,133.680733
VisualCogB_Task-1.mat,B,Task-1,48,R,-7.38290153,-0.659226824,-2.30604487,19.8280719,5.46333091,-29.445202,20.5304729,-29.6543529,-140.421989,97.087259,65.8200681,30.802434
VisualCogB_Task-1.mat,B,Task-1,49,R,2.06663287,1.32799805,5.76786066,5.01939239,1.37661525,7.06222658,-0.108879235,4.69496915,-2.39512451,-19.0437501,10.4501202,-36.735377
VisualCogB_Task-1.mat,B,Task-1,51,R,31.564489,35.758261,31.432533,38.9511649,38.5477417,33.0840059,-17.9757927,-27.6392993,-32.3733315,-41.0594973,-28.8630948,-38.5349694
VisualCogB_Task-1.mat,B,Task-1,52,L,-0.414611467,2.98152682,1.77950266,1.76877195,1.08877485,-0.0388179844,-25.1923211,-33.0097144,-40.912026,-13.8881575,-46.4847638,-35.031199
VisualCogB_Task-1.mat,B,Task-1,53,R,-3.73923125,-8.22841957,-1.29241895,6.00478885,6.77190404,6.29477482,3.45573449,-6.00427279,11.7226582,-11.2022619,-16.0482383,-0.4349098
VisualCogB_Task-1.mat,B,Task-1,55,R,5.66068215,-5.0244767,9.071748,19.1277324,-35.6598916,-1.67782698,20.8378664,-23.1562183,-33.9765941,30.9649774,71.2097865,37.7432818
VisualCogB_Task-1.mat,B,Task-1,56,L,2.81869427,3.78354042,1.86372733,1.10910867,1.72151042,2.81482512,3.20549332,-7.86358129,-9.71700777,40.2112701,7.47292618,45.0953171
VisualCogB_Task-1.mat,B,Task-1,57,R,10.8378425,12.4724067,5.19950025,-9.66137853,14.5668462,18.2321547,-49.144427,1.80446768,30.7518637,-35.3644126,34.69275,88.4700884
VisualCogB_Task-1.mat,B,Task-1,58,R,10.5294925,11.6804227,20.6964441,61.1489342,59.2892222,51.2069785,49.6116428,48.1841839,-3.44336741,-7.02258016,-18.933415,-136.650091
VisualCogB_Task-1.mat,B,Task-1,59,R,-5.33535111,-5.15988856,-2.42342508,-0.677145486,7.33474318,-7.82324386,5.19015626,-0.616343178,-19.3738401,10.1002547,34.0111287,-22.1329801
VisualCogB_Task-1.mat,B,Task-1,60,R,3.45828573,4.92659277,-2.79754058,3.40942981,0.231926184,-2.1908759,15.8931734,5.53635287,11.2620055,3.19847279,8.49907061,-6.99861555
VisualCogB_Task-1.mat,B,Task-1,61,L,3.55879527,-1.6049014,-0.0547422088,3.34979184,5.64149945,6.35104343,-11.8642149,-6.83377024,-20.8668683,49.884758,70.6458721,39.1017036
VisualCogB_Task-1.mat,B,Task-1,62,L,6.51442781,-2.38515798,-7.501717,0.940815006,-30.6601112,-33.5667135,17.5793602,-34.4003927,30.1851705,-2.57308797,50.5765295,145.77212
VisualCogB_Task-1.mat,B,Task-1,63,R,4.57348626,3.61935442,-1.26575451,11.3085456,8.65869513,8.23315174,18.5858368,14.8651147,13.6307979,78.0535644,93.3223404,88.1742387
VisualCogB_Task-1.mat,B,Task-1,64,L,-15.5645074,-16.9955066,-13.427019,4.11993644,19.5904829,-4.71287139,3.43345066,19.6158017,-6.73559243,81.6433531,104.766206,67.3870402
VisualCogB_Task-1.mat,B,Task-1,65,L,25.1313991,15.691657,21.507408,-8.25241625,-16.2055102,-2.75103861,24.0746859,0.368389854,28.9859674,78.2627408,56.2633048,47.878028
VisualCogB_Task-1.mat,B,Task-1,66,L,-0.196188955,-6.94735784,-11.249978,-38.6563256,-26.0606616,-25.5636182,-75.395799,-19.4099128,39.3036806,-162.333708,-106.103086,-1.04540384
VisualCogB_Task-1.mat,B,Task-1,67,R,0.877260785,6.53962972,-2.48987942,-12.722083,-8.54530295,-11.6525234,-28.9849448,-26.3223159,-30.6157348,-92.4458327,-86.168395,-99.4158667
VisualCogB_Task-1.mat,B,Task-1,68,R,3.21363971,-2.07032818,3.75755638,7.21211974,-6.67719198,6.37969856,-0.981123602,-1.88213348,-17.33935,28.4258214,22.3199451,50.6390759
VisualCogB_Task-1.mat,B,Task-1,69,L,3.30194465,-1.29453456,4.39502398,7.5358333,16.2012736,4.23836289,16.3280119,56.2458021,-7.2041593,17.3546398,61.7835884,-34.1280548
VisualCogB_Task-1.mat,B,Task-1,70,L,-0.302354535,-10.2004516,-6.40133465,-17.9438959,-16.7997549,-20.7187649,-17.2549689,31.1059041,3.72826769,-29.6449724,25.081771,42.4977159
VisualCogB_Task-1.mat,B,Task-1,71,R,5.72275591,-1.27133561,9.83470789,9.5889908,5.73017816,9.84787926,10.3698426,12.914726,21.0586406,52.0939654,64.8758616,66.7903877
VisualCogB_Task-1.mat,B,Task-1,72,R,2.90460066,-2.06469252,-10.2403632,3.85502063,24.6265669,10.0744044,-30.5703565,56.8780448,39.3144949,-43.03148,56.9585936,91.9959809
VisualCogB_Task-1.mat,B,Task-1,73,L,-1.55541496,-5.09326424,-4.47223797,3.27684174,1.78212908,-4.33422891,6.83674793,17.1638223,3.23074832,77.6834108,113.535154,59.4263181
VisualCogB_Task-1.mat,B,Task-1,74,L,-1.4315837,-1.20486372,1.61308669,11.7396277,-6.6550758,24.6915877,7.77733814,24.3937914,-9.16607748,-7.78307512,3.45643444,-21.6157289
VisualCogB_Task-1.mat,B,Task-1,75,R,-1.606893,-3.81596273,-0.94981636,1.31115573,0.740750101,20.2459967,-14.9671052,-1.09371867,24.6725885,36.2238444,56.5012654,75.7278656
VisualCogB_Task-1.mat,B,Task-1,76,L,-11.8189954,8.04363506,6.65928973,10.3290729,-9.61653177,10.7128203,27.7793558,-130.354806,-44.3165817,184.761201,-134.100212,-90.3682775
VisualCogB_Task-1.mat,B,Task-1,77,L,7.09276661,4.44732544,4.87631152,13.1622652,18.8818809,17.9443463,1.07826171,7.81487792,1.39339557,70.0152076,100.464361,91.7526122
VisualCogB_Task-1.mat,B,Task-1,79,R,-6.40916428,-6.88396028,-6.76146141,3.54987879,-1.74674723,0.657486082,-5.73088863,-29.1548774,-7.29182507,76.3659609,46.2188766,75.84428
VisualCogB_Task-1.mat,B,Task-1,80,L,3.8673341,-0.235364897,4.47262489,6.15605006,11.0559872,9.96400618,-8.37252429,-17.7420512,-1.35205697,6.83493006,-7.51812982,17.711914
VisualCogB_Task-1.mat,B,Task-1,81,L,0.0069143773,1.58569173,3.83260866,13.2666311,-2.79707252,9.29917617,18.2605583,-36.9718214,3.66499878,82.3619494,18.7777401,63.5460873
VisualCogB_Task-1.mat,B,Task-1,82,R,13.253636,13.5897637,13.0929277,1.00373272,3.60390431,0.243216751,-24.1244441,-33.7105533,-11.0306952,-53.9615821,-30.0483904,-76.7828979
VisualCogB_Task-1.mat,B,Task-1,83,L,-2.12206429,6.28598507,-5.54633883,-6.82618729,7.12403717,-1.18845356,-47.7421694,-32.6397925,-12.3810705,-19.5899409,-5.18546799,15.1347632
VisualCogB_Task-1.mat,B,Task-1,84,L,0.452877345,7.33006777,5.30933672,7.99689378,9.51264088,9.09592705,-7.87697472,3.83631103,-8.48683776,38.0940157,61.5803354,49.7115291
VisualCogB_Task-1.mat,B,Task-1,85,R,-1.77760886,-5.01210821,-6.3076403,1.98465929,11.2715508,24.7827174,-21.1674367,20.8927067,68.2878528,20.4084767,96.1962476,167.780501
VisualCogB_Task-1.mat,B,Task-1,86,L,2.58774692,6.15345078,2.65491813,17.0182328,10.3905946,14.3853009,25.2535527,24.0203263,27.4611963,136.973073,137.217122,145.890221
VisualCogB_Task-1.mat,B,Task-1,87,L,-9.91341708,-10.386666,-7.49664956,-2.7351202,-3.04137662,-1.05524932,9.12797583,12.8805767,7.10615624,-1.71094444,-15.4622942,22.092088
VisualCogB_Task-1.mat,B,Task-1,89,L,2.33923779,20.5771854,24.4926888,18.4736483,-8.95142419,6.72339665,68.7938732,-154.32312,-107.931585,194.507309,-208.014255,-180.877488
VisualCogB_Task-1.mat,B,Task-1,90,L,-7.87710501,-11.855873,-10.1710919,0.669590552,7.73077191,8.19094813,10.654047,23.2146365,28.1035204,110.868003,136.468722,120.937921
VisualCogB_Task-1.mat,B,Task-1,91,R,14.7562798,10.6246218,15.1676588,-3.42650787,-7.86445166,-4.77528576,3.41421973,-1.61657549,0.535221956,-2.72017235,-5.0635282,-21.3354985
VisualCogB_Task-1.mat,B,Task-1,93,L,9.04120686,0.804883995,10.4190049,-10.1390008,-0.911984544,-9.1388489,-6.09751131,-3.46310006,-9.43934139,15.6297797,27.2993383,25.3593248
VisualCogB_Task-1.mat,B,Task-1,94,R,-0.360132837,-1.68396335,-0.779652007,-14.7018883,-13.6477162,-12.3907615,-7.83364191,1.21476936,-10.0512276,-11.5699457,6.06149342,-23.6402802
VisualCogB_Task-1.mat,B,Task-1,95,L,10.044039,7.83260806,11.9480388,15.010504,12.1411019,16.9799545,4.23294817,5.27004112,-1.85017334,48.2453652,60.4017737,47.2832184
VisualCogB_Task-1.mat,B,Task-1,96,R,8.0433059,1.96596679,9.88219505,12.2302642,5.50279264,1.18038986,14.8388677,-1.49044737,-6.21861929,94.848369,72.3989115,75.9602303
VisualCogB_Task-1.mat,B,Task-1,97,L,-4.74902563,-11.2112904,-10.348954,-28.3646838,11.1734811,23.0425252,-83.5705269,74.1125624,94.5261748,-146.886436,63.9622539,87.6630694
VisualCogB_Task-1.mat,B,Task-1,98,R,-4.31667579,2.34737431,-1.55416632,6.69504948,5.03074835,2.92299593,11.9608868,1.75523061,-6.62711315,70.7386673,68.0401366,57.4709417
VisualCogB_Task-1.mat,B,Task-1,99,R,1.56366675,1.0182036,0.180026844,-11.5813143,-12.2517532,-9.07919534,-19.3208855,-21.1377443,-31.0779947,-28.9369891,-13.4945591,-42.4582217
VisualCogB_Task-1.mat,B,Task-1,100,R,-5.31393339,-8.65715454,-7.06442769,7.60750938,27.5831754,27.2206222,-5.19259342,36.2512016,71.8397818,56.1720629,98.2190032,153.666394
VisualCogB_Task-2.mat,B,Task-2,1,L,1.37093739,4.49320601,-0.235000636,-0.955179109,11.6522206,8.57666722,-5.07694776,33.0562719,25.1152653,-46.6658377,-40.5219438,-38.0661544
VisualCogB_Task-2.mat,B,Task-2,2,L,-6.46298202,-1.43493945,-5.06762335,2.60698893,3.97282613,3.14868326,11.4095618,1.14505133,9.13271827,85.4485349,80.9913558,84.9531533
VisualCogB_Task-2.mat,B,Task-2,3,L,5.62406484,4.24583415,8.82029632,2.28458529,-1.98596795,2.68466443,-22.7639405,-27.3540483,-34.4818149,25.9349808,27.7597146,21.6648479
VisualCogB_Task-2.mat,B,Task-2,4,R,-8.08957386,-4.29512251,-2.85390912,2.83001023,-6.26891343,-4.87156782,-39.196909,-71.0752294,-66.7240747,64.8010774,23.3067518,47.939484
VisualCogB_Task-2.mat,B,Task-2,5,L,-5.49927707,-0.364716974,-6.62016589,10.4825735,9.87063971,12.1151658,3.55980276,6.77820959,7.20992488,84.4375532,85.1394829,88.9710126
VisualCogB_Task-2.mat,B,Task-2,6,R,-17.4807836,-20.0411941,-6.50856923,15.1246103,14.3346745,32.4876237,9.60098838,55.0042194,39.0426753,64.1890705,78.9285564,109.424864
VisualCogB_Task-2.mat,B,Task-2,7,R,-0.896175093,0.0604043339,2.70064075,-23.7736077,-25.6549337,-21.9216946,-91.1276388,-88.8658446,-112.033975,-166.677964,-146.733115,-232.235841
VisualCogB_Task-2.mat,B,Task-2,8,R,7.2395329,-1.92070025,12.915781,-11.956231,-2.90635388,-16.0210505,-72.8667699,-52.6689132,-99.7865839,-89.7334965,-31.5524743,-130.818294
VisualCogB_Task-2.mat,B,Task-2,9,R,12.5340867,3.09357304,19.0344238,1.16692856,-16.3882225,4.9351315,-23.1352588,-56.4511052,-32.353413,-19.1809888,-34.4790329,-19.7428928
VisualCogB_Task-2.mat,B,Task-2,11,R,15.3462848,10.2976736,15.6669012,-9.10627305,1.82405799,-16.2776644,-72.9028048,-31.0000468,-89.0911024,-161.675259,-93.6109399,-205.055
VisualCogB_Task-2.mat,B,Task-2,12,R,-2.12411863,-7.6710589,5.18361661,-16.8805484,-9.88809391,-7.64524065,2.04696706,14.8153186,6.70812725,-35.5895481,-22.6552542,-28.0636669
VisualCogB_Task-2.mat,B,Task-2,13,R,-3.7490433,-4.418773,-6.32481002,-5.03270538,6.43974386,-7.1103145,-15.814334,14.7903139,-22.9466669,68.783022,116.597729,70.880805
VisualCogB_Task-2.mat,B,Task-2,15,R,10.7513287,8.77136471,12.6173891,-7.02004052,18.0795859,-1.68390526,-6.36658072,29.7919702,3.1548556,3.87377157,25.6397322,25.7277572
VisualCogB_Task-2.mat,B,Task-2,17,L,-8.93854695,-11.2082848,1.64229718,-19.0934813,-5.78523606,-23.3124125,-77.8255783,-15.7749602,-96.4075281,-17.9921015,115.656773,-36.7930158
VisualCogB_Task-2.mat,B,Task-2,18,R,16.2507886,12.1993309,17.4834631,-33.8375905,-49.0599354,-42.4068609,-69.7818777,-87.8079734,-84.1863585,-43.3869789,-39.9153986,-54.2369602
VisualCogB_Task-2.mat,B,Task-2,19,R,-7.02819269,-5.3680747,-2.21107971,11.430613,1.93971259,12.9492411,-10.6952379,-39.7264406,-17.1081481,110.967989,52.7051308,146.454836
VisualCogB_Task-2.mat,B,Task-2,20,L,10.6787225,-8.91332586,12.8674328,-12.5627815,-7.01567234,-27.51678,-139.420141,-74.9623767,-147.673196,-25.5845887,80.7670091,-12.2331364
VisualCogB_Task-2.mat,B,Task-2,21,R,4.7949787,3.40447672,5.62744382,-5.39569748,-7.12694533,-24.1584089,-97.8472276,-85.2232166,-148.359647,-61.2707639,-9.20698806,-112.037336
VisualCogB_Task-2.mat,B,Task-2,22,R,7.77700996,4.82171248,12.1341078,6.33772875,8.19626416,-2.8462904,-13.2791226,-13.4505223,-53.1066464,20.6892565,30.2547395,-27.0212672
VisualCogB_Task-2.mat,B,Task-2,24,L,-21.1562229,-27.0144781,-13.6567973,50.2313753,50.6704184,47.921066,-36.4774435,-49.5890735,-57.1687578,-88.5345282,-94.5770903,-109.90384
VisualCogB_Task-2.mat,B,Task-2,25,L,1.94640565,-7.01892686,-0.0221536418,-10.6762128,-24.3108792,-21.5530832,-58.3584151,-67.4955701,-108.804196,32.5043463,20.8295735,-2.67529329
VisualCogB_Task-2.mat,B,Task-2,26,R,-9.14846641,-5.60587897,-7.66004525,-23.0855292,11.939599,-18.6508336,-80.9365798,-17.6689971,-95.9818772,-33.5993523,36.4083435,-71.9944847
VisualCogB_Task-2.mat,B,Task-2,27,L,-1.41344535,3.71437708,1.30427843,17.2775893,3.65970359,32.0766444,14.792832,-63.462072,46.9357713,29.332428,-90.8753589,11.4684475
VisualCogB_Task-2.mat,B,Task-2,28,L,2.43920218,8.44116031,-2.55711884,6.07170203,10.3610053,2.52626697,-15.9582099,-10.0737215,-16.3317967,54.7254364,32.6131598,54.1625932
VisualCogB_Task-2.mat,B,Task-2,29,L,-1.06743374,-1.39394711,4.30632217,-25.6405514,-34.7662492,-23.1735429,-83.2887227,-80.4569154,-110.065564,-90.5096284,-64.3199632,-129.021267
VisualCogB_Task-2.mat,B,Task-2,30,R,-3.47780755,-4.10897559,-6.17690693,-14.3792565,-11.0491162,-19.1079573,-14.4474731,-1.63982777,-2.87631448,-2.88034207,20.7082777,28.0842603
VisualCogB_Task-2.mat,B,Task-2,31,R,-5.36588158,-10.3510537,0.530826247,-4.96495612,3.12148949,-4.52734187,-51.1352742,-5.68472201,-68.418644,2.3158066,63.8520026,2.93271613
VisualCogB_Task-2.mat,B,Task-2,32,R,-0.457945519,3.15287919,-0.915226075,17.4917925,8.95177812,20.7588736,-4.84107926,-40.5412062,-6.80460747,137.447649,71.1102666,170.535936
VisualCogB_Task-2.mat,B,Task-2,33,R,-1.19026056,-7.69017463,-1.15914062,-16.194317,-27.8344757,-41.789132,-100.42475,-87.6627574,-171.249511,-46.7584536,-13.9186072,-101.20043
VisualCogB_Task-2.mat,B,Task-2,34,R,2.4769686,2.28873416,9.19656237,-23.5454128,-35.5690245,-30.9709474,-31.6262989,-51.0934903,-66.2821474,-26.7435688,-47.749783,-62.8646763
VisualCogB_Task-2.mat,B,Task-2,35,L,-5.65258682,-3.87980339,-6.02431826,5.202538,-6.66078403,-0.77470726,13.9134311,-30.6987123,15.3300029,78.749864,29.2983107,94.0949065
VisualCogB_Task-2.mat,B,Task-2,36,R,7.90492994,9.48727403,6.58694529,2.35734824,7.36737556,4.26244129,-64.3025237,-26.3254762,-71.0675288,2.60092401,60.0369227,8.55314208
VisualCogB_Task-2.mat,B,Task-2,37,L,1.25927069,-1.06572216,-0.792035348,7.43055477,5.25188566,11.5501432,3.71585648,18.4297024,8.28290855,110.456362,115.153461,155.036917
VisualCogB_Task-2.mat,B,Task-2,38,L,-1.35439203,-9.10257671,-1.47142839,8.79707291,19.2394417,5.62385928,-44.0308973,24.7671786,-68.7559796,80.5147156,138.24628,82.8389377
VisualCogB_Task-2.mat,B,Task-2,39,R,-14.9945356,-16.7826124,-19.9770024,-61.5559168,-61.1336641,-70.0501389,-63.261211,-55.9533612,-71.7060661,-40.8236046,-24.6937878,-38.8568094
VisualCogB_Task-2.mat,B,Task-2,40,R,-2.86734368,-11.8629337,3.13480816,-12.6858243,-22.2260664,-15.6422175,-76.501908,-68.2256907,-110.248232,-48.0098875,0.22101343,-85.2152025
VisualCogB_Task-2.mat,B,Task-2,41,R,2.2676269,0.865497343,-2.21100338,13.2318947,38.515411,17.9228587,14.7648481,57.705943,38.5506234,109.956188,144.706412,139.573699
VisualCogB_Task-2.mat,B,Task-2,42,L,8.21387077,3.88111992,11.3815629,-6.21717255,-10.4179763,-13.7040377,-78.2539721,-75.3091125,-128.196441,-74.1049859,-34.2182006,-152.904545
VisualCogB_Task-2.mat,B,Task-2,44,R,2.87267593,3.94168842,3.63452681,-3.36144181,1.02079008,-4.62512464,-71.0651755,-47.3938244,-102.263044,-18.0475783,9.30270482,-53.7633413
VisualCogB_Task-2.mat,B,Task-2,45,L,-3.54735071,-7.83123786,-7.99149469,-12.2371414,-4.24791988,4.04887376,-26.8137873,23.8869176,25.4083953,-87.1363561,-7.19552717,-5.27366413
VisualCogB_Task-2.mat,B,Task-2,46,L,26.782828,20.9750784,25.8311017,-7.12018212,-4.86754372,-12.5324381,-77.7911204,-50.2484117,-107.126632,-89.7300344,-33.7572334,-135.842363
VisualCogB_Task-2.mat,B,Task-2,47,R,12.9834208,7.5415897,12.6307897,-26.6576312,-27.4611997,-25.6741381,-36.3648667,-63.3404129,-19.8460915,-134.112056,-142.090938,-148.89069
VisualCogB_Task-2.mat,B,Task-2,48,L,13.6921413,15.0044979,16.5547285,5.8525923,-0.58964217,-0.703557117,-68.6692508,-82.8118806,-107.083969,-74.1590807,-96.4792175,-145.631453
VisualCogB_Task-2.mat,B,Task-2,49,R,9.41057109,9.18198067,10.8928606,-4.84314294,-14.4487564,-6.86329343,-64.5176016,-87.8775984,-96.4704935,12.9335959,-29.2549341,7.31579019
VisualCogB_Task-2.mat,B,Task-2,51,L,7.15805958,9.61899321,4.99460816,-1.56052297,-14.7465325,-8.66974146,-79.071509,-104.977626,-116.071765,-10.8741648,-16.6751235,-47.1235153
VisualCogB_Task-2.mat,B,Task-2,52,L,14.0087881,8.77546875,11.6733324,4.99281992,6.65369435,-1.32353266,-54.1801249,-21.7279494,-84.7521912,-2.63607146,46.8608271,-43.3677623
VisualCogB_Task-2.mat,B,Task-2,53,R,-3.41681245,2.55593061,-9.80382763,21.6592372,17.2827589,23.4996086,-15.2043905,-8.61756823,-14.5244624,251.094951,230.037504,315.53818
VisualCogB_Task-2.mat,B,Task-2,55,R,-7.02838892,-7.86823705,-8.36589959,14.8538697,24.8312339,22.4864621,-7.59782124,9.6183999,12.4305387,111.500323,101.109791,169.915389
VisualCogB_Task-2.mat,B,Task-2,58,L,7.16981786,5.91421366,-1.9282456,7.80694684,5.18657657,1.90306163,-40.9467809,0.879278037,-75.1501402,65.4290184,43.7699053,79.0465649
VisualCogB_Task-2.mat,B,Task-2,59,L,-8.01053933,5.26930425,-9.94136468,8.02713612,-10.84401,9.34656254,-68.8538368,-96.0548984,-76.8980518,219.377584,172.082384,236.827421
VisualCogB_Task-2.mat,B,Task-2,60,L,1.88039252,2.82666998,9.84745372,1.11873946,5.53118977,-0.676635893,-67.7165842,-58.0930768,-87.9315137,-133.146735,-93.8046569,-202.436377
VisualCogB_Task-2.mat,B,Task-2,61,L,5.8820998,-4.86540415,1.92287022,-18.0518064,-13.3595274,-21.4659866,-71.9716838,-39.8004168,-111.277244,13.5139231,71.4885608,-9.19378375
VisualCogB_Task-2.mat,B,Task-2,62,R,11.0299459,12.1949269,9.09694457,21.2410871,17.8809174,32.5838008,-16.0100555,-10.3607372,-22.5034472,156.208803,124.074211,205.318462
VisualCogB_Task-2.mat,B,Task-2,63,L,0.966514124,5.17638528,0.199718817,8.84427219,5.75668364,1.63451555,-76.1953453,-62.6835926,-106.019927,26.4302672,27.6111274,12.7887501
VisualCogB_Task-2.mat,B,Task-2,64,L,-8.09946349,-7.79465898,-5.29069458,17.0467834,18.3958408,26.025393,31.0720078,-0.249785795,35.7705518,158.250433,53.4292775,159.337724
VisualCogB_Task-2.mat,B,Task-2,65,R,8.31779148,6.50878381,5.82776564,11.5322843,35.9576037,41.9373079,-6.59154783,40.0959601,43.7682038,6.84014637,7.99238402,48.4150091
VisualCogB_Task-2.mat,B,Task-2,66,R,3.70508003,23.164347,-1.68802202,-10.839377,-15.8409744,-17.648021,-47.2274014,-91.5244684,-101.021207,-72.4737628,-137.058459,-150.664513
VisualCogB_Task-2.mat,B,Task-2,67,R,9.37053307,5.78403421,5.8755665,4.47529767,-8.81102133,7.37982763,-15.7569026,-34.6851431,-0.240935938,20.8211651,17.7635036,82.8064733
VisualCogB_Task-2.mat,B,Task-2,68,R,2.2530554,-2.17972329,4.01595515,-8.07328479,11.6385027,-4.96046226,-73.4940355,2.6217964,-77.4404956,-66.9172511,76.4870706,-90.3022404
VisualCogB_Task-2.mat,B,Task-2,69,L,9.27977049,7.24373181,7.03019851,0.815429083,-0.595235121,4.63766175,11.8294489,12.0819143,13.6929101,43.2052753,41.5530243,62.1859541
VisualCogB_Task-2.mat,B,Task-2,70,L,3.63043542,3.16746423,6.74020903,-11.8080258,-3.8560122,-7.34739684,65.1022231,80.8291116,83.6394613,-12.636746,-21.9361301,-10.9212475
VisualCogB_Task-2.mat,B,Task-2,71,R,-0.286739359,-0.847889237,-1.93953646,-15.0638722,-12.7897941,-16.56858,-92.9496686,-74.8072907,-121.131534,-48.6215132,-5.89604821,-85.9885137
VisualCogB_Task-2.mat,B,Task-2,72,R,2.57960271,-2.61262282,5.57738238,-22.4068117,-45.5428689,-46.0813291,-94.0847361,-103.721236,-154.369178,-52.1283369,-19.2430366,-92.245629
VisualCogB_Task-2.mat,B,Task-2,73,R,2.15243575,2.47339155,-3.88582708,15.7891158,19.4587257,14.8775796,0.689190667,5.9062681,3.20392113,153.176774,141.490197,191.756451
VisualCogB_Task-2.mat,B,Task-2,74,L,8.32729092,5.97491017,9.27152129,4.31415424,2.8276867,4.56491047,-26.4437796,-49.1316709,-36.7233282,45.0547734,33.7416871,33.0228031
VisualCogB_Task-2.mat,B,Task-2,75,L,-2.02241574,-7.94260552,11.3310272,-6.25271878,-1.70770202,4.07194307,-59.9888018,-30.2720989,-80.0448701,-62.1311403,-45.6426144,-96.9950136
VisualCogB_Task-2.mat,B,Task-2,76,R,4.63245215,2.67681752,9.09674274,-7.35074447,-19.6206623,-14.403024,-46.3357262,-79.3968584,-97.5550175,-13.1910684,-49.4321934,-71.8028207
VisualCogB_Task-2.mat,B,Task-2,77,R,-4.69479289,-0.743466663,-3.20572755,-9.26033104,-4.78793389,0.357884183,-48.9752056,-38.9841949,-45.0807752,-49.6445208,-29.2807568,-70.3678779
VisualCogB_Task-2.mat,B,Task-2,78,L,1.96332373,-12.7844557,6.53234163,4.00921055,2.11051351,4.57367989,-4.37884783,6.86753063,-5.35162479,15.178229,69.1468344,-2.93702282
VisualCogB_Task-2.mat,B,Task-2,79,L,5.51956184,4.81148746,7.80684785,-15.3350326,-13.9800775,-12.644741,1.61394312,9.19925966,16.8254949,-136.895612,-151.173991,-146.211265
VisualCogB_Task-2.mat,B,Task-2,80,L,-3.88247821,-5.69304754,2.91932737,-5.14316683,2.60369207,-12.3834525,-81.9447318,-52.212357,-114.431005,-50.9317584,5.73544867,-99.8113292
VisualCogB_Task-2.mat,B,Task-2,81,R,-11.8900203,-11.6556931,-11.0159171,12.8164955,13.1967623,12.1818112,8.32571154,17.6715417,0.915426804,104.385414,120.134967,119.23036
VisualCogB_Task-2.mat,B,Task-2,83,R,-9.35568015,-12.559559,-7.39379057,8.78841848,16.5115256,12.4759112,-31.1494179,-13.6209657,-40.8009579,158.075813,156.228457,193.262445
VisualCogB_Task-2.mat,B,Task-2,84,L,-1.18672523,2.14417034,-7.31833919,7.29208226,8.56394796,11.0404411,-6.15051236,2.63080693,-6.99325741,128.92803,130.007263,168.880008
VisualCogB_Task-2.mat,B,Task-2,86,R,14.5760653,6.31580038,19.8426949,-15.4555677,-14.4153253,-18.8296623,-58.1183306,-50.1414103,-85.678652,-122.702394,-73.6431907,-181.646817
VisualCogB_Task-2.mat,B,Task-2,87,L,-5.62156718,-5.56643181,-3.16056744,16.649748,21.5938893,19.4409606,0.0904624009,19.9894122,-2.72188848,154.27954,123.843159,171.362111
VisualCogB_Task-2.mat,B,Task-2,88,R,8.65731929,6.37123976,12.7166627,-15.7930949,-1.50591794,-9.45136925,-53.3758328,-3.4721224,-46.5577166,-162.955924,-110.058398,-182.695107
VisualCogB_Task-2.mat,B,Task-2,89,L,7.16768744,2.57424698,16.583286,-27.9572776,-29.2493378,-37.3306828,-127.794983,-124.088771,-201.812802,-91.3148393,-88.6036132,-184.283094
VisualCogB_Task-2.mat,B,Task-2,90,R,3.59050938,-0.108014465,8.02221859,-11.2377704,-7.02623025,-9.06280386,-84.056844,-58.2888636,-92.8842229,-111.570604,-81.0214848,-123.172423
VisualCogB_Task-2.mat,B,Task-2,91,L,2.45916012,1.4723346,-3.96879953,-10.102913,-31.9641189,-26.3709264,-86.8426794,-87.5420317,-108.168835,71.8146352,45.5560186,67.0396777
VisualCogB_Task-2.mat,B,Task-2,92,L,-5.67746787,-5.65741,-11.7646951,-8.71982828,6.61779652,-6.34700429,10.2256002,86.4889782,42.6059938,-25.0175174,81.4442545,23.5761623
VisualCogB_Task-2.mat,B,Task-2,93,R,-3.68656678,0.825182671,-6.75982676,1.72850137,4.41385467,5.26829712,9.25302256,-1.00340258,11.0152681,139.899783,107.558324,166.026254
VisualCogB_Task-2.mat,B,Task-2,94,L,-2.19551378,-0.0865536338,-3.02476599,-7.89098133,-5.61626066,-1.39816006,-67.0056748,-46.6093228,-81.4936569,50.8950254,33.5773881,83.3125358
VisualCogB_Task-2.mat,B,Task-2,95,R,-1.2596498,-2.68232126,-3.55795402,3.2890862,-3.65937976,9.60071754,-17.9658793,-26.3819495,-25.3592695,179.180304,120.734393,239.040866
VisualCogB_Task-2.mat,B,Task-2,96,R,4.10268224,7.01924769,10.0051861,-7.737291,-6.91762512,-3.63491783,-22.651145,-105.685125,-42.5649732,-42.7375321,-150.402124,-75.2246922
VisualCogB_Task-2.mat,B,Task-2,97,L,7.75851581,4.77289397,7.81590871,10.0101488,8.28687582,18.4271817,16.9233499,8.28124872,26.164209,194.385565,146.2837,266.403342
VisualCogB_Task-2.mat,B,Task-2,98,L,13.1035166,4.73506534,12.2248027,25.7394371,18.0679605,19.8003888,-30.1181611,-30.2485243,-39.9617489,77.7659089,69.8807511,111.437036
VisualCogB_Task-2.mat,B,Task-2,99,R,7.43783045,5.77954945,15.1638458,0.710171143,5.00331145,0.776354801,-27.6822167,-15.229594,-42.1668575,18.5678953,23.5816076,39.108327
VisualCogB_Task-2.mat,B,Task-2,100,L,-5.47461041,-3.3886414,-4.04448569,-23.0850735,-19.0485653,-23.6602836,13.463005,29.596458,-3.83013497,49.8029696,85.4466856,21.9608242
