file_name,subject,task,direction,channel,n_trials,early_mean,early_positive_peak,early_peak_latency_s,early_area,late_mean,late_positive_peak,late_peak_latency_s,late_area,full_mean,full_positive_peak,full_peak_latency_s,full_area
VisualCogA_Task-1.mat,A,Task-1,L,Fz,43,-0.22042866,3.8723668,0.33203125,-0.046392882,0.61424661,6.177177,0.7890625,0.21994926,-0.12770523,6.177177,0.7890625,-0.090044017
VisualCogA_Task-1.mat,A,Task-1,L,F3,43,-0.41364853,2.5996649,0.3125,-0.099823895,1.932901,9.5852057,0.77734375,0.67689269,0.59181002,9.5852057,0.77734375,0.40779998
VisualCogA_Task-1.mat,A,Task-1,L,F4,43,-0.75535157,3.5237775,0.33984375,-0.17877875,4.1412774,16.486979,0.78125,1.4559602,1.2960578,16.486979,0.78125,0.89588268
VisualCogA_Task-1.mat,A,Task-1,R,Fz,42,1.1649512,6.0352202,0.3515625,0.30653705,5.0983113,19.80783,0.8203125,1.7825982,2.6540405,19.80783,0.8203125,1.8459562
VisualCogA_Task-1.mat,A,Task-1,R,F3,42,-3.6677957,-0.63085939,0.3515625,-0.90564579,1.9199962,16.764097,0.8125,0.67110347,-1.1844903,16.764097,0.8125,-0.82845501
VisualCogA_Task-1.mat,A,Task-1,R,F4,42,-1.9462584,1.7799436,0.34375,-0.4739461,4.702524,21.333104,0.80859375,1.6482767,1.0469114,21.333104,0.80859375,0.72063877
VisualCogA_Task-2.mat,A,Task-2,L,Fz,52,-15.443008,-11.071016,0.5,-3.8624359,47.823978,59.571028,0.70703125,16.711178,17.06261,59.571028,0.70703125,11.881086
VisualCogA_Task-2.mat,A,Task-2,L,F3,52,-14.328605,-6.0996465,0.5,-3.5888244,39.481378,52.217847,0.6796875,13.801788,13.585889,52.217847,0.6796875,9.4844598
VisualCogA_Task-2.mat,A,Task-2,L,F4,52,-17.756448,-13.751958,0.5,-4.4439197,59.409443,71.84802,0.72265625,20.757707,21.971312,71.84802,0.72265625,15.290087
VisualCogA_Task-2.mat,A,Task-2,R,Fz,40,-12.56037,-7.2549465,0.328125,-3.1370003,53.735092,65.378553,0.80859375,18.792697,21.005843,65.378553,0.80859375,14.62416
VisualCogA_Task-2.mat,A,Task-2,R,F3,40,-7.8855359,-3.6767789,0.5,-1.97316,51.904287,60.448756,0.68359375,18.132727,22.816998,60.448756,0.68359375,15.902044
VisualCogA_Task-2.mat,A,Task-2,R,F4,40,-16.216013,-10.666004,0.328125,-4.0509322,69.824744,88.251883,0.8125,24.408424,27.506139,88.251883,0.8125,19.138413
VisualCogB_Task-1.mat,B,Task-1,L,Fz,43,2.3402695,7.8128562,0.34375,0.59226137,16.045822,30.720799,0.69140625,5.6220391,9.2030255,30.720799,0.69140625,6.4375011
VisualCogB_Task-1.mat,B,Task-1,L,F3,43,-6.4883347,-1.4132538,0.36328125,-1.6097609,3.1956324,13.176772,0.6875,1.1381647,-1.9898019,13.176772,0.6875,-1.3708181
VisualCogB_Task-1.mat,B,Task-1,L,F4,43,-5.9493138,-1.289426,0.33203125,-1.4847962,4.4887648,17.302203,0.68359375,1.5960708,-0.57399003,17.302203,0.68359375,-0.37443405
VisualCogB_Task-1.mat,B,Task-1,R,Fz,47,-3.5549784,1.5965051,0.33203125,-0.87888197,11.761747,24.728445,0.68359375,4.1441738,3.9270243,24.728445,0.68359375,2.7518321
VisualCogB_Task-1.mat,B,Task-1,R,F3,47,-4.978146,-1.6836302,0.33984375,-1.2378716,3.7410963,13.549179,0.65625,1.3422785,-0.90895239,13.549179,0.65625,-0.61502905
VisualCogB_Task-1.mat,B,Task-1,R,F4,47,-7.0836685,-1.0572903,0.3359375,-1.7598423,7.3450828,21.764417,0.6640625,2.6108542,-0.18737452,21.764417,0.6640625,-0.11679351
VisualCogB_Task-2.mat,B,Task-2,L,Fz,42,-17.523123,-12.558123,0.28125,-4.3964217,45.373649,58.791071,0.6640625,15.848395,15.336549,58.791071,0.6640625,10.674753
VisualCogB_Task-2.mat,B,Task-2,L,F3,42,-16.409861,-9.1610505,0.5,-4.1218101,28.612489,42.998402,0.65234375,9.9993023,7.4710381,42.998402,0.65234375,5.214022
VisualCogB_Task-2.mat,B,Task-2,L,F4,42,-29.176692,-21.956298,0.5,-7.3189493,48.076146,64.239213,0.671875,16.80227,11.520796,64.239213,0.671875,8.0176394
VisualCogB_Task-2.mat,B,Task-2,R,Fz,47,-16.969379,-13.228376,0.34375,-4.2467748,51.266074,73.158554,0.734375,17.935583,18.153117,73.158554,0.734375,12.653951
VisualCogB_Task-2.mat,B,Task-2,R,F3,47,-8.4794175,0.48922631,0.5,-2.1291062,51.527064,68.361388,0.71875,18.007572,22.613172,68.361388,0.71875,15.77137
VisualCogB_Task-2.mat,B,Task-2,R,F4,47,-16.933852,-11.032441,0.5,-4.2412861,73.759305,97.667767,0.734375,25.775059,29.758266,97.667767,0.734375,20.725832
