task,window,channel,hedges_g_A,hedges_g_B,same_direction,mean_hedges_g
Task-1,early_250_500ms,Fz,0.1155039,0.010251275,True,0.062877586
Task-1,early_250_500ms,F3,-0.068447567,0.17280065,False,0.052176541
Task-1,early_250_500ms,F4,-0.090500189,-0.14286165,True,-0.11668092
Task-1,late_550_900ms,Fz,0.27844076,-0.046521272,False,0.11595974
Task-1,late_550_900ms,F3,0.0079848485,0.19285165,True,0.10041825
Task-1,late_550_900ms,F4,-0.07332123,-0.012811095,True,-0.043066163
Task-2,early_250_500ms,Fz,0.19316004,0.062848479,True,0.12800426
Task-2,early_250_500ms,F3,0.18387933,0.14614232,True,0.16501082
Task-2,early_250_500ms,F4,0.077801964,0.19468362,True,0.13624279
Task-2,late_550_900ms,Fz,0.091403263,0.11665553,True,0.10402939
Task-2,late_550_900ms,F3,0.12076772,0.32458375,True,0.22267573
Task-2,late_550_900ms,F4,0.089016861,0.35204942,True,0.22053314
