file_name,subject,task,channel,sample_rate_hz,samples,mean,std,minimum,q001,median,q999,maximum,rail_samples,rail_percent,power_0_1_0_5,power_1_30,power_59_61,low_to_1_30_ratio,line60_to_1_30_ratio,dominant_45_70_hz
VisualCogA_Task-1.mat,A,Task-1,Fz,256,223845,16.510869,53.159051,-295.79614,-263.20287,18.448157,196.9482,300.83162,0,0,1099.378,170.5573,8.8891581,6.4457982,0.052118308,60
VisualCogA_Task-1.mat,A,Task-1,F3,256,223845,2.97067,267.96931,-547.32586,-466.17447,-43.289845,1000,1000,4573,2.0429315,36275.637,248.798,9.4223435,145.80357,0.037871459,60
VisualCogA_Task-1.mat,A,Task-1,F4,256,223845,3.413155,301.42754,-581.62814,-541.80209,-49.088273,1000,1000,6711,2.9980567,47708.963,348.91118,8.8954473,136.7367,0.025494876,60
VisualCogA_Task-2.mat,A,Task-2,Fz,256,230157,9.443535,190.1667,-881.4374,-782.0726,48.630503,350.50547,417.99039,0,0,18558.023,380.44944,4.5904462,48.779209,0.012065851,60
VisualCogA_Task-2.mat,A,Task-2,F3,256,230157,18.575059,290.64903,-1000,-1000,91.233692,1000,1000,3277,1.4238107,36990.308,12959.705,33.102964,2.8542554,0.0025542992,60
VisualCogA_Task-2.mat,A,Task-2,F4,256,230157,9.7254155,275.73303,-1000,-1000,95.841917,1000,1000,1373,0.59654931,34867.53,5490.0378,38.828737,6.3510547,0.007072581,60
VisualCogB_Task-1.mat,B,Task-1,Fz,256,223005,33.045946,287.84573,-1000,-1000,57.145037,1000,1000,3745,1.6793345,36991.254,6653.971,43.35924,5.5592749,0.0065162953,60
VisualCogB_Task-1.mat,B,Task-1,F3,256,223005,-1.2747193,258.82365,-595.14763,-466.87968,-70.084688,1000,1000,2246,1.0071523,42436.712,302.04018,8.9611418,140.50022,0.029668708,60
VisualCogB_Task-1.mat,B,Task-1,F4,256,223005,1.3366161,267.27136,-548.11933,-464.86537,-76.12726,1000,1000,2921,1.3098361,42098.768,320.19121,8.3127351,131.48009,0.025961784,60
VisualCogB_Task-2.mat,B,Task-2,Fz,256,228330,4.967616,238.28063,-1000,-933.88907,64.316777,1000,1000,350,0.15328691,37262.236,1422.5219,13.142141,26.19449,0.009238621,60
VisualCogB_Task-2.mat,B,Task-2,F3,256,228330,31.786163,307.41866,-1000,-1000,84.061952,1000,1000,3293,1.4422108,57272.527,9227.3874,16.311239,6.2067977,0.0017676986,60
VisualCogB_Task-2.mat,B,Task-2,F4,256,228330,55.674681,325.30064,-1000,-1000,109.02571,1000,1000,5836,2.5559497,52498.984,15966.615,27.917291,3.2880472,0.001748479,60
