scope,feature_group,n_external_predictions,balanced_accuracy_ci_low,balanced_accuracy_ci_high,permutation_p,accuracy,balanced_accuracy,sensitivity_R,specificity_L,f1_R,mcc,roc_auc,tn,fp,fn,tp
Task-1,time_only,175,0.44623639,0.59588293,0.31984008,0.52,0.52005487,0.51685393,0.52325581,0.52272727,0.040104507,0.52534622,45,41,43,46
Task-1,time_plus_spectral,175,0.44619943,0.59485851,0.30884558,0.52,0.52025085,0.50561798,0.53488372,0.51724138,0.040512286,0.50496472,46,40,44,45
Task-1,full_multichannel,175,0.43666053,0.57968957,0.46926537,0.50857143,0.50685916,0.60674157,0.40697674,0.55670103,0.013999141,0.49986935,35,51,35,54
Task-2,time_only,181,0.40899632,0.55177459,0.68415792,0.47513812,0.48012962,0.6091954,0.35106383,0.52736318,-0.041121598,0.47566642,33,61,34,53
Task-2,time_plus_spectral,181,0.45370134,0.59872826,0.22438781,0.52486188,0.52415016,0.50574713,0.54255319,0.50574713,0.048300318,0.49889949,51,43,43,44
Task-2,full_multichannel,181,0.44322834,0.58351744,0.47226387,0.51381215,0.51137197,0.44827586,0.57446809,0.46987952,0.022912673,0.49303008,54,40,48,39
Pooled,time_only,356,0.44404033,0.54885472,0.48625687,0.49719101,0.49760101,0.53409091,0.46111111,0.51226158,-0.0048105236,0.52162247,83,97,82,94
Pooled,time_plus_spectral,356,0.44653153,0.54822028,0.46826587,0.49719101,0.49747475,0.52272727,0.47222222,0.50688705,-0.005056654,0.49084596,85,95,84,92
Pooled,full_multichannel,356,0.46287207,0.56663673,0.30584708,0.51404494,0.51477273,0.57954545,0.45,0.54111406,0.029793353,0.50176768,81,99,74,102
