scope,feature_group,train_subject,test_subject,n_train,n_test,n_input_features,n_selected_features,best_C,inner_cv_balanced_accuracy,test_permutation_p,accuracy,balanced_accuracy,sensitivity_R,specificity_L,f1_R,mcc,roc_auc,tn,fp,fn,tp
Task-1,time_only,A,B,85,90,80,10,0.01,0.42638889,0.64417791,0.48888889,0.49084612,0.44680851,0.53488372,0.47727273,-0.018362364,0.51360713,23,20,26,21
Task-1,time_only,B,A,90,85,80,10,0.1,0.49611111,0.22838581,0.55294118,0.553433,0.5952381,0.51162791,0.56818182,0.10722282,0.52547065,22,21,17,25
Task-1,time_plus_spectral,A,B,85,90,112,30,10,0.45277778,0.27936032,0.53333333,0.53933696,0.40425532,0.6744186,0.475,0.081549175,0.51806037,29,14,28,19
Task-1,time_plus_spectral,B,A,90,85,112,20,0.1,0.54694444,0.56271864,0.50588235,0.50719823,0.61904762,0.39534884,0.55319149,0.014769161,0.47563677,17,26,16,26
Task-1,full_multichannel,A,B,85,90,139,10,0.01,0.42638889,0.42728636,0.52222222,0.51880257,0.59574468,0.44186047,0.56565657,0.038030932,0.52498763,19,24,19,28
Task-1,full_multichannel,B,A,90,85,139,20,10,0.49888889,0.61669165,0.49411765,0.49557032,0.61904762,0.37209302,0.54736842,-0.0091421467,0.47840532,16,27,16,26
Task-2,time_only,A,B,92,89,80,10,0.01,0.51977273,0.95402299,0.42696629,0.42451874,0.46808511,0.38095238,0.46315789,-0.15119246,0.42907801,16,26,25,22
Task-2,time_only,B,A,89,92,80,10,0.1,0.54138889,0.1944028,0.52173913,0.55096154,0.775,0.32692308,0.58490566,0.11221361,0.53125,17,35,9,31
Task-2,time_plus_spectral,A,B,92,89,112,10,10,0.52977273,0.5902049,0.49438202,0.50101317,0.38297872,0.61904762,0.44444444,0.0020819276,0.49797366,26,16,29,18
Task-2,time_plus_spectral,B,A,89,92,112,30,0.01,0.54305556,0.15242379,0.55434783,0.56538462,0.65,0.48076923,0.55913978,0.13117981,0.53413462,25,27,14,26
Task-2,full_multichannel,A,B,92,89,139,20,0.1,0.59318182,0.68815592,0.48314607,0.48530902,0.44680851,0.52380952,0.47727273,-0.029426721,0.48986829,22,20,26,21
Task-2,full_multichannel,B,A,89,92,139,10,1,0.6025,0.33683158,0.54347826,0.53269231,0.45,0.61538462,0.46153846,0.065829198,0.49086538,32,20,22,18
Pooled,time_only,A,B,177,179,80,20,1,0.45818498,0.62568716,0.49162011,0.49286608,0.46808511,0.51764706,0.49162011,-0.014267835,0.54005006,44,41,50,44
Pooled,time_only,B,A,179,177,80,20,0.01,0.5375645,0.36181909,0.50282486,0.51014121,0.6097561,0.41052632,0.53191489,0.020635084,0.52657253,39,56,32,50
Pooled,time_plus_spectral,A,B,177,179,112,30,1,0.43947368,0.69315342,0.48044693,0.48673342,0.36170213,0.61176471,0.42236025,-0.027378904,0.5106383,52,33,60,34
Pooled,time_plus_spectral,B,A,179,177,112,30,0.01,0.48837289,0.31484258,0.51412429,0.52734275,0.70731707,0.34736842,0.57425743,0.058359669,0.49306804,33,62,24,58
Pooled,full_multichannel,A,B,177,179,139,10,0.1,0.50826238,0.32433783,0.52513966,0.52478098,0.53191489,0.51764706,0.54054054,0.04950622,0.50563204,44,41,44,50
Pooled,full_multichannel,B,A,179,177,139,20,0.01,0.52671139,0.49075462,0.50282486,0.51181001,0.63414634,0.38947368,0.54166667,0.024283727,0.50949936,37,58,30,52
