task,feature,g_subject_A,g_subject_B,sign_consistent,mean_abs_g,conservative_abs_g
Task-1,time__Fz__late_550_900ms__negative_peak_latency_s,-0.29963308,-0.31434381,True,0.30698844,0.29963308
Task-1,spectral__F4__alpha_8_13Hz__change_db,-0.30042082,-0.26773501,True,0.28407791,0.26773501
Task-1,laterality_spectral__F4_minus_F3__beta_13_30Hz__change_db,-0.26458318,-0.39531223,True,0.32994771,0.26458318
Task-1,coupling__F3_F4__full_0_900ms__zero_lag_correlation,0.32538227,0.2629559,True,0.29416909,0.2629559
Task-1,laterality_time__F4_minus_F3__late_550_900ms__peak_to_peak,-0.26219228,-0.27143575,True,0.26681401,0.26219228
Task-1,coupling__F3_F4__full_0_900ms__max_abs_cross_correlation,0.32962932,0.26113039,True,0.29537985,0.26113039
Task-1,spectral__Fz__alpha_8_13Hz__change_db,-0.24719125,-0.30952563,True,0.27835844,0.24719125
Task-1,spectral__F3__alpha_8_13Hz__change_db,-0.23600598,-0.33342432,True,0.28471515,0.23600598
Task-1,time__Fz__early_250_500ms__negative_peak_latency_s,0.21986365,0.33112177,True,0.27549271,0.21986365
Task-1,time__F4__late_550_900ms__slope_per_s,0.30405856,0.21952517,True,0.26179187,0.21952517
Task-1,coupling__Fz_F3__late_550_900ms__zero_lag_correlation,0.33538912,0.2155723,True,0.27548071,0.2155723
Task-1,laterality_time__F4_minus_F3__late_550_900ms__positive_peak,-0.21024003,-0.31029022,True,0.26026513,0.21024003
Task-1,time__Fz__late_550_900ms__positive_peak_latency_s,0.20250024,0.2371983,True,0.21984927,0.20250024
Task-1,laterality_time__F4_minus_F3__early_250_500ms__slope_per_s,-0.18418765,-0.22788642,True,0.20603703,0.18418765
Task-1,time__Fz__early_250_500ms__line_length_per_s,0.16465104,0.23343238,True,0.19904171,0.16465104
Task-1,spectral__Fz__delta_1_4Hz__change_db,0.1681786,0.16307898,True,0.16562879,0.16307898
Task-1,laterality_time__F4_minus_F3__late_550_900ms__line_length_per_s,-0.15904951,-0.32907232,True,0.24406091,0.15904951
Task-1,laterality_time__F4_minus_F3__late_550_900ms__area,-0.15861125,-0.22186654,True,0.19023889,0.15861125
Task-1,laterality_time__F4_minus_F3__late_550_900ms__mean,-0.15820281,-0.22266751,True,0.19043516,0.15820281
Task-1,coupling__Fz_F3__full_0_900ms__lag_at_max_ms,0.15667152,0.16210622,True,0.15938887,0.15667152
Task-1,laterality_time__F4_minus_F3__late_550_900ms__std,-0.23544081,-0.15430993,True,0.19487537,0.15430993
Task-1,time__F4__late_550_900ms__positive_peak_latency_s,0.19052784,0.14951389,True,0.17002087,0.14951389
Task-1,time__F4__early_250_500ms__line_length_per_s,0.1851867,0.14437002,True,0.16477836,0.14437002
Task-1,laterality_time__F4_minus_F3__early_250_500ms__negative_peak,-0.14207598,-0.33981068,True,0.24094333,0.14207598
Task-1,time__Fz__early_250_500ms__peak_to_peak,0.13454949,0.13417049,True,0.13435999,0.13417049
Task-1,laterality_time__F4_minus_F3__late_550_900ms__slope_per_s,0.11597074,0.40859504,True,0.26228289,0.11597074
Task-1,time__F3__early_250_500ms__line_length_per_s,0.14514375,0.11317065,True,0.1291572,0.11317065
Task-1,coupling__Fz_F3__full_0_900ms__zero_lag_correlation,0.11035339,0.17158196,True,0.14096768,0.11035339
Task-1,laterality_time__F4_minus_F3__early_250_500ms__negative_peak_latency_s,0.12371968,0.10909705,True,0.11640836,0.10909705
Task-1,coupling__Fz_F3__late_550_900ms__max_abs_cross_correlation,0.10801111,0.25813888,True,0.183075,0.10801111
Task-1,laterality_spectral__F4_minus_F3__theta_4_8Hz__change_db,0.21812694,0.099508743,True,0.15881784,0.099508743
Task-1,time__F4__late_550_900ms__std,0.24527499,0.097090862,True,0.17118293,0.097090862
Task-1,time__F4__early_250_500ms__negative_peak,-0.15136638,-0.094122132,True,0.12274425,0.094122132
Task-1,spectral__F3__theta_4_8Hz__response_relative,0.09267305,0.12140109,True,0.10703707,0.09267305
Task-1,time__F4__early_250_500ms__mean,-0.090500189,-0.14286165,True,0.11668092,0.090500189
Task-1,time__F4__early_250_500ms__area,-0.08984504,-0.14308247,True,0.11646376,0.08984504
Task-1,time__Fz__late_550_900ms__slope_per_s,0.38779821,0.085527422,True,0.23666282,0.085527422
Task-1,coupling__Fz_F4__late_550_900ms__max_abs_cross_correlation,0.35068158,0.08379878,True,0.21724018,0.08379878
Task-1,time__Fz__early_250_500ms__std,0.21136838,0.081222844,True,0.14629561,0.081222844
Task-1,spectral__F3__theta_4_8Hz__change_db,-0.18175419,-0.08085596,True,0.13130508,0.08085596
Task-1,laterality_time__F4_minus_F3__early_250_500ms__area,-0.072498226,-0.34853868,True,0.21051845,0.072498226
Task-1,laterality_time__F4_minus_F3__early_250_500ms__mean,-0.072058958,-0.34915594,True,0.21060745,0.072058958
Task-1,time__F4__late_550_900ms__peak_to_peak,0.19708395,0.071483794,True,0.13428387,0.071483794
Task-1,time__F4__early_250_500ms__positive_peak,-0.061245587,-0.17828811,True,0.11976685,0.061245587
Task-1,laterality_time__F4_minus_F3__late_550_900ms__negative_peak,-0.060977082,-0.17123765,True,0.11610737,0.060977082
Task-1,time__F3__late_550_900ms__positive_peak,0.15468023,0.059067933,True,0.10687408,0.059067933
Task-1,time__F4__late_550_900ms__negative_peak,-0.11032867,-0.0588817,True,0.084605185,0.0588817
Task-1,time__F3__early_250_500ms__positive_peak_latency_s,0.058419952,0.07872488,True,0.068572416,0.058419952
Task-1,coupling__F3_F4__late_550_900ms__zero_lag_correlation,0.44934766,0.056047117,True,0.25269739,0.056047117
Task-1,coupling__Fz_F4__full_0_900ms__zero_lag_correlation,0.055203745,0.33266371,True,0.19393373,0.055203745
Task-1,laterality_time__F4_minus_F3__early_250_500ms__positive_peak_latency_s,-0.05471912,-0.1967315,True,0.12572531,0.05471912
Task-1,coupling__F3_F4__late_550_900ms__max_abs_cross_correlation,0.23023389,0.049211239,True,0.13972256,0.049211239
Task-1,laterality_time__F4_minus_F3__early_250_500ms__positive_peak,-0.047029213,-0.36305712,True,0.20504317,0.047029213
Task-1,time__F4__early_250_500ms__slope_per_s,-0.044696437,-0.1994266,True,0.12206152,0.044696437
Task-1,laterality_time__F4_minus_F3__late_550_900ms__positive_peak_latency_s,-0.063019656,-0.043490625,True,0.05325514,0.043490625
Task-1,spectral__Fz__theta_4_8Hz__response_relative,0.08637337,0.035803726,True,0.061088548,0.035803726
Task-1,spectral__Fz__delta_1_4Hz__response_relative,-0.035011712,-0.12624583,True,0.080628769,0.035011712
Task-1,coupling__Fz_F3__early_250_500ms__zero_lag_correlation,0.032810315,0.14280686,True,0.087808588,0.032810315
Task-1,coupling__Fz_F3__early_250_500ms__lag_at_max_ms,-0.030447352,-0.061166958,True,0.045807155,0.030447352
Task-1,coupling__Fz_F4__full_0_900ms__lag_at_max_ms,-0.28303356,-0.03011341,True,0.15657348,0.03011341
Task-1,time__F4__early_250_500ms__positive_peak_latency_s,-0.029520839,-0.12445517,True,0.076988005,0.029520839
Task-1,spectral__F3__delta_1_4Hz__change_db,-0.048578832,-0.028651803,True,0.038615317,0.028651803
Task-1,coupling__Fz_F4__late_550_900ms__zero_lag_correlation,0.30164453,0.021031204,True,0.16133787,0.021031204
Task-1,coupling__Fz_F3__full_0_900ms__max_abs_cross_correlation,0.020669781,0.036326181,True,0.028497981,0.020669781
Task-1,time__F3__late_550_900ms__positive_peak_latency_s,0.25551703,0.020167219,True,0.13784212,0.020167219
Task-1,coupling__Fz_F3__late_550_900ms__lag_at_max_ms,0.091120548,0.016637461,True,0.053879004,0.016637461
Task-1,time__Fz__early_250_500ms__positive_peak,0.10292873,0.015958172,True,0.059443454,0.015958172
Task-1,laterality_time__F4_minus_F3__late_550_900ms__negative_peak_latency_s,-0.015874664,-0.27852342,True,0.14719904,0.015874664
Task-1,spectral__F4__beta_13_30Hz__change_db,-0.35836509,-0.014605862,True,0.18648548,0.014605862
Task-1,time__F4__late_550_900ms__mean,-0.07332123,-0.012811095,True,0.043066163,0.012811095
Task-1,time__F4__late_550_900ms__area,-0.073408017,-0.011440284,True,0.042424151,0.011440284
Task-1,time__F3__early_250_500ms__negative_peak_latency_s,-0.094866394,-0.011149889,True,0.053008141,0.011149889
Task-1,time__Fz__early_250_500ms__mean,0.1155039,0.010251275,True,0.062877586,0.010251275
Task-1,time__Fz__early_250_500ms__area,0.11852764,0.0099215579,True,0.064224597,0.0099215579
Task-1,spectral__F4__delta_1_4Hz__response_relative,-0.183953,-0.0089965209,True,0.096474759,0.0089965209
Task-1,time__F3__late_550_900ms__area,0.0081189173,0.19346696,True,0.10079294,0.0081189173
Task-1,time__F3__late_550_900ms__mean,0.0079848485,0.19285165,True,0.10041825,0.0079848485
Task-1,time__Fz__late_550_900ms__negative_peak,0.0078072961,0.019168204,True,0.01348775,0.0078072961
Task-1,time__Fz__early_250_500ms__positive_peak_latency_s,-0.0016610569,-0.38926788,True,0.19546447,0.0016610569
Task-1,time__F4__late_550_900ms__positive_peak,0.058712265,0.00011097315,True,0.029411619,0.00011097315
Task-1,laterality_spectral__F4_minus_F3__delta_1_4Hz__response_relative,-0.33984548,0.43080887,False,0.38532717,0
Task-1,laterality_spectral__F4_minus_F3__alpha_8_13Hz__response_relative,0.36756698,-0.38848141,False,0.3780242,0
Task-1,coupling__F3_F4__early_250_500ms__lag_at_max_ms,0.34772973,-0.20754225,False,0.27763599,0
Task-1,time__F3__late_550_900ms__std,0.2978763,-0.24258583,False,0.27023106,0
Task-1,time__F3__late_550_900ms__peak_to_peak,0.28712304,-0.25106981,False,0.26909643,0
Task-1,spectral__F3__beta_13_30Hz__change_db,-0.11472373,0.40686942,False,0.26079657,0
Task-1,time__F4__early_250_500ms__negative_peak_latency_s,-0.088558801,0.40828111,False,0.24841996,0
Task-1,time__Fz__early_250_500ms__slope_per_s,0.17098126,-0.31420971,False,0.24259548,0
Task-1,time__Fz__late_550_900ms__std,0.30169863,-0.17400311,False,0.23785087,0
Task-1,spectral__Fz__beta_13_30Hz__response_relative,-0.15853151,0.2951968,False,0.22686415,0
Task-1,spectral__F3__beta_13_30Hz__response_relative,-0.12405951,0.31783308,False,0.2209463,0
Task-1,time__Fz__late_550_900ms__peak_to_peak,0.29364759,-0.1453738,False,0.2195107,0
Task-1,time__F4__late_550_900ms__negative_peak_latency_s,0.12173081,-0.31500521,False,0.21836801,0
Task-1,coupling__Fz_F4__late_550_900ms__lag_at_max_ms,0.20247114,-0.22905117,False,0.21576116,0
Task-1,time__F3__late_550_900ms__line_length_per_s,0.11374657,-0.30878478,False,0.21126567,0
Task-1,time__F4__early_250_500ms__std,0.28922315,-0.11216131,False,0.20069223,0
Task-1,time__Fz__late_550_900ms__positive_peak,0.29409483,-0.10051002,False,0.19730243,0
Task-1,time__F4__early_250_500ms__peak_to_peak,0.25001966,-0.1313645,False,0.19069208,0
Task-1,spectral__F4__alpha_8_13Hz__response_relative,0.26075319,-0.1184375,False,0.18959534,0
Task-1,spectral__F3__delta_1_4Hz__response_relative,0.041492678,-0.33475194,False,0.18812231,0
Task-1,time__Fz__late_550_900ms__line_length_per_s,0.10538335,-0.26004746,False,0.1827154,0
Task-1,time__F3__late_550_900ms__negative_peak_latency_s,0.1769583,-0.17778442,False,0.17737136,0
Task-1,time__F3__early_250_500ms__peak_to_peak,0.15249515,-0.20020106,False,0.1763481,0
Task-1,time__F3__early_250_500ms__std,0.19998555,-0.14898137,False,0.17448346,0
Task-1,coupling__Fz_F4__full_0_900ms__max_abs_cross_correlation,-0.029127346,0.29982014,False,0.16447374,0
Task-1,time__F3__late_550_900ms__negative_peak,-0.069366976,0.25862397,False,0.16399547,0
Task-1,time__Fz__late_550_900ms__mean,0.27844076,-0.046521272,False,0.16248102,0
Task-1,time__Fz__late_550_900ms__area,0.27654946,-0.045269042,False,0.16090925,0
Task-1,spectral__F3__alpha_8_13Hz__response_relative,-0.072322261,0.24439808,False,0.15836017,0
Task-1,coupling__F3_F4__full_0_900ms__lag_at_max_ms,-0.31253344,0.0032411973,False,0.15788732,0
Task-1,spectral__Fz__beta_13_30Hz__change_db,-0.23293114,0.080260079,False,0.15659561,0
Task-1,coupling__Fz_F4__early_250_500ms__max_abs_cross_correlation,-0.10971664,0.2011191,False,0.15541787,0
Task-1,time__F3__early_250_500ms__negative_peak,-0.10983965,0.19865573,False,0.15424769,0
Task-1,coupling__F3_F4__late_550_900ms__lag_at_max_ms,0.13702281,-0.17006432,False,0.15354357,0
Task-1,time__F3__late_550_900ms__slope_per_s,0.29192097,-0.0094541788,False,0.15068757,0
Task-1,laterality_spectral__F4_minus_F3__theta_4_8Hz__response_relative,0.071875736,-0.21901945,False,0.14544759,0
Task-1,laterality_spectral__F4_minus_F3__beta_13_30Hz__response_relative,0.12242993,-0.15782687,False,0.1401284,0
Task-1,coupling__Fz_F4__early_250_500ms__zero_lag_correlation,-0.029271026,0.24817784,False,0.13872444,0
Task-1,laterality_time__F4_minus_F3__early_250_500ms__std,0.19675598,-0.070806024,False,0.133781,0
Task-1,time__F4__late_550_900ms__line_length_per_s,0.10030528,-0.16588399,False,0.13309463,0
Task-1,coupling__F3_F4__early_250_500ms__zero_lag_correlation,0.14350149,-0.12095651,False,0.132229,0
Task-1,laterality_time__F4_minus_F3__early_250_500ms__peak_to_peak,0.14911382,-0.10756638,False,0.1283401,0
Task-1,time__F3__early_250_500ms__mean,-0.068447567,0.17280065,False,0.12062411,0
Task-1,time__F3__early_250_500ms__area,-0.067454035,0.17215044,False,0.11980224,0
Task-1,coupling__Fz_F4__early_250_500ms__lag_at_max_ms,0.032277534,-0.19966098,False,0.11596926,0
Task-1,coupling__F3_F4__early_250_500ms__max_abs_cross_correlation,0.062316807,-0.16699517,False,0.11465599,0
Task-1,laterality_time__F4_minus_F3__early_250_500ms__line_length_per_s,0.12674444,-0.097638722,False,0.11219158,0
Task-1,spectral__F4__beta_13_30Hz__response_relative,-0.025998085,0.18113697,False,0.10356753,0
Task-1,laterality_spectral__F4_minus_F3__delta_1_4Hz__change_db,0.096441504,-0.10646557,False,0.10145354,0
Task-1,spectral__F4__theta_4_8Hz__response_relative,0.15718198,-0.043325628,False,0.1002538,0
Task-1,time__F3__early_250_500ms__positive_peak,-0.045323619,0.13582034,False,0.090571979,0
Task-1,spectral__Fz__theta_4_8Hz__change_db,0.034301551,-0.14180224,False,0.088051893,0
Task-1,spectral__F4__delta_1_4Hz__change_db,0.047080688,-0.11985048,False,0.083465586,0
Task-1,spectral__Fz__alpha_8_13Hz__response_relative,0.10431221,-0.058537785,False,0.081424998,0
Task-1,coupling__Fz_F3__early_250_500ms__max_abs_cross_correlation,-0.042385151,0.090092329,False,0.06623874,0
Task-1,time__F3__early_250_500ms__slope_per_s,0.076751797,-0.023133724,False,0.04994276,0
Task-1,laterality_spectral__F4_minus_F3__alpha_8_13Hz__change_db,-0.0011700536,0.096674079,False,0.048922066,0
Task-1,time__Fz__early_250_500ms__negative_peak,0.003439246,-0.052481081,False,0.027960164,0
Task-1,spectral__F4__theta_4_8Hz__change_db,0.033184248,-0.01461399,False,0.023899119,0
Task-2,laterality_spectral__F4_minus_F3__theta_4_8Hz__change_db,-0.24574233,-0.39604812,True,0.32089522,0.24574233
Task-2,coupling__Fz_F3__early_250_500ms__zero_lag_correlation,-0.23839572,-0.6329262,True,0.43566096,0.23839572
Task-2,time__F3__early_250_500ms__negative_peak,0.21532096,0.20463642,True,0.20997869,0.20463642
Task-2,coupling__F3_F4__late_550_900ms__zero_lag_correlation,0.19848129,0.41670296,True,0.30759212,0.19848129
Task-2,time__Fz__early_250_500ms__negative_peak,0.20522557,0.19524077,True,0.20023317,0.19524077
Task-2,coupling__F3_F4__full_0_900ms__zero_lag_correlation,0.45663363,0.19424479,True,0.32543921,0.19424479
Task-2,coupling__F3_F4__full_0_900ms__lag_at_max_ms,0.18847627,0.32891096,True,0.25869361,0.18847627
Task-2,spectral__Fz__alpha_8_13Hz__change_db,0.39875068,0.18528337,True,0.29201703,0.18528337
Task-2,coupling__Fz_F4__late_550_900ms__lag_at_max_ms,-0.1826796,-0.23754285,True,0.21011123,0.1826796
Task-2,coupling__Fz_F3__late_550_900ms__max_abs_cross_correlation,0.17508449,0.29550423,True,0.23529436,0.17508449
Task-2,time__F4__late_550_900ms__peak_to_peak,0.16691528,0.29378435,True,0.23034981,0.16691528
Task-2,coupling__Fz_F3__early_250_500ms__max_abs_cross_correlation,-0.16542871,-0.44612733,True,0.30577802,0.16542871
Task-2,laterality_time__F4_minus_F3__late_550_900ms__line_length_per_s,-0.158038,-0.24988619,True,0.2039621,0.158038
Task-2,coupling__Fz_F3__late_550_900ms__zero_lag_correlation,0.15500346,0.16296735,True,0.15898541,0.15500346
Task-2,time__Fz__late_550_900ms__peak_to_peak,0.15189667,0.20963867,True,0.18076767,0.15189667
Task-2,spectral__F3__delta_1_4Hz__response_relative,0.14872999,0.24488853,True,0.19680926,0.14872999
Task-2,time__F3__early_250_500ms__area,0.18367885,0.14689646,True,0.16528765,0.14689646
Task-2,time__F3__early_250_500ms__mean,0.18387933,0.14614232,True,0.16501082,0.14614232
Task-2,spectral__Fz__alpha_8_13Hz__response_relative,0.14482542,0.39080336,True,0.26781439,0.14482542
Task-2,coupling__Fz_F4__late_550_900ms__zero_lag_correlation,0.14186816,0.34438075,True,0.24312445,0.14186816
Task-2,coupling__Fz_F3__full_0_900ms__lag_at_max_ms,-0.13709211,-0.18350616,True,0.16029914,0.13709211
Task-2,time__F3__early_250_500ms__line_length_per_s,-0.13531743,-0.3660448,True,0.25068112,0.13531743
Task-2,time__F3__late_550_900ms__negative_peak,0.13306351,0.21072956,True,0.17189653,0.13306351
Task-2,coupling__Fz_F4__late_550_900ms__max_abs_cross_correlation,0.1279477,0.32456446,True,0.22625608,0.1279477
Task-2,time__F3__late_550_900ms__area,0.12092102,0.32553585,True,0.22322843,0.12092102
Task-2,time__F3__late_550_900ms__mean,0.12076772,0.32458375,True,0.22267573,0.12076772
Task-2,time__F4__late_550_900ms__line_length_per_s,0.11435201,0.23346287,True,0.17390744,0.11435201
Task-2,laterality_time__F4_minus_F3__early_250_500ms__negative_peak_latency_s,-0.11231713,-0.28101575,True,0.19666644,0.11231713
Task-2,coupling__Fz_F4__full_0_900ms__max_abs_cross_correlation,0.15592206,0.10967769,True,0.13279987,0.10967769
Task-2,time__F4__late_550_900ms__std,0.10750338,0.32574279,True,0.21662308,0.10750338
Task-2,laterality_spectral__F4_minus_F3__alpha_8_13Hz__change_db,0.12067182,0.10217605,True,0.11142394,0.10217605
Task-2,coupling__Fz_F4__full_0_900ms__zero_lag_correlation,0.15032586,0.10202256,True,0.12617421,0.10202256
Task-2,time__F4__early_250_500ms__negative_peak,0.096176349,0.28426052,True,0.19021844,0.096176349
Task-2,coupling__F3_F4__late_550_900ms__max_abs_cross_correlation,0.096077826,0.40540128,True,0.25073955,0.096077826
Task-2,time__Fz__late_550_900ms__line_length_per_s,0.095736254,0.1679449,True,0.13184057,0.095736254
Task-2,time__Fz__late_550_900ms__area,0.092175625,0.11837224,True,0.10527393,0.092175625
Task-2,time__Fz__late_550_900ms__mean,0.091403263,0.11665553,True,0.10402939,0.091403263
Task-2,coupling__Fz_F3__full_0_900ms__zero_lag_correlation,0.22950282,0.090465804,True,0.15998431,0.090465804
Task-2,time__F4__late_550_900ms__area,0.089792361,0.35314864,True,0.2214705,0.089792361
Task-2,time__F4__late_550_900ms__mean,0.089016861,0.35204942,True,0.22053314,0.089016861
Task-2,time__F3__late_550_900ms__negative_peak_latency_s,-0.14023801,-0.08647832,True,0.11335817,0.08647832
Task-2,spectral__F3__theta_4_8Hz__response_relative,-0.080947354,-0.43372597,True,0.25733666,0.080947354
Task-2,time__F4__late_550_900ms__slope_per_s,0.078637665,0.20726792,True,0.14295279,0.078637665
Task-2,time__F4__early_250_500ms__area,0.077915246,0.19522293,True,0.13656909,0.077915246
Task-2,time__F4__early_250_500ms__mean,0.077801964,0.19468362,True,0.13624279,0.077801964
Task-2,laterality_time__F4_minus_F3__early_250_500ms__slope_per_s,0.077724363,0.20740678,True,0.14256557,0.077724363
Task-2,spectral__F4__delta_1_4Hz__response_relative,0.1611664,0.076055167,True,0.11861078,0.076055167
Task-2,spectral__F4__theta_4_8Hz__response_relative,-0.075520914,-0.42417208,True,0.2498465,0.075520914
Task-2,coupling__F3_F4__full_0_900ms__max_abs_cross_correlation,0.42679504,0.074775119,True,0.25078508,0.074775119
Task-2,time__Fz__late_550_900ms__slope_per_s,0.073866931,0.1982183,True,0.13604262,0.073866931
Task-2,time__F4__late_550_900ms__positive_peak,0.073865764,0.40495045,True,0.2394081,0.073865764
Task-2,time__Fz__late_550_900ms__positive_peak,0.071495175,0.16672432,True,0.11910975,0.071495175
Task-2,spectral__F4__alpha_8_13Hz__change_db,0.52072257,0.071189618,True,0.2959561,0.071189618
Task-2,time__Fz__late_550_900ms__std,0.065066957,0.2671162,True,0.16609158,0.065066957
Task-2,time__Fz__early_250_500ms__area,0.19304756,0.064275609,True,0.12866159,0.064275609
Task-2,time__Fz__early_250_500ms__mean,0.19316004,0.062848479,True,0.12800426,0.062848479
Task-2,time__F4__early_250_500ms__positive_peak,0.100596,0.045443728,True,0.073019862,0.045443728
Task-2,time__F4__late_550_900ms__negative_peak_latency_s,-0.037832881,-0.15643398,True,0.09713343,0.037832881
Task-2,time__Fz__late_550_900ms__negative_peak,-0.077923823,-0.036517686,True,0.057220755,0.036517686
Task-2,coupling__F3_F4__late_550_900ms__lag_at_max_ms,0.035640234,0.16046384,True,0.098052036,0.035640234
Task-2,time__F3__late_550_900ms__positive_peak,0.034180308,0.34357818,True,0.18887925,0.034180308
Task-2,coupling__Fz_F3__early_250_500ms__lag_at_max_ms,-0.43318764,-0.034084558,True,0.2336361,0.034084558
Task-2,time__F3__early_250_500ms__peak_to_peak,-0.032854434,-0.37544254,True,0.20414849,0.032854434
Task-2,laterality_time__F4_minus_F3__late_550_900ms__positive_peak_latency_s,0.030723733,0.22523781,True,0.12798077,0.030723733
Task-2,time__F3__late_550_900ms__positive_peak_latency_s,0.030452488,0.27368243,True,0.15206746,0.030452488
Task-2,laterality_spectral__F4_minus_F3__beta_13_30Hz__response_relative,0.030443635,0.29996171,True,0.16520267,0.030443635
Task-2,time__F3__early_250_500ms__positive_peak,0.18284075,0.027061171,True,0.10495096,0.027061171
Task-2,spectral__F3__beta_13_30Hz__change_db,0.024804897,0.038359483,True,0.03158219,0.024804897
Task-2,laterality_time__F4_minus_F3__late_550_900ms__std,0.0319084,0.023697601,True,0.027803001,0.023697601
Task-2,spectral__Fz__delta_1_4Hz__response_relative,-0.021348167,-0.13879073,True,0.080069448,0.021348167
Task-2,spectral__Fz__theta_4_8Hz__response_relative,-0.018800602,-0.27862885,True,0.14871472,0.018800602
Task-2,laterality_time__F4_minus_F3__late_550_900ms__slope_per_s,0.13583667,0.016891513,True,0.076364093,0.016891513
Task-2,laterality_spectral__F4_minus_F3__theta_4_8Hz__response_relative,0.012299245,0.12982065,True,0.07105995,0.012299245
Task-2,time__F3__late_550_900ms__line_length_per_s,-0.04408548,-0.011766136,True,0.027925808,0.011766136
Task-2,laterality_time__F4_minus_F3__early_250_500ms__positive_peak_latency_s,0.010187983,0.096987642,True,0.053587813,0.010187983
Task-2,time__F3__late_550_900ms__slope_per_s,0.0063903666,0.30913909,True,0.15776473,0.0063903666
Task-2,time__Fz__early_250_500ms__line_length_per_s,-0.004517953,-0.27164913,True,0.13808354,0.004517953
Task-2,time__F4__late_550_900ms__positive_peak_latency_s,0.17237809,0.0026240941,True,0.087501092,0.0026240941
Task-2,laterality_time__F4_minus_F3__late_550_900ms__negative_peak,-0.099728566,-0.0012977126,True,0.05051314,0.0012977126
Task-2,coupling__Fz_F3__late_550_900ms__lag_at_max_ms,0.37846025,0.00078514582,True,0.1896227,0.00078514582
Task-2,spectral__F4__beta_13_30Hz__response_relative,-0.15068033,0.57580099,False,0.36324066,0
Task-2,laterality_time__F4_minus_F3__early_250_500ms__line_length_per_s,-0.44669516,0.24350426,False,0.34509971,0
Task-2,spectral__F3__beta_13_30Hz__response_relative,-0.21949363,0.43084215,False,0.32516789,0
Task-2,spectral__F3__delta_1_4Hz__change_db,0.37482451,-0.25136482,False,0.31309467,0
Task-2,time__Fz__early_250_500ms__std,0.11297096,-0.48618309,False,0.29957702,0
Task-2,spectral__F4__theta_4_8Hz__change_db,0.25867574,-0.32258276,False,0.29062925,0
Task-2,time__Fz__early_250_500ms__peak_to_peak,0.038409482,-0.53177952,False,0.2850945,0
Task-2,time__F4__early_250_500ms__std,0.06847875,-0.48310221,False,0.27579048,0
Task-2,time__F4__early_250_500ms__peak_to_peak,0.034413863,-0.51150261,False,0.27295824,0
Task-2,time__F3__late_550_900ms__std,-0.23474563,0.29052581,False,0.26263572,0
Task-2,coupling__Fz_F4__full_0_900ms__lag_at_max_ms,-0.23194,0.28823592,False,0.26008796,0
Task-2,coupling__F3_F4__early_250_500ms__zero_lag_correlation,0.030048349,-0.48806286,False,0.2590556,0
Task-2,spectral__Fz__beta_13_30Hz__response_relative,-0.068085557,0.4365683,False,0.25232693,0
Task-2,coupling__F3_F4__early_250_500ms__max_abs_cross_correlation,0.11861516,-0.38518025,False,0.2518977,0
Task-2,coupling__F3_F4__early_250_500ms__lag_at_max_ms,0.35020927,-0.14910871,False,0.24965899,0
Task-2,spectral__F3__theta_4_8Hz__change_db,0.40592364,-0.055863559,False,0.2308936,0
Task-2,coupling__Fz_F4__early_250_500ms__zero_lag_correlation,0.020250995,-0.40657634,False,0.21341367,0
Task-2,spectral__F4__alpha_8_13Hz__response_relative,-0.10277393,0.32269636,False,0.21273515,0
Task-2,time__Fz__early_250_500ms__slope_per_s,-0.289558,0.13179876,False,0.21067838,0
Task-2,laterality_spectral__F4_minus_F3__delta_1_4Hz__change_db,-0.23768494,0.18178799,False,0.20973646,0
Task-2,spectral__F3__alpha_8_13Hz__change_db,0.37343152,-0.03750319,False,0.20546736,0
Task-2,laterality_time__F4_minus_F3__early_250_500ms__positive_peak,-0.30407362,0.10665503,False,0.20536432,0
Task-2,time__F3__late_550_900ms__peak_to_peak,-0.15178006,0.25327987,False,0.20252997,0
Task-2,time__Fz__early_250_500ms__positive_peak_latency_s,-0.34109861,0.052850511,False,0.19697456,0
Task-2,time__F3__early_250_500ms__std,0.027519949,-0.35147329,False,0.18949662,0
Task-2,spectral__Fz__theta_4_8Hz__change_db,0.24720589,-0.12958414,False,0.18839502,0
Task-2,coupling__Fz_F4__early_250_500ms__lag_at_max_ms,-0.25138257,0.10780317,False,0.17959287,0
Task-2,coupling__Fz_F4__early_250_500ms__max_abs_cross_correlation,0.068191435,-0.28931669,False,0.17875406,0
Task-2,time__F4__early_250_500ms__slope_per_s,-0.052600522,0.29068387,False,0.1716422,0
Task-2,laterality_time__F4_minus_F3__early_250_500ms__mean,-0.2516488,0.085155593,False,0.1684022,0
Task-2,laterality_time__F4_minus_F3__early_250_500ms__area,-0.25102503,0.08495282,False,0.16798892,0
Task-2,time__Fz__early_250_500ms__positive_peak,0.18966702,-0.14569288,False,0.16767995,0
Task-2,time__Fz__late_550_900ms__positive_peak_latency_s,0.30864833,-0.025850032,False,0.16724918,0
Task-2,time__F4__early_250_500ms__positive_peak_latency_s,-0.082753143,0.24092865,False,0.1618409,0
Task-2,time__F4__early_250_500ms__line_length_per_s,0.04106982,-0.27905044,False,0.16006013,0
Task-2,spectral__F4__beta_13_30Hz__change_db,-0.13273153,0.18100618,False,0.15686886,0
Task-2,laterality_time__F4_minus_F3__early_250_500ms__negative_peak,-0.22533717,0.079978098,False,0.15265764,0
Task-2,spectral__F4__delta_1_4Hz__change_db,0.18938508,-0.10019588,False,0.14479048,0
Task-2,laterality_spectral__F4_minus_F3__beta_13_30Hz__change_db,-0.14522889,0.138203,False,0.14171594,0
Task-2,time__Fz__late_550_900ms__negative_peak_latency_s,0.064326077,-0.21741162,False,0.14086885,0
Task-2,laterality_time__F4_minus_F3__early_250_500ms__peak_to_peak,-0.20068717,0.073226811,False,0.13695699,0
Task-2,spectral__F3__alpha_8_13Hz__response_relative,-0.080559033,0.18398474,False,0.13227188,0
Task-2,time__F4__early_250_500ms__negative_peak_latency_s,0.033286879,-0.2286896,False,0.13098824,0
Task-2,time__Fz__early_250_500ms__negative_peak_latency_s,0.18700216,-0.07164862,False,0.12932539,0
Task-2,time__F4__late_550_900ms__negative_peak,-0.07233298,0.17972891,False,0.12603094,0
Task-2,laterality_spectral__F4_minus_F3__delta_1_4Hz__response_relative,0.040787058,-0.20864598,False,0.12471652,0
Task-2,time__F3__early_250_500ms__slope_per_s,-0.082031943,0.16684279,False,0.12443737,0
Task-2,laterality_time__F4_minus_F3__late_550_900ms__negative_peak_latency_s,-0.24571439,0.00046304155,False,0.12308872,0
Task-2,laterality_spectral__F4_minus_F3__alpha_8_13Hz__response_relative,-0.046635451,0.18867985,False,0.11765765,0
Task-2,coupling__Fz_F3__full_0_900ms__max_abs_cross_correlation,0.22092294,-0.0066967145,False,0.11380983,0
Task-2,spectral__Fz__delta_1_4Hz__change_db,0.095810274,-0.13102048,False,0.11341538,0
Task-2,time__F3__early_250_500ms__positive_peak_latency_s,-0.010399897,0.19407462,False,0.10223726,0
Task-2,laterality_time__F4_minus_F3__early_250_500ms__std,-0.11245242,0.089354994,False,0.10090371,0
Task-2,time__F3__early_250_500ms__negative_peak_latency_s,0.010699564,-0.16213284,False,0.086416202,0
Task-2,spectral__Fz__beta_13_30Hz__change_db,-0.085483531,0.06652545,False,0.07600449,0
Task-2,laterality_time__F4_minus_F3__late_550_900ms__positive_peak,-0.11040511,0.037979156,False,0.074192135,0
Task-2,laterality_time__F4_minus_F3__late_550_900ms__mean,-0.085963024,0.044854642,False,0.065408833,0
Task-2,laterality_time__F4_minus_F3__late_550_900ms__area,-0.084766377,0.045296997,False,0.065031687,0
Task-2,laterality_time__F4_minus_F3__late_550_900ms__peak_to_peak,-0.038843837,0.045667024,False,0.04225543,0
