file_name,method,nrmse_median,nrmse_q025,nrmse_q975,gain_median,correlation_median
VisualCogA_Task-1.mat,raw_mean,5.556764672787792,3.05443917584306,14.287830007409333,1.2921758791449685,0.2951139812659499
VisualCogA_Task-1.mat,bandpass_mean,2.1568454293997052,1.0790968069901195,4.115727482604059,0.8367526666721053,0.45105636676047856
VisualCogA_Task-1.mat,current_pipeline,1.533045519820626,0.9020667103677222,3.0071118688262124,0.7680499114999952,0.5885153727100725
VisualCogA_Task-2.mat,raw_mean,6.8435863997822635,2.1141558656551163,18.655359431789556,0.9451374168510591,0.3348449280484984
VisualCogA_Task-2.mat,bandpass_mean,3.283686707386748,1.5775723510847515,6.221503124309117,0.859700975317842,0.478552016004295
VisualCogA_Task-2.mat,current_pipeline,2.800731413200949,1.375882143975556,4.645463995809339,1.0807598659781383,0.5351424999714743
VisualCogB_Task-1.mat,raw_mean,7.536437051624862,3.6483290967425095,17.769138101784073,1.1000222056622304,0.1540044956113532
VisualCogB_Task-1.mat,bandpass_mean,2.2303759935060885,1.4687557823813016,3.582110275840499,0.8399599947355301,0.4028255944708832
VisualCogB_Task-1.mat,current_pipeline,1.7995718577022575,1.1820562411496056,3.0554932664492696,0.9399826876629647,0.5001074368209053
VisualCogB_Task-2.mat,raw_mean,7.778195645668429,2.0534389235822577,18.334240886685862,1.211749690735779,0.5054523968115119
VisualCogB_Task-2.mat,bandpass_mean,2.5728674149047515,1.1426723506453,4.764893926497316,0.9817995153913743,0.6186621755958868
VisualCogB_Task-2.mat,current_pipeline,2.488442096008289,1.2853063346182432,4.70812954765494,1.125729967825342,0.580249218679053
