file_name,repetition,method,n_trials,n_left,n_right,injection_amplitude_raw_units,nrmse,gain,shape_correlation
VisualCogA_Task-1.mat,1,raw_mean,85,41,44,8.062619185606138,5.726421328270387,-0.28807109608724474,-0.010163295139893875
VisualCogA_Task-1.mat,1,bandpass_mean,85,41,44,8.062619185606138,2.6039316085918527,0.28902464485898344,0.24775608032294383
VisualCogA_Task-1.mat,1,current_pipeline,85,41,44,8.062619185606138,1.4862589594311686,0.7471980034815201,0.6735841608233649
VisualCogA_Task-1.mat,2,raw_mean,85,43,42,8.062619185606138,8.220502087774088,-0.7231899578174109,-0.06498720208900371
VisualCogA_Task-1.mat,2,bandpass_mean,85,43,42,8.062619185606138,1.046652276301315,0.46825257055967995,0.46361604568142956
VisualCogA_Task-1.mat,2,current_pipeline,85,43,42,8.062619185606138,0.9100990583887306,0.5740146142123582,0.6111046311063251
VisualCogA_Task-1.mat,3,raw_mean,85,44,41,8.062619185606138,4.761038633435396,2.1376632502246853,0.4240727128747629
VisualCogA_Task-1.mat,3,bandpass_mean,85,44,41,8.062619185606138,2.9196494475820614,0.4605287089805894,0.35175561280783324
VisualCogA_Task-1.mat,3,current_pipeline,85,44,41,8.062619185606138,2.7158271381937107,0.16643791371629946,0.18432280629223735
VisualCogA_Task-1.mat,4,raw_mean,85,41,44,8.062619185606138,3.783854501077916,1.6213248383881114,0.505033208834638
VisualCogA_Task-1.mat,4,bandpass_mean,85,41,44,8.062619185606138,2.1874774113813724,-0.24211292758910619,-0.1255676479246849
VisualCogA_Task-1.mat,4,current_pipeline,85,41,44,8.062619185606138,1.5958426388119538,0.4492016224238681,0.3145926601982345
VisualCogA_Task-1.mat,5,raw_mean,85,43,42,8.062619185606138,11.143205961252898,3.60026890980593,0.3374773190894886
VisualCogA_Task-1.mat,5,bandpass_mean,85,43,42,8.062619185606138,4.185408108861929,-0.5778495794758067,-0.16008984246955368
VisualCogA_Task-1.mat,5,current_pipeline,85,43,42,8.062619185606138,2.3222987538356956,-0.08915783904351561,-0.01284982407993287
VisualCogA_Task-1.mat,6,raw_mean,85,44,41,8.062619185606138,3.32406705247362,2.3549075638678008,0.6153884473602065
VisualCogA_Task-1.mat,6,bandpass_mean,85,44,41,8.062619185606138,3.5741304421294906,1.0372752005012102,0.45428219020813665
VisualCogA_Task-1.mat,6,current_pipeline,85,44,41,8.062619185606138,1.503086342590853,1.3646863881453406,0.7926301978354439
VisualCogA_Task-1.mat,7,raw_mean,85,42,43,8.062619185606138,12.590287332462376,3.268382517505724,0.30498237575712805
VisualCogA_Task-1.mat,7,bandpass_mean,85,42,43,8.062619185606138,2.3750146889158255,-0.4766313204632453,-0.27307801124126063
VisualCogA_Task-1.mat,7,current_pipeline,85,42,43,8.062619185606138,2.0540632982143117,0.16446491563969814,0.218843094388934
VisualCogA_Task-1.mat,8,raw_mean,85,44,41,8.062619185606138,10.091539811060507,-3.6766515740706693,-0.4271458919873647
VisualCogA_Task-1.mat,8,bandpass_mean,85,44,41,8.062619185606138,3.562864372526342,-0.02688790825044448,-0.09511289950598455
VisualCogA_Task-1.mat,8,current_pipeline,85,44,41,8.062619185606138,1.6621879674689004,0.7362536847917369,0.5118704580593343
VisualCogA_Task-1.mat,9,raw_mean,85,42,43,8.062619185606138,9.262670863760853,0.17510931010334949,-0.031847121888316
VisualCogA_Task-1.mat,9,bandpass_mean,85,42,43,8.062619185606138,1.9086048962631197,1.280089469317983,0.6514237616542049
VisualCogA_Task-1.mat,9,current_pipeline,85,42,43,8.062619185606138,0.6453048118975181,1.1216260682988708,0.8822214817469018
VisualCogA_Task-1.mat,10,raw_mean,85,45,40,8.062619185606138,3.3407028148383398,0.9681639048788209,0.2835907568357545
VisualCogA_Task-1.mat,10,bandpass_mean,85,45,40,8.062619185606138,1.975264164871903,1.0190946585926226,0.5054203161942578
VisualCogA_Task-1.mat,10,current_pipeline,85,45,40,8.062619185606138,1.6165883052929015,0.7889018195184705,0.5185031398407072
VisualCogA_Task-1.mat,11,raw_mean,85,44,41,8.062619185606138,6.157262333496336,2.166386022049284,0.38002667188361705
VisualCogA_Task-1.mat,11,bandpass_mean,85,44,41,8.062619185606138,1.5025426749137025,0.07865309374543762,0.06080411362942064
VisualCogA_Task-1.mat,11,current_pipeline,85,44,41,8.062619185606138,1.3299718651516845,0.48354106004719777,0.37071079566166454
VisualCogA_Task-1.mat,12,raw_mean,85,42,43,8.062619185606138,24.184962643302306,-5.759668715090959,-0.28589451287275014
VisualCogA_Task-1.mat,12,bandpass_mean,85,42,43,8.062619185606138,1.7025333284484505,0.37557839861057085,0.28131969812084445
VisualCogA_Task-1.mat,12,current_pipeline,85,42,43,8.062619185606138,1.1070717984897696,0.6023380031600688,0.5110046454728543
VisualCogA_Task-1.mat,13,raw_mean,85,43,42,8.062619185606138,7.039629755892198,1.1297986246968599,0.15016452175644215
VisualCogA_Task-1.mat,13,bandpass_mean,85,43,42,8.062619185606138,3.707413809908423,0.15633928939008304,-0.010471851383872676
VisualCogA_Task-1.mat,13,current_pipeline,85,43,42,8.062619185606138,1.9665907817652397,0.7102718317580105,0.40445960055313507
VisualCogA_Task-1.mat,14,raw_mean,85,43,42,8.062619185606138,5.534723769644522,-0.2394808985099952,-0.0031063903565764508
VisualCogA_Task-1.mat,14,bandpass_mean,85,43,42,8.062619185606138,2.9080757924147806,1.6455550352367194,0.6430591124208842
VisualCogA_Task-1.mat,14,current_pipeline,85,43,42,8.062619185606138,2.153562244246676,1.342592856181591,0.6564466371212473
VisualCogA_Task-1.mat,15,raw_mean,85,43,42,8.062619185606138,5.00313926955382,1.4860525675426999,0.3885549558180636
VisualCogA_Task-1.mat,15,bandpass_mean,85,43,42,8.062619185606138,2.097257307695768,1.5341137043033717,0.6374656965384193
VisualCogA_Task-1.mat,15,current_pipeline,85,43,42,8.062619185606138,2.082957566960413,1.9606337543579389,0.7314205148473283
VisualCogA_Task-1.mat,16,raw_mean,85,41,44,8.062619185606138,13.95850323734312,3.1505878177786486,0.24144286413218705
VisualCogA_Task-1.mat,16,bandpass_mean,85,41,44,8.062619185606138,4.454872939834065,-0.9249826104453074,-0.3038406065253629
VisualCogA_Task-1.mat,16,current_pipeline,85,41,44,8.062619185606138,3.0688995389603813,-0.3585248791858361,-0.12383297570964201
VisualCogA_Task-1.mat,17,raw_mean,85,44,41,8.062619185606138,3.8871457215802754,1.7076184019774907,0.4790373063564614
VisualCogA_Task-1.mat,17,bandpass_mean,85,44,41,8.062619185606138,1.3798770936152207,1.0777263236471062,0.6165681838969603
VisualCogA_Task-1.mat,17,current_pipeline,85,44,41,8.062619185606138,1.083017321461064,0.8406891418039958,0.6179172830075597
VisualCogA_Task-1.mat,18,raw_mean,85,44,41,8.062619185606138,3.510335665444363,0.5664683663119852,0.2852455867747718
VisualCogA_Task-1.mat,18,bandpass_mean,85,44,41,8.062619185606138,1.330105117227083,1.7575521967861365,0.8692113457118157
VisualCogA_Task-1.mat,18,current_pipeline,85,44,41,8.062619185606138,1.0198285568754863,1.2915320488548365,0.8696587017619912
VisualCogA_Task-1.mat,19,raw_mean,85,44,41,8.062619185606138,6.49499395602301,0.19399991585408094,0.08499221437168601
VisualCogA_Task-1.mat,19,bandpass_mean,85,44,41,8.062619185606138,1.9768365094889004,0.8932094825263862,0.4147775874244691
VisualCogA_Task-1.mat,19,current_pipeline,85,44,41,8.062619185606138,1.740863953077745,0.491427394423475,0.2831869035778532
VisualCogA_Task-1.mat,20,raw_mean,85,41,44,8.062619185606138,5.039936363459428,2.001812969272168,0.38168670126442894
VisualCogA_Task-1.mat,20,bandpass_mean,85,41,44,8.062619185606138,3.091369516534611,0.7206750088761691,0.24510248124378206
VisualCogA_Task-1.mat,20,current_pipeline,85,41,44,8.062619185606138,1.6372606950922686,0.3149407926669822,0.1979330555899417
VisualCogA_Task-1.mat,21,raw_mean,85,44,41,8.062619185606138,5.578805575931062,-1.196043047583346,-0.22053977211139447
VisualCogA_Task-1.mat,21,bandpass_mean,85,44,41,8.062619185606138,2.700156308906298,1.5191165950487717,0.6334806346474794
VisualCogA_Task-1.mat,21,current_pipeline,85,44,41,8.062619185606138,1.8541552595389073,1.6268666597867407,0.7471098909301244
VisualCogA_Task-1.mat,22,raw_mean,85,41,44,8.062619185606138,2.617207280074804,2.080255388240657,0.8512280854505113
VisualCogA_Task-1.mat,22,bandpass_mean,85,41,44,8.062619185606138,1.7623726190484799,0.567709970339963,0.35471934780278713
VisualCogA_Task-1.mat,22,current_pipeline,85,41,44,8.062619185606138,1.1232980212843768,0.8110779053456671,0.592280149547521
VisualCogA_Task-1.mat,23,raw_mean,85,43,42,8.062619185606138,4.027292095515104,0.8795641933619389,0.21010938695885834
VisualCogA_Task-1.mat,23,bandpass_mean,85,43,42,8.062619185606138,3.0557735484824087,-0.827396483538947,-0.36103999157135547
VisualCogA_Task-1.mat,23,current_pipeline,85,43,42,8.062619185606138,2.291996728646484,-0.36240201207793743,-0.18247521528786428
VisualCogA_Task-1.mat,24,raw_mean,85,43,42,8.062619185606138,6.744967962392987,-2.244254037261109,-0.36644791874685384
VisualCogA_Task-1.mat,24,bandpass_mean,85,43,42,8.062619185606138,2.6177213608833387,0.7089497719936063,0.3241361861939281
VisualCogA_Task-1.mat,24,current_pipeline,85,43,42,8.062619185606138,1.692475040728389,1.2458164485652092,0.6457609139967376
VisualCogA_Task-1.mat,25,raw_mean,85,44,41,8.062619185606138,4.549080724126398,2.497392446790479,0.6738756056334864
VisualCogA_Task-1.mat,25,bandpass_mean,85,44,41,8.062619185606138,1.626532799998438,1.4360287425270815,0.7054497739719947
VisualCogA_Task-1.mat,25,current_pipeline,85,44,41,8.062619185606138,1.532865885863006,1.1056935667406447,0.6667175329826006
VisualCogA_Task-1.mat,26,raw_mean,85,41,44,8.062619185606138,9.564327968582896,-2.3047976316072716,-0.2761507605752719
VisualCogA_Task-1.mat,26,bandpass_mean,85,41,44,8.062619185606138,3.5257724112088344,1.128411123331775,0.36672544154979747
VisualCogA_Task-1.mat,26,current_pipeline,85,41,44,8.062619185606138,2.3105664601189435,1.6505871950028956,0.6468475019644322
VisualCogA_Task-1.mat,27,raw_mean,85,43,42,8.062619185606138,4.883448464885273,-0.8266552739755026,-0.16830583984448547
VisualCogA_Task-1.mat,27,bandpass_mean,85,43,42,8.062619185606138,3.25770300967665,0.8583048221127991,0.3429217978251675
VisualCogA_Task-1.mat,27,current_pipeline,85,43,42,8.062619185606138,1.7656264743661452,0.7024542669112035,0.4918810237162118
VisualCogA_Task-1.mat,28,raw_mean,85,42,43,8.062619185606138,3.0504075793964605,3.019306913141445,0.8620579226780773
VisualCogA_Task-1.mat,28,bandpass_mean,85,42,43,8.062619185606138,1.4677812036172382,1.9694948458476218,0.8742339727775948
VisualCogA_Task-1.mat,28,current_pipeline,85,42,43,8.062619185606138,1.2768623281692797,1.6796311274342361,0.8490750690548189
VisualCogA_Task-1.mat,29,raw_mean,85,42,43,8.062619185606138,4.277761224146379,1.6648504068657486,0.4686715696558558
VisualCogA_Task-1.mat,29,bandpass_mean,85,42,43,8.062619185606138,2.613904383664347,0.12132419873100367,0.09643560379388423
VisualCogA_Task-1.mat,29,current_pipeline,85,42,43,8.062619185606138,1.5727330369486117,0.5163858141351155,0.3341781243411504
VisualCogA_Task-1.mat,30,raw_mean,85,43,42,8.062619185606138,7.80161562618606,2.609857896876161,0.40571441025977484
VisualCogA_Task-1.mat,30,bandpass_mean,85,43,42,8.062619185606138,2.0225246364050133,1.2632344208624529,0.5936276724462201
VisualCogA_Task-1.mat,30,current_pipeline,85,43,42,8.062619185606138,1.5209754185569537,1.1854398744450827,0.6198467404575405
VisualCogA_Task-1.mat,31,raw_mean,85,43,42,8.062619185606138,10.183438714850004,3.3031646874916283,0.37763120096436986
VisualCogA_Task-1.mat,31,bandpass_mean,85,43,42,8.062619185606138,1.119700383296211,0.6502727465045333,0.6000112026923644
VisualCogA_Task-1.mat,31,current_pipeline,85,43,42,8.062619185606138,0.9003628789693265,0.43626992774418305,0.5275259191438223
VisualCogA_Task-1.mat,32,raw_mean,85,41,44,8.062619185606138,3.3000015952574406,1.1974788115976578,0.3763764444161635
VisualCogA_Task-1.mat,32,bandpass_mean,85,41,44,8.062619185606138,3.787233101674106,2.7264399485953965,0.7183700943561598
VisualCogA_Task-1.mat,32,current_pipeline,85,41,44,8.062619185606138,3.2199555948068723,2.5676743170777008,0.7184335833605906
VisualCogA_Task-1.mat,33,raw_mean,85,43,42,8.062619185606138,4.52054768929248,-0.22620688225288121,-0.0009562189416726075
VisualCogA_Task-1.mat,33,bandpass_mean,85,43,42,8.062619185606138,1.4343631591473238,0.5434773105027452,0.5138785320793484
VisualCogA_Task-1.mat,33,current_pipeline,85,43,42,8.062619185606138,1.0856649418700108,0.5656921862362201,0.6692081856286767
VisualCogA_Task-1.mat,34,raw_mean,85,42,43,8.062619185606138,14.357687201059743,-1.2795544248823478,-0.06365325040973999
VisualCogA_Task-1.mat,34,bandpass_mean,85,42,43,8.062619185606138,3.433497085387198,0.8152005112314116,0.35267363204272617
VisualCogA_Task-1.mat,34,current_pipeline,85,42,43,8.062619185606138,1.6513654267514064,0.4321216840388085,0.3608031567239385
VisualCogA_Task-1.mat,35,raw_mean,85,42,43,8.062619185606138,4.945939281031342,0.34038871680315164,0.10880682730278446
VisualCogA_Task-1.mat,35,bandpass_mean,85,42,43,8.062619185606138,3.687695207838967,-0.5407810091068701,-0.1616090853601098
VisualCogA_Task-1.mat,35,current_pipeline,85,42,43,8.062619185606138,2.0611591736756116,0.06426889819242301,0.07264842812551858
VisualCogA_Task-1.mat,36,raw_mean,85,41,44,8.062619185606138,3.477778186667748,1.4644483402281434,0.4004831605728384
VisualCogA_Task-1.mat,36,bandpass_mean,85,41,44,8.062619185606138,1.422128141243906,1.632105304927407,0.8018679744363174
VisualCogA_Task-1.mat,36,current_pipeline,85,41,44,8.062619185606138,1.0619264797871788,1.0419614625002969,0.7545677320973441
VisualCogA_Task-1.mat,37,raw_mean,85,44,41,8.062619185606138,3.3511077979416823,-0.09515608696600512,-0.018361328852100192
VisualCogA_Task-1.mat,37,bandpass_mean,85,44,41,8.062619185606138,1.5828149425876845,1.0965928988476188,0.6078180790272455
VisualCogA_Task-1.mat,37,current_pipeline,85,44,41,8.062619185606138,1.014460017636171,1.4066477862593432,0.8426137718320836
VisualCogA_Task-1.mat,38,raw_mean,85,44,41,8.062619185606138,5.984166714016015,2.9686242620752568,0.49076966257134
VisualCogA_Task-1.mat,38,bandpass_mean,85,44,41,8.062619185606138,2.276343650020299,2.0328758896104953,0.7094294426429911
VisualCogA_Task-1.mat,38,current_pipeline,85,44,41,8.062619185606138,1.3893783195568428,1.3619859224692377,0.7221581426776503
VisualCogA_Task-1.mat,39,raw_mean,85,43,42,8.062619185606138,4.981413075835927,1.3868729466922791,0.3180883445749969
VisualCogA_Task-1.mat,39,bandpass_mean,85,43,42,8.062619185606138,3.001949775449818,-0.04906709954638115,0.04175175668762048
VisualCogA_Task-1.mat,39,current_pipeline,85,43,42,8.062619185606138,1.4793216491280026,0.26256534094666173,0.23172339445583204
VisualCogA_Task-1.mat,40,raw_mean,85,43,42,8.062619185606138,3.2996993726661787,2.460884919546758,0.6375757037460072
VisualCogA_Task-1.mat,40,bandpass_mean,85,43,42,8.062619185606138,2.5997623089454094,1.0566946449942973,0.4478305433128205
VisualCogA_Task-1.mat,40,current_pipeline,85,43,42,8.062619185606138,1.4593749927151725,1.3798439875679078,0.6985563537528585
VisualCogA_Task-1.mat,41,raw_mean,85,42,43,8.062619185606138,9.449128326113655,2.1183077702629354,0.23043507898698423
VisualCogA_Task-1.mat,41,bandpass_mean,85,42,43,8.062619185606138,1.9849184876895338,1.4082788879641015,0.5932683680411538
VisualCogA_Task-1.mat,41,current_pipeline,85,42,43,8.062619185606138,1.5713930104311595,1.0150032620742557,0.6731688343708652
VisualCogA_Task-1.mat,42,raw_mean,85,42,43,8.062619185606138,7.137949883246516,2.6511376400622098,0.39966996132598837
VisualCogA_Task-1.mat,42,bandpass_mean,85,42,43,8.062619185606138,1.6710877602688787,0.9335500893032573,0.4857816209499296
VisualCogA_Task-1.mat,42,current_pipeline,85,42,43,8.062619185606138,1.5332251537782464,1.0727272990688803,0.582750422430482
VisualCogA_Task-1.mat,43,raw_mean,85,43,42,8.062619185606138,13.363566754507726,3.664562079984514,0.33287992482568024
VisualCogA_Task-1.mat,43,bandpass_mean,85,43,42,8.062619185606138,1.2134249871181515,0.9126780859822795,0.6032493986307716
VisualCogA_Task-1.mat,43,current_pipeline,85,43,42,8.062619185606138,1.2477701886996506,0.4216914227607465,0.4714976586754819
VisualCogA_Task-1.mat,44,raw_mean,85,44,41,8.062619185606138,9.265501727390015,3.9050624373386187,0.5020742401325756
VisualCogA_Task-1.mat,44,bandpass_mean,85,44,41,8.062619185606138,3.0030212251978234,0.6267724517635281,0.32293535248625166
VisualCogA_Task-1.mat,44,current_pipeline,85,44,41,8.062619185606138,1.2284268145522688,1.1365803373793932,0.735306839153303
VisualCogA_Task-1.mat,45,raw_mean,85,43,42,8.062619185606138,5.040801841949472,0.5061351921224245,0.12494321889192828
VisualCogA_Task-1.mat,45,bandpass_mean,85,43,42,8.062619185606138,1.0704839271676152,1.0608030361347756,0.7142717411865208
VisualCogA_Task-1.mat,45,current_pipeline,85,43,42,8.062619185606138,1.256956786552089,0.8267591977689582,0.584750595872624
VisualCogA_Task-1.mat,46,raw_mean,85,44,41,8.062619185606138,3.0734452733770286,0.8353267154358409,0.42830153738232973
VisualCogA_Task-1.mat,46,bandpass_mean,85,44,41,8.062619185606138,1.4261537491182608,0.6773517247431549,0.48058823639458187
VisualCogA_Task-1.mat,46,current_pipeline,85,44,41,8.062619185606138,1.2196539169456866,0.5692478499401006,0.44299094743779927
VisualCogA_Task-1.mat,47,raw_mean,85,44,41,8.062619185606138,6.777734430312928,-0.7306038512836098,-0.09081342374500356
VisualCogA_Task-1.mat,47,bandpass_mean,85,44,41,8.062619185606138,2.126213447418038,-0.13282640234123413,-0.07349771962253955
VisualCogA_Task-1.mat,47,current_pipeline,85,44,41,8.062619185606138,1.3013072049503134,0.4374977099195959,0.34435033137791793
VisualCogA_Task-1.mat,48,raw_mean,85,41,44,8.062619185606138,7.166956067532319,-0.880770086251816,-0.11191488760812572
VisualCogA_Task-1.mat,48,bandpass_mean,85,41,44,8.062619185606138,1.590434214597318,1.0104695440996314,0.5355244568116849
VisualCogA_Task-1.mat,48,current_pipeline,85,41,44,8.062619185606138,1.5792752197927529,1.3481778616053748,0.6597238482153254
VisualCogA_Task-2.mat,1,raw_mean,92,45,47,9.955503416119448,12.430003362630055,-1.9640424486642578,-0.18210401830744785
VisualCogA_Task-2.mat,1,bandpass_mean,92,45,47,9.955503416119448,3.4554738601075736,2.3911124132333854,0.6213706366320224
VisualCogA_Task-2.mat,1,current_pipeline,92,45,47,9.955503416119448,3.218192071158291,2.240613904025313,0.605700627819275
VisualCogA_Task-2.mat,2,raw_mean,92,45,47,9.955503416119448,6.9753710880003945,2.3319618257020496,0.3977862033827213
VisualCogA_Task-2.mat,2,bandpass_mean,92,45,47,9.955503416119448,4.7995431157486745,0.48465312101253816,0.35992638317513165
VisualCogA_Task-2.mat,2,current_pipeline,92,45,47,9.955503416119448,3.8507195637125555,0.3480175968770207,0.32281751668065783
VisualCogA_Task-2.mat,3,raw_mean,92,45,47,9.955503416119448,2.5376464719753726,1.9191297225747703,0.727196539426506
VisualCogA_Task-2.mat,3,bandpass_mean,92,45,47,9.955503416119448,2.7081933923088166,2.3983566829318814,0.7979034019405155
VisualCogA_Task-2.mat,3,current_pipeline,92,45,47,9.955503416119448,3.556029342168823,2.5493790805687264,0.7838265197388612
VisualCogA_Task-2.mat,4,raw_mean,92,45,47,9.955503416119448,4.4633182696866305,2.9778983896462736,0.6300166951611108
VisualCogA_Task-2.mat,4,bandpass_mean,92,45,47,9.955503416119448,6.333273325018269,2.9466628034215043,0.6097944916294217
VisualCogA_Task-2.mat,4,current_pipeline,92,45,47,9.955503416119448,4.689343293345827,3.179010152314137,0.7650853543923422
VisualCogA_Task-2.mat,5,raw_mean,92,46,46,9.955503416119448,2.0329511474158615,0.6322698020977447,0.32418179623258336
VisualCogA_Task-2.mat,5,bandpass_mean,92,46,46,9.955503416119448,1.828537431447691,1.605454409052845,0.6853724824064529
VisualCogA_Task-2.mat,5,current_pipeline,92,46,46,9.955503416119448,1.9503867832508013,1.3706611747036987,0.621733246378484
VisualCogA_Task-2.mat,6,raw_mean,92,46,46,9.955503416119448,12.978756294820768,0.7882208262063122,0.3455080598644135
VisualCogA_Task-2.mat,6,bandpass_mean,92,46,46,9.955503416119448,5.694586463823129,2.6628143748892645,0.7270932443516033
VisualCogA_Task-2.mat,6,current_pipeline,92,46,46,9.955503416119448,3.9882990964321663,2.284028370956712,0.7229280996385885
VisualCogA_Task-2.mat,7,raw_mean,92,47,45,9.955503416119448,9.095101253809894,1.4942714811635438,0.29749494088210665
VisualCogA_Task-2.mat,7,bandpass_mean,92,47,45,9.955503416119448,4.316842057264352,3.0045681252638916,0.6717118885808585
VisualCogA_Task-2.mat,7,current_pipeline,92,47,45,9.955503416119448,3.7525105372253074,3.0453864851777097,0.6984044543346807
VisualCogA_Task-2.mat,8,raw_mean,92,46,46,9.955503416119448,5.224001029200004,0.5499005292941581,0.08416231485990669
VisualCogA_Task-2.mat,8,bandpass_mean,92,46,46,9.955503416119448,3.20202071332667,0.7087407498897125,0.21875504106937416
VisualCogA_Task-2.mat,8,current_pipeline,92,46,46,9.955503416119448,2.408131951699284,1.2385337337319586,0.4570458529752068
VisualCogA_Task-2.mat,9,raw_mean,92,47,45,9.955503416119448,6.018375985459997,-0.855077339927496,-0.15564125231837225
VisualCogA_Task-2.mat,9,bandpass_mean,92,47,45,9.955503416119448,2.3930616410585315,2.0814821510617723,0.7658856157412833
VisualCogA_Task-2.mat,9,current_pipeline,92,47,45,9.955503416119448,1.5244662214077471,1.6540596174606557,0.7702882233270381
VisualCogA_Task-2.mat,10,raw_mean,92,49,43,9.955503416119448,2.7799090376526023,0.11476112702828893,0.0840881023001484
VisualCogA_Task-2.mat,10,bandpass_mean,92,49,43,9.955503416119448,3.3653527014468265,-0.2887491730838676,-0.07748870951491921
VisualCogA_Task-2.mat,10,current_pipeline,92,49,43,9.955503416119448,2.2535929250884315,-0.3144590801372284,-0.19960657912062982
VisualCogA_Task-2.mat,11,raw_mean,92,46,46,9.955503416119448,7.684014577131108,2.903672866666606,0.7053593665291602
VisualCogA_Task-2.mat,11,bandpass_mean,92,46,46,9.955503416119448,3.842356735734371,2.324574621487074,0.8260065467173242
VisualCogA_Task-2.mat,11,current_pipeline,92,46,46,9.955503416119448,3.73918118724935,2.6945448005573973,0.8851582954722318
VisualCogA_Task-2.mat,12,raw_mean,92,47,45,9.955503416119448,9.747117148204843,-1.8820947992130699,-0.32936866193784936
VisualCogA_Task-2.mat,12,bandpass_mean,92,47,45,9.955503416119448,2.31341971210513,0.45915901395383085,0.3670218821332733
VisualCogA_Task-2.mat,12,current_pipeline,92,47,45,9.955503416119448,1.873177091525435,0.24045593304959817,0.2619104929994096
VisualCogA_Task-2.mat,13,raw_mean,92,46,46,9.955503416119448,15.264752666907471,5.349710727662469,0.4919247474575222
VisualCogA_Task-2.mat,13,bandpass_mean,92,46,46,9.955503416119448,3.3877174492567925,2.257313493951582,0.5960285317093994
VisualCogA_Task-2.mat,13,current_pipeline,92,46,46,9.955503416119448,3.084838467780475,2.09216293562198,0.5869879858153716
VisualCogA_Task-2.mat,14,raw_mean,92,44,48,9.955503416119448,5.493750128260835,3.1252080632802755,0.6656456293804761
VisualCogA_Task-2.mat,14,bandpass_mean,92,44,48,9.955503416119448,3.0469942747741787,2.758791793457494,0.7413774094884813
VisualCogA_Task-2.mat,14,current_pipeline,92,44,48,9.955503416119448,3.0509431544626495,2.3794732286805096,0.668661200779477
VisualCogA_Task-2.mat,15,raw_mean,92,45,47,9.955503416119448,3.3603861814252065,2.4632551133300433,0.6388922573821838
VisualCogA_Task-2.mat,15,bandpass_mean,92,45,47,9.955503416119448,2.1992926754084774,2.266160204746095,0.8559000734844526
VisualCogA_Task-2.mat,15,current_pipeline,92,45,47,9.955503416119448,2.3374352660301883,2.0575860146316893,0.8093453440318888
VisualCogA_Task-2.mat,16,raw_mean,92,45,47,9.955503416119448,5.855573096756175,-0.21579382825792054,-0.0018371585151543645
VisualCogA_Task-2.mat,16,bandpass_mean,92,45,47,9.955503416119448,1.5804496397352026,0.09593446615225822,0.06128376777093742
VisualCogA_Task-2.mat,16,current_pipeline,92,45,47,9.955503416119448,1.6638933485678922,0.21642135476246344,0.13700810211104458
VisualCogA_Task-2.mat,17,raw_mean,92,46,46,9.955503416119448,8.744823305083104,3.7467836938424566,0.6599634812186623
VisualCogA_Task-2.mat,17,bandpass_mean,92,46,46,9.955503416119448,1.92581250685502,1.2210604626914878,0.5489766818761743
VisualCogA_Task-2.mat,17,current_pipeline,92,46,46,9.955503416119448,1.8812077275234504,0.9267340675499005,0.4595493949599993
VisualCogA_Task-2.mat,18,raw_mean,92,45,47,9.955503416119448,13.10071588294741,6.113287288415072,0.572598663669786
VisualCogA_Task-2.mat,18,bandpass_mean,92,45,47,9.955503416119448,2.6434101832939385,2.040149696233447,0.7978272526622517
VisualCogA_Task-2.mat,18,current_pipeline,92,45,47,9.955503416119448,2.4439513205317116,2.118920285082247,0.7748545135909404
VisualCogA_Task-2.mat,19,raw_mean,92,45,47,9.955503416119448,5.561167814100719,3.656065711449044,0.777279868284886
VisualCogA_Task-2.mat,19,bandpass_mean,92,45,47,9.955503416119448,3.8083662988899585,2.3143619005910328,0.6916905302158554
VisualCogA_Task-2.mat,19,current_pipeline,92,45,47,9.955503416119448,3.123240905795661,1.9965564602220207,0.7096142178650919
VisualCogA_Task-2.mat,20,raw_mean,92,47,45,9.955503416119448,4.757973698105208,-2.6260383102163005,-0.6491950790333674
VisualCogA_Task-2.mat,20,bandpass_mean,92,47,45,9.955503416119448,3.8639095899496056,-2.040655562773272,-0.6485870456300141
VisualCogA_Task-2.mat,20,current_pipeline,92,47,45,9.955503416119448,3.848630778530322,-1.8896669218447648,-0.5949054659848517
VisualCogA_Task-2.mat,21,raw_mean,92,49,43,9.955503416119448,8.488012248340207,5.591527096379601,0.8185531941801073
VisualCogA_Task-2.mat,21,bandpass_mean,92,49,43,9.955503416119448,5.154664019274882,3.7633106380967334,0.7480378283611836
VisualCogA_Task-2.mat,21,current_pipeline,92,49,43,9.955503416119448,5.300745159598023,3.869761945161642,0.7657968761272785
VisualCogA_Task-2.mat,22,raw_mean,92,46,46,9.955503416119448,12.273096849535158,-4.0837916447373015,-0.5088479751046866
VisualCogA_Task-2.mat,22,bandpass_mean,92,46,46,9.955503416119448,3.9556019871815566,-0.3934553316320471,-0.1373062535837946
VisualCogA_Task-2.mat,22,current_pipeline,92,46,46,9.955503416119448,3.8339397378605735,0.04848338366868866,0.003766761753248487
VisualCogA_Task-2.mat,23,raw_mean,92,47,45,9.955503416119448,2.831945994391656,1.45339759430725,0.5101660952449797
VisualCogA_Task-2.mat,23,bandpass_mean,92,47,45,9.955503416119448,2.506221789396412,1.3579210790732346,0.679844732558262
VisualCogA_Task-2.mat,23,current_pipeline,92,47,45,9.955503416119448,1.3443643093687274,0.9450898072461802,0.6581422667830181
VisualCogA_Task-2.mat,24,raw_mean,92,44,48,9.955503416119448,19.117457022733937,6.877290919477424,0.6883572609815628
VisualCogA_Task-2.mat,24,bandpass_mean,92,44,48,9.955503416119448,2.076919740983571,2.001829744904104,0.7395871787272247
VisualCogA_Task-2.mat,24,current_pipeline,92,44,48,9.955503416119448,2.882591084095687,3.079599620834189,0.8385092190226322
VisualCogA_Task-2.mat,25,raw_mean,92,48,44,9.955503416119448,2.812141534867838,-0.2827192714901111,-0.1344681861155731
VisualCogA_Task-2.mat,25,bandpass_mean,92,48,44,9.955503416119448,4.4029202106006995,0.16778649275632365,-0.0266642494871922
VisualCogA_Task-2.mat,25,current_pipeline,92,48,44,9.955503416119448,2.922089131828799,0.3480665288330859,0.11365985326755083
VisualCogA_Task-2.mat,26,raw_mean,92,47,45,9.955503416119448,9.211457633345038,0.8061550389484293,0.5088395773985244
VisualCogA_Task-2.mat,26,bandpass_mean,92,47,45,9.955503416119448,3.6158181769954325,3.372868039525192,0.7791900927044926
VisualCogA_Task-2.mat,26,current_pipeline,92,47,45,9.955503416119448,2.3391235598210027,2.5519846676358293,0.8466912039355556
VisualCogA_Task-2.mat,27,raw_mean,92,47,45,9.955503416119448,4.8794783038086695,1.084119794753689,0.45765015117291663
VisualCogA_Task-2.mat,27,bandpass_mean,92,47,45,9.955503416119448,1.5769620171285952,1.3040458434473106,0.784365558092689
VisualCogA_Task-2.mat,27,current_pipeline,92,47,45,9.955503416119448,1.6921804352558478,1.8702878978905724,0.8046470483148719
VisualCogA_Task-2.mat,28,raw_mean,92,50,42,9.955503416119448,6.760248186579033,-3.5899279149158816,-0.6925695078491924
VisualCogA_Task-2.mat,28,bandpass_mean,92,50,42,9.955503416119448,2.840629730466333,-0.5186007896286923,-0.3322412584437708
VisualCogA_Task-2.mat,28,current_pipeline,92,50,42,9.955503416119448,2.9527353980602418,-0.9174386265848327,-0.3927397426072367
VisualCogA_Task-2.mat,29,raw_mean,92,46,46,9.955503416119448,4.535035881649345,0.17318350780139646,-0.003735184101579666
VisualCogA_Task-2.mat,29,bandpass_mean,92,46,46,9.955503416119448,3.6859877757066735,0.7995068848515966,0.2268997228012026
VisualCogA_Task-2.mat,29,current_pipeline,92,46,46,9.955503416119448,2.69225936052778,0.674243365946071,0.25162425356374823
VisualCogA_Task-2.mat,30,raw_mean,92,45,47,9.955503416119448,6.636406034024792,1.5516698021884148,0.3526090775446336
VisualCogA_Task-2.mat,30,bandpass_mean,92,45,47,9.955503416119448,4.246000311089301,0.7730460157397664,0.328416662376028
VisualCogA_Task-2.mat,30,current_pipeline,92,45,47,9.955503416119448,2.622475635199004,1.6311306750089811,0.5774261592806473
VisualCogA_Task-2.mat,31,raw_mean,92,47,45,9.955503416119448,3.315596724264285,-0.7026352192391607,-0.2532374156588538
VisualCogA_Task-2.mat,31,bandpass_mean,92,47,45,9.955503416119448,2.9045842875289978,-0.5505368385678957,-0.2716255900748856
VisualCogA_Task-2.mat,31,current_pipeline,92,47,45,9.955503416119448,2.1006542189516035,-0.2658634830485607,-0.20756908059355908
VisualCogA_Task-2.mat,32,raw_mean,92,47,45,9.955503416119448,2.106082528846584,1.5248899421531716,0.6039353831914194
VisualCogA_Task-2.mat,32,bandpass_mean,92,47,45,9.955503416119448,2.5575095896497517,0.42416349254891256,0.22017389407171692
VisualCogA_Task-2.mat,32,current_pipeline,92,47,45,9.955503416119448,2.750065120799868,0.8329565078710817,0.4236627809360198
VisualCogA_Task-2.mat,33,raw_mean,92,45,47,9.955503416119448,19.384659958448058,4.288565811869834,0.2976564727645875
VisualCogA_Task-2.mat,33,bandpass_mean,92,45,47,9.955503416119448,4.236135615454788,0.13949703203531957,-0.011928506579725008
VisualCogA_Task-2.mat,33,current_pipeline,92,45,47,9.955503416119448,3.038819867209034,0.16506388742633324,0.03502218769206411
VisualCogA_Task-2.mat,34,raw_mean,92,46,46,9.955503416119448,2.1522158820381967,0.8008448090141944,0.36223287373799323
VisualCogA_Task-2.mat,34,bandpass_mean,92,46,46,9.955503416119448,1.519671464427728,0.8122776675396567,0.4954028858213647
VisualCogA_Task-2.mat,34,current_pipeline,92,46,46,9.955503416119448,1.8372545287968125,1.0790853993953482,0.6784630133355716
VisualCogA_Task-2.mat,35,raw_mean,92,46,46,9.955503416119448,6.053020962316936,-1.418404061744206,-0.2398530266237788
VisualCogA_Task-2.mat,35,bandpass_mean,92,46,46,9.955503416119448,2.4994199166792836,-0.05135260632202286,-0.04585873450902884
VisualCogA_Task-2.mat,35,current_pipeline,92,46,46,9.955503416119448,2.135048316581222,0.6061299662279046,0.271166563603048
VisualCogA_Task-2.mat,36,raw_mean,92,46,46,9.955503416119448,6.926924612985494,0.473608945226175,0.1813244405583555
VisualCogA_Task-2.mat,36,bandpass_mean,92,46,46,9.955503416119448,2.629325819293169,0.9071242830960272,0.5313523311199688
VisualCogA_Task-2.mat,36,current_pipeline,92,46,46,9.955503416119448,1.3151271048797657,1.2562414125722063,0.7228236133257454
VisualCogA_Task-2.mat,37,raw_mean,92,46,46,9.955503416119448,13.47275166921797,2.276821706134905,0.20710223384514342
VisualCogA_Task-2.mat,37,bandpass_mean,92,46,46,9.955503416119448,5.066301018281086,-0.9202187900407561,-0.3294247713837222
VisualCogA_Task-2.mat,37,current_pipeline,92,46,46,9.955503416119448,3.580599153419766,-0.7469379352305703,-0.316389865085973
VisualCogA_Task-2.mat,38,raw_mean,92,46,46,9.955503416119448,10.091976438671274,-1.638211411807446,-0.2960910393683409
VisualCogA_Task-2.mat,38,bandpass_mean,92,46,46,9.955503416119448,5.609594953493116,0.11599338233597178,0.17640258321801486
VisualCogA_Task-2.mat,38,current_pipeline,92,46,46,9.955503416119448,3.48703597029847,0.4127653598891113,0.4928588406623013
VisualCogA_Task-2.mat,39,raw_mean,92,49,43,9.955503416119448,6.39537806076643,-0.6817048838302847,-0.09754167907095795
VisualCogA_Task-2.mat,39,bandpass_mean,92,49,43,9.955503416119448,2.548822848100424,-0.4461575925254601,-0.2128428542590754
VisualCogA_Task-2.mat,39,current_pipeline,92,49,43,9.955503416119448,2.4156132915416335,-0.5948576624517762,-0.31462162142672334
VisualCogA_Task-2.mat,40,raw_mean,92,48,44,9.955503416119448,16.476899360194675,-2.5480854930305066,-0.19787304141327272
VisualCogA_Task-2.mat,40,bandpass_mean,92,48,44,9.955503416119448,2.481305232127097,2.4889939236945273,0.7823989992243394
VisualCogA_Task-2.mat,40,current_pipeline,92,48,44,9.955503416119448,1.7201115922643029,2.3141812928038425,0.9012508800246707
VisualCogA_Task-2.mat,41,raw_mean,92,46,46,9.955503416119448,8.214576234274723,2.484961079942026,0.5786103197962342
VisualCogA_Task-2.mat,41,bandpass_mean,92,46,46,9.955503416119448,4.027713528645467,-0.1544854767838538,-0.006228583278935225
VisualCogA_Task-2.mat,41,current_pipeline,92,46,46,9.955503416119448,3.016684247772201,0.729841674482269,0.2918561620247504
VisualCogA_Task-2.mat,42,raw_mean,92,44,48,9.955503416119448,4.297894228147986,-0.12822937249573232,0.10828310361829002
VisualCogA_Task-2.mat,42,bandpass_mean,92,44,48,9.955503416119448,2.341442457477706,-0.021196410627860453,0.050759986102524995
VisualCogA_Task-2.mat,42,current_pipeline,92,44,48,9.955503416119448,2.851397705602029,0.04208747283933752,0.17560730317577092
VisualCogA_Task-2.mat,43,raw_mean,92,44,48,9.955503416119448,4.014376934208435,-1.497304297421228,-0.4981040281111396
VisualCogA_Task-2.mat,43,bandpass_mean,92,44,48,9.955503416119448,6.39372789649432,-1.168545673518349,-0.4201209032008962
VisualCogA_Task-2.mat,43,current_pipeline,92,44,48,9.955503416119448,4.43860445028019,-0.8630854916191777,-0.3986017443250578
VisualCogA_Task-2.mat,44,raw_mean,92,45,47,9.955503416119448,7.702275814274259,3.338964997904092,0.6453141703735517
VisualCogA_Task-2.mat,44,bandpass_mean,92,45,47,9.955503416119448,3.850020687943027,1.5567061211022384,0.4720219189165692
VisualCogA_Task-2.mat,44,current_pipeline,92,45,47,9.955503416119448,2.504695749229678,1.0824343325609285,0.4726956161860185
VisualCogA_Task-2.mat,45,raw_mean,92,45,47,9.955503416119448,8.563867427723448,2.612305595162828,0.6305883026571208
VisualCogA_Task-2.mat,45,bandpass_mean,92,45,47,9.955503416119448,1.9818942976572336,0.5996219066327303,0.2908130382044168
VisualCogA_Task-2.mat,45,current_pipeline,92,45,47,9.955503416119448,1.7129834570770146,0.9219656675444647,0.47882557107857454
VisualCogA_Task-2.mat,46,raw_mean,92,45,47,9.955503416119448,13.091865323186266,-2.4842531184667975,-0.29413377781419087
VisualCogA_Task-2.mat,46,bandpass_mean,92,45,47,9.955503416119448,1.994082179895721,0.5806145640127223,0.3225335233106502
VisualCogA_Task-2.mat,46,current_pipeline,92,45,47,9.955503416119448,1.994207240044449,0.1338834497808943,0.08615978184074463
VisualCogA_Task-2.mat,47,raw_mean,92,46,46,9.955503416119448,11.86977450341087,4.003413201911579,0.6155203344178188
VisualCogA_Task-2.mat,47,bandpass_mean,92,46,46,9.955503416119448,3.966266031426891,2.3627799275080568,0.7296244204528732
VisualCogA_Task-2.mat,47,current_pipeline,92,46,46,9.955503416119448,3.5169000924981693,2.0344068569572022,0.5961775315198087
VisualCogA_Task-2.mat,48,raw_mean,92,46,46,9.955503416119448,8.985039409575503,4.35604384423865,0.6665613521797018
VisualCogA_Task-2.mat,48,bandpass_mean,92,46,46,9.955503416119448,4.083518969362459,1.1970706712547505,0.48508211309202076
VisualCogA_Task-2.mat,48,current_pipeline,92,46,46,9.955503416119448,2.953506196106436,1.4947540531258947,0.5983997372363505
VisualCogB_Task-1.mat,1,raw_mean,90,47,43,9.888021006339118,9.383856535314855,3.2234144857052516,0.4143758942687846
VisualCogB_Task-1.mat,1,bandpass_mean,90,47,43,9.888021006339118,2.905458423606914,0.5673624002329503,0.23310647311272364
VisualCogB_Task-1.mat,1,current_pipeline,90,47,43,9.888021006339118,2.1292033125720247,0.4415171836502792,0.26276921458059654
VisualCogB_Task-1.mat,2,raw_mean,90,46,44,9.888021006339118,4.179606794246803,-1.1852753128016489,-0.3409009288253148
VisualCogB_Task-1.mat,2,bandpass_mean,90,46,44,9.888021006339118,3.090568655077433,-0.2862580102970693,-0.07897846219116238
VisualCogB_Task-1.mat,2,current_pipeline,90,46,44,9.888021006339118,2.7256846358794897,0.023595750795593604,0.050686097218197376
VisualCogB_Task-1.mat,3,raw_mean,90,44,46,9.888021006339118,9.425769293688822,1.7084248008892917,0.1675814474984747
VisualCogB_Task-1.mat,3,bandpass_mean,90,44,46,9.888021006339118,2.61121285567645,1.74677040499656,0.6282436108380989
VisualCogB_Task-1.mat,3,current_pipeline,90,44,46,9.888021006339118,2.0005088536226054,1.6308632491731945,0.6944405580093806
VisualCogB_Task-1.mat,4,raw_mean,90,45,45,9.888021006339118,7.827668249909749,0.5581052230898376,0.06909757615479527
VisualCogB_Task-1.mat,4,bandpass_mean,90,45,45,9.888021006339118,2.2315905061521555,0.611215544496916,0.2933296981903556
VisualCogB_Task-1.mat,4,current_pipeline,90,45,45,9.888021006339118,1.5874173422939841,0.5878775817089036,0.36594586822004527
VisualCogB_Task-1.mat,5,raw_mean,90,44,46,9.888021006339118,9.34838719066704,-3.4795182832403024,-0.6327175571059532
VisualCogB_Task-1.mat,5,bandpass_mean,90,44,46,9.888021006339118,2.7537841354203056,-0.41337259377619795,-0.16825339784667565
VisualCogB_Task-1.mat,5,current_pipeline,90,44,46,9.888021006339118,2.373056803356695,0.49556194281423754,0.3004459544236031
VisualCogB_Task-1.mat,6,raw_mean,90,46,44,9.888021006339118,6.011621199990893,-1.1022384213061749,-0.18347966556760323
VisualCogB_Task-1.mat,6,bandpass_mean,90,46,44,9.888021006339118,2.0012239485845886,-0.30905329857337543,-0.19728359366243653
VisualCogB_Task-1.mat,6,current_pipeline,90,46,44,9.888021006339118,1.65695517082843,0.37414362691346814,0.2973530484851194
VisualCogB_Task-1.mat,7,raw_mean,90,46,44,9.888021006339118,14.936254240731365,4.386232267959826,0.3284242042461448
VisualCogB_Task-1.mat,7,bandpass_mean,90,46,44,9.888021006339118,1.9377554444602634,0.4478504375713322,0.23600909835011066
VisualCogB_Task-1.mat,7,current_pipeline,90,46,44,9.888021006339118,2.163953894728072,-0.24579779696171358,-0.12333488005969544
VisualCogB_Task-1.mat,8,raw_mean,90,45,45,9.888021006339118,16.117000172655164,2.922065621202292,0.17543539528771251
VisualCogB_Task-1.mat,8,bandpass_mean,90,45,45,9.888021006339118,2.6998675927721054,1.7475986176074052,0.572345819279511
VisualCogB_Task-1.mat,8,current_pipeline,90,45,45,9.888021006339118,2.1993820601141256,1.1560109499709734,0.464269410623913
VisualCogB_Task-1.mat,9,raw_mean,90,45,45,9.888021006339118,5.105152994910668,1.4829448677248995,0.3056093398838691
VisualCogB_Task-1.mat,9,bandpass_mean,90,45,45,9.888021006339118,3.685623592525193,1.170332103913282,0.45342662228372427
VisualCogB_Task-1.mat,9,current_pipeline,90,45,45,9.888021006339118,3.320979357856032,0.6884049712613711,0.2909177047921171
VisualCogB_Task-1.mat,10,raw_mean,90,46,44,9.888021006339118,6.796451828888502,1.2619898895943031,0.1753752879548177
VisualCogB_Task-1.mat,10,bandpass_mean,90,46,44,9.888021006339118,1.7787477841477617,0.7064632552448828,0.3704524729787993
VisualCogB_Task-1.mat,10,current_pipeline,90,46,44,9.888021006339118,1.2254401086960964,0.5829833337348248,0.4491190749346377
VisualCogB_Task-1.mat,11,raw_mean,90,44,46,9.888021006339118,6.761377426059801,-0.0021218116833159966,0.12254953429072502
VisualCogB_Task-1.mat,11,bandpass_mean,90,44,46,9.888021006339118,2.2933437302757755,0.6165130411216245,0.47817714414276147
VisualCogB_Task-1.mat,11,current_pipeline,90,44,46,9.888021006339118,1.8456322879290017,0.416133737059021,0.3776148977908522
VisualCogB_Task-1.mat,12,raw_mean,90,44,46,9.888021006339118,5.219462668891314,-0.8712089541017618,-0.2752477840931575
VisualCogB_Task-1.mat,12,bandpass_mean,90,44,46,9.888021006339118,2.4644227283270603,0.4428162697240857,0.32851247490816016
VisualCogB_Task-1.mat,12,current_pipeline,90,44,46,9.888021006339118,1.6602140195226318,0.943074369433965,0.6317392836642951
VisualCogB_Task-1.mat,13,raw_mean,90,45,45,9.888021006339118,7.523445845657255,-0.3400919564845712,-0.0029286926368468783
VisualCogB_Task-1.mat,13,bandpass_mean,90,45,45,9.888021006339118,2.228707772896807,0.9550303217786021,0.4007404030261175
VisualCogB_Task-1.mat,13,current_pipeline,90,45,45,9.888021006339118,1.8017326910362848,1.2678608870323365,0.5801447436787579
VisualCogB_Task-1.mat,14,raw_mean,90,46,44,9.888021006339118,3.0488791342809662,1.7196517576975965,0.5025279700159908
VisualCogB_Task-1.mat,14,bandpass_mean,90,46,44,9.888021006339118,1.5388964155486655,1.4188689526652272,0.7219210997221831
VisualCogB_Task-1.mat,14,current_pipeline,90,46,44,9.888021006339118,1.4911852894517064,1.7007542180330333,0.7960107577830625
VisualCogB_Task-1.mat,15,raw_mean,90,44,46,9.888021006339118,18.119591601902336,-3.1479389834873985,-0.1653581542114985
VisualCogB_Task-1.mat,15,bandpass_mean,90,44,46,9.888021006339118,2.435895191362572,-0.10127784490272568,0.003399967650409318
VisualCogB_Task-1.mat,15,current_pipeline,90,44,46,9.888021006339118,2.561834011621181,0.11949091224902923,0.13831823649183064
VisualCogB_Task-1.mat,16,raw_mean,90,46,44,9.888021006339118,13.835265545197,3.4622471702446234,0.23970502691631854
VisualCogB_Task-1.mat,16,bandpass_mean,90,46,44,9.888021006339118,1.6504793808894407,1.5420186471972093,0.8568404843938553
VisualCogB_Task-1.mat,16,current_pipeline,90,46,44,9.888021006339118,1.3560084422943983,0.9761646498996913,0.7629467083330316
VisualCogB_Task-1.mat,17,raw_mean,90,45,45,9.888021006339118,3.7932863116520776,1.280100745690664,0.3220060849072921
VisualCogB_Task-1.mat,17,bandpass_mean,90,45,45,9.888021006339118,2.9704786126753713,0.7482077911597433,0.44349539761104756
VisualCogB_Task-1.mat,17,current_pipeline,90,45,45,9.888021006339118,2.432918463067978,0.9368910058919644,0.5536261171959568
VisualCogB_Task-1.mat,18,raw_mean,90,45,45,9.888021006339118,9.769746145189977,0.8436082125930495,0.07409028681585925
VisualCogB_Task-1.mat,18,bandpass_mean,90,45,45,9.888021006339118,2.902412005953081,0.799143745858393,0.3590749480162804
VisualCogB_Task-1.mat,18,current_pipeline,90,45,45,9.888021006339118,2.0887042341639317,0.6365302167578102,0.39397723194513207
VisualCogB_Task-1.mat,19,raw_mean,90,47,43,9.888021006339118,7.054956738187698,1.6410583997826083,0.23696124293048185
VisualCogB_Task-1.mat,19,bandpass_mean,90,47,43,9.888021006339118,1.8042105820394292,0.9648913404128481,0.4872758237482151
VisualCogB_Task-1.mat,19,current_pipeline,90,47,43,9.888021006339118,1.8271071402983718,0.7934859090450302,0.41155434130218416
VisualCogB_Task-1.mat,20,raw_mean,90,45,45,9.888021006339118,10.728305902196345,0.6884247665012557,0.033900991344123645
VisualCogB_Task-1.mat,20,bandpass_mean,90,45,45,9.888021006339118,2.2213194801629896,0.5304843902619418,0.22947873074180258
VisualCogB_Task-1.mat,20,current_pipeline,90,45,45,9.888021006339118,1.9446054922864688,0.6439627078869818,0.3181788039165922
VisualCogB_Task-1.mat,21,raw_mean,90,45,45,9.888021006339118,3.6227152224177446,2.0246386635557445,0.5068860150474277
VisualCogB_Task-1.mat,21,bandpass_mean,90,45,45,9.888021006339118,4.06043411626062,2.0278865631003504,0.45565489583655017
VisualCogB_Task-1.mat,21,current_pipeline,90,45,45,9.888021006339118,3.1254526729337706,1.6327728717257355,0.467333716907885
VisualCogB_Task-1.mat,22,raw_mean,90,44,46,9.888021006339118,4.390199741738153,0.4098819154303185,0.07692193167899417
VisualCogB_Task-1.mat,22,bandpass_mean,90,44,46,9.888021006339118,1.4057062765716684,0.6768085867051341,0.44021924907437504
VisualCogB_Task-1.mat,22,current_pipeline,90,44,46,9.888021006339118,1.2103143315649363,0.9514519704091547,0.67025721971702
VisualCogB_Task-1.mat,23,raw_mean,90,45,45,9.888021006339118,6.483125183924566,-2.0591082246800676,-0.39917105653809754
VisualCogB_Task-1.mat,23,bandpass_mean,90,45,45,9.888021006339118,1.461276118309069,0.4962562172986741,0.36680798790881003
VisualCogB_Task-1.mat,23,current_pipeline,90,45,45,9.888021006339118,1.1760621007584748,1.112384058799508,0.6874360499981828
VisualCogB_Task-1.mat,24,raw_mean,90,46,44,9.888021006339118,10.340618940888662,1.8714436625321051,0.17151124589568503
VisualCogB_Task-1.mat,24,bandpass_mean,90,46,44,9.888021006339118,1.8771572636042169,1.1705479036066786,0.5280868200985432
VisualCogB_Task-1.mat,24,current_pipeline,90,46,44,9.888021006339118,1.0030418327851809,1.2079201759240572,0.7751636958546191
VisualCogB_Task-1.mat,25,raw_mean,90,44,46,9.888021006339118,12.089980765212568,3.981868651628507,0.32943712908824563
VisualCogB_Task-1.mat,25,bandpass_mean,90,44,46,9.888021006339118,1.504017055864684,1.3523425910668734,0.6799022448869565
VisualCogB_Task-1.mat,25,current_pipeline,90,44,46,9.888021006339118,1.6736424463534134,1.3848725807339757,0.6459991684027567
VisualCogB_Task-1.mat,26,raw_mean,90,46,44,9.888021006339118,6.460070666196814,0.4032395993596556,0.049992835466659766
VisualCogB_Task-1.mat,26,bandpass_mean,90,46,44,9.888021006339118,2.7820302967241726,1.3189539142113151,0.5037620424111512
VisualCogB_Task-1.mat,26,current_pipeline,90,46,44,9.888021006339118,2.365536621856081,1.1101546915738618,0.47861878356863213
VisualCogB_Task-1.mat,27,raw_mean,90,45,45,9.888021006339118,3.9821976712876626,0.25237291589789074,0.12703927424311964
VisualCogB_Task-1.mat,27,bandpass_mean,90,45,45,9.888021006339118,1.9968030884302326,0.8406681706654652,0.4515423802821828
VisualCogB_Task-1.mat,27,current_pipeline,90,45,45,9.888021006339118,1.7974110243682302,1.695559309209611,0.7287292276310393
VisualCogB_Task-1.mat,28,raw_mean,90,44,46,9.888021006339118,12.61810440959065,-3.213656005863916,-0.2978793992792653
VisualCogB_Task-1.mat,28,bandpass_mean,90,44,46,9.888021006339118,1.9675431966135999,-0.25319212279993225,-0.15779900113691703
VisualCogB_Task-1.mat,28,current_pipeline,90,44,46,9.888021006339118,2.005260162000038,0.00394967861327058,0.049835315546466495
VisualCogB_Task-1.mat,29,raw_mean,90,47,43,9.888021006339118,9.947524830924266,2.409499859803181,0.25730327924394386
VisualCogB_Task-1.mat,29,bandpass_mean,90,47,43,9.888021006339118,2.2443984423183205,0.839251818805595,0.35033410171076756
VisualCogB_Task-1.mat,29,current_pipeline,90,47,43,9.888021006339118,1.4021468911499781,1.3181432176048529,0.6980058390228715
VisualCogB_Task-1.mat,30,raw_mean,90,46,44,9.888021006339118,13.105738964604013,2.023375968795098,0.1397908535745463
VisualCogB_Task-1.mat,30,bandpass_mean,90,46,44,9.888021006339118,2.5973013921920862,1.007583299944359,0.36893459193037115
VisualCogB_Task-1.mat,30,current_pipeline,90,46,44,9.888021006339118,1.3704298340915777,0.9768387652447862,0.5794716446629607
VisualCogB_Task-1.mat,31,raw_mean,90,45,45,9.888021006339118,15.376782555996849,3.670098035208657,0.22724331230927938
VisualCogB_Task-1.mat,31,bandpass_mean,90,45,45,9.888021006339118,2.1880326247773234,1.3752015993966176,0.5620582792909825
VisualCogB_Task-1.mat,31,current_pipeline,90,45,45,9.888021006339118,1.6855095516531446,1.1749573696588462,0.5715859288212141
VisualCogB_Task-1.mat,32,raw_mean,90,46,44,9.888021006339118,7.549428257592469,-1.1303759468699945,-0.1423916980554972
VisualCogB_Task-1.mat,32,bandpass_mean,90,46,44,9.888021006339118,2.0525177989821857,0.11424998355745591,0.10073437921902077
VisualCogB_Task-1.mat,32,current_pipeline,90,46,44,9.888021006339118,1.3670726687060424,0.49606644242482023,0.3588601550918612
VisualCogB_Task-1.mat,33,raw_mean,90,46,44,9.888021006339118,6.633933446635083,0.17121447063236067,0.0026470626106937733
VisualCogB_Task-1.mat,33,bandpass_mean,90,46,44,9.888021006339118,2.9814159094198383,-0.3582104890496542,-0.11816848805270976
VisualCogB_Task-1.mat,33,current_pipeline,90,46,44,9.888021006339118,1.993050974547766,-0.25016676202073834,-0.1460714521427986
VisualCogB_Task-1.mat,34,raw_mean,90,44,46,9.888021006339118,7.260521968902662,1.3546336209021073,0.18125837560039898
VisualCogB_Task-1.mat,34,bandpass_mean,90,44,46,9.888021006339118,3.0032631297319305,1.1376617415503711,0.4298938848191647
VisualCogB_Task-1.mat,34,current_pipeline,90,44,46,9.888021006339118,1.9656199980745845,1.3724016370211545,0.6356752979114819
VisualCogB_Task-1.mat,35,raw_mean,90,44,46,9.888021006339118,11.761774020943104,4.111851679309922,0.4228161057996078
VisualCogB_Task-1.mat,35,bandpass_mean,90,44,46,9.888021006339118,1.8887806043721775,0.9259151394053242,0.451234041472815
VisualCogB_Task-1.mat,35,current_pipeline,90,44,46,9.888021006339118,1.7644920608053356,0.9784173088865314,0.5346909365957131
VisualCogB_Task-1.mat,36,raw_mean,90,45,45,9.888021006339118,18.38486231381461,0.15774057402411346,0.004912207424702421
VisualCogB_Task-1.mat,36,bandpass_mean,90,45,45,9.888021006339118,2.1171867357974765,1.112350532721323,0.5362172304501195
VisualCogB_Task-1.mat,36,current_pipeline,90,45,45,9.888021006339118,1.9256152489539298,0.6027890180950481,0.34636116339332085
VisualCogB_Task-1.mat,37,raw_mean,90,45,45,9.888021006339118,5.982836003035275,1.4605375183116167,0.23049710021255485
VisualCogB_Task-1.mat,37,bandpass_mean,90,45,45,9.888021006339118,2.670069016807086,1.5585642071024854,0.6558267940879825
VisualCogB_Task-1.mat,37,current_pipeline,90,45,45,9.888021006339118,2.288561738913008,1.3482469893144253,0.650898282973192
VisualCogB_Task-1.mat,38,raw_mean,90,44,46,9.888021006339118,5.236309301217577,1.01786536774724,0.3265455617216922
VisualCogB_Task-1.mat,38,bandpass_mean,90,44,46,9.888021006339118,1.652393722566818,1.3378451676456253,0.6361333220088957
VisualCogB_Task-1.mat,38,current_pipeline,90,44,46,9.888021006339118,1.492600168921886,1.4384568826041537,0.758191391937624
VisualCogB_Task-1.mat,39,raw_mean,90,45,45,9.888021006339118,14.087135396673919,-1.3999310582446947,-0.07779968789144436
VisualCogB_Task-1.mat,39,bandpass_mean,90,45,45,9.888021006339118,2.229161480860021,0.9627932490740819,0.4049107859156489
VisualCogB_Task-1.mat,39,current_pipeline,90,45,45,9.888021006339118,1.4122813488955184,0.6659566086715599,0.5215960900731785
VisualCogB_Task-1.mat,40,raw_mean,90,45,45,9.888021006339118,7.9246350390862625,3.757032206505746,0.6438152391896761
VisualCogB_Task-1.mat,40,bandpass_mean,90,45,45,9.888021006339118,3.0941189257555277,0.8382259344033609,0.36384441123850686
VisualCogB_Task-1.mat,40,current_pipeline,90,45,45,9.888021006339118,2.141697581651414,0.4651359438688709,0.3211631509334547
VisualCogB_Task-1.mat,41,raw_mean,90,46,44,9.888021006339118,4.100764104834668,2.8518896184241043,0.8349598769663965
VisualCogB_Task-1.mat,41,bandpass_mean,90,46,44,9.888021006339118,1.7469525314235237,1.9799050683142234,0.8103447550271237
VisualCogB_Task-1.mat,41,current_pipeline,90,46,44,9.888021006339118,1.6190302508693444,1.933996289818087,0.8303983420174648
VisualCogB_Task-1.mat,42,raw_mean,90,46,44,9.888021006339118,8.496506932659061,-0.03553564847050099,0.06486590195354684
VisualCogB_Task-1.mat,42,bandpass_mean,90,46,44,9.888021006339118,2.7127016883316912,0.6090608593857215,0.25402266208968854
VisualCogB_Task-1.mat,42,current_pipeline,90,46,44,9.888021006339118,1.900318679929098,0.6635899776833006,0.391491388356753
VisualCogB_Task-1.mat,43,raw_mean,90,45,45,9.888021006339118,5.745131739790071,1.4757002321337183,0.40685848824509213
VisualCogB_Task-1.mat,43,bandpass_mean,90,45,45,9.888021006339118,2.518014918642856,1.045778151172681,0.42594795968729116
VisualCogB_Task-1.mat,43,current_pipeline,90,45,45,9.888021006339118,1.797023023717819,1.3780129343499177,0.6246181846756544
VisualCogB_Task-1.mat,44,raw_mean,90,44,46,9.888021006339118,4.8970234018611185,0.7257427352165289,0.14042754372423172
VisualCogB_Task-1.mat,44,bandpass_mean,90,44,46,9.888021006339118,2.5001022844920535,0.968536752977146,0.37736594163221326
VisualCogB_Task-1.mat,44,current_pipeline,90,44,46,9.888021006339118,1.9136978198039294,1.1613598226655084,0.5963846123412659
VisualCogB_Task-1.mat,45,raw_mean,90,45,45,9.888021006339118,6.847175734280334,-0.36878851361894044,-0.058404504527752935
VisualCogB_Task-1.mat,45,bandpass_mean,90,45,45,9.888021006339118,2.0712721977223136,0.81419809305651,0.3653696615752525
VisualCogB_Task-1.mat,45,current_pipeline,90,45,45,9.888021006339118,1.3141094072714041,0.7982237719808919,0.5219617727326905
VisualCogB_Task-1.mat,46,raw_mean,90,43,47,9.888021006339118,3.7690802185592593,1.1821790435772206,0.40783403589324524
VisualCogB_Task-1.mat,46,bandpass_mean,90,43,47,9.888021006339118,2.2877606390452057,0.5053432129390442,0.23984190106673953
VisualCogB_Task-1.mat,46,current_pipeline,90,43,47,9.888021006339118,1.744999432009067,0.57605489214652,0.3218192368923267
VisualCogB_Task-1.mat,47,raw_mean,90,44,46,9.888021006339118,9.90528884141592,0.12949592769758397,0.024508528740468456
VisualCogB_Task-1.mat,47,bandpass_mean,90,44,46,9.888021006339118,1.7231385128898729,1.126764233044695,0.5470753699672763
VisualCogB_Task-1.mat,47,current_pipeline,90,44,46,9.888021006339118,1.2234908522722614,1.177893763543281,0.699124870600772
VisualCogB_Task-1.mat,48,raw_mean,90,45,45,9.888021006339118,11.4246946227884,1.9856523847416956,0.16797508639305753
VisualCogB_Task-1.mat,48,bandpass_mean,90,45,45,9.888021006339118,1.9982302416710118,0.3005289500584198,0.1533394012345279
VisualCogB_Task-1.mat,48,current_pipeline,90,45,45,9.888021006339118,1.6037099803998436,0.260793535079693,0.169260333102483
VisualCogB_Task-2.mat,1,raw_mean,89,44,45,11.492001195037073,2.6000761320228722,2.855500220776657,0.8761920733886301
VisualCogB_Task-2.mat,1,bandpass_mean,89,44,45,11.492001195037073,1.6172422745403359,1.589578421553081,0.7445178604360476
VisualCogB_Task-2.mat,1,current_pipeline,89,44,45,11.492001195037073,1.8696956384962953,1.5558062281141294,0.7249790842908795
VisualCogB_Task-2.mat,2,raw_mean,89,43,46,11.492001195037073,12.605846583086132,-3.8063479946268575,-0.4928819894274214
VisualCogB_Task-2.mat,2,bandpass_mean,89,43,46,11.492001195037073,4.574844047045543,-1.4371810325849566,-0.4517333503032802
VisualCogB_Task-2.mat,2,current_pipeline,89,43,46,11.492001195037073,4.202946876874692,-1.2860124235592874,-0.47532272249399343
VisualCogB_Task-2.mat,3,raw_mean,89,44,45,11.492001195037073,16.975138891366637,5.120113052739461,0.7346888235746606
VisualCogB_Task-2.mat,3,bandpass_mean,89,44,45,11.492001195037073,2.0777211451831996,0.692352477226283,0.4217408468304145
VisualCogB_Task-2.mat,3,current_pipeline,89,44,45,11.492001195037073,2.931156817400629,0.4452014758980436,0.2488973402409484
VisualCogB_Task-2.mat,4,raw_mean,89,44,45,11.492001195037073,4.438192321081459,1.2307942779549443,0.314094360835148
VisualCogB_Task-2.mat,4,bandpass_mean,89,44,45,11.492001195037073,3.045126539163269,1.3189982782680028,0.627826267266565
VisualCogB_Task-2.mat,4,current_pipeline,89,44,45,11.492001195037073,3.0960436990067928,1.137580536410961,0.5242282417862933
VisualCogB_Task-2.mat,5,raw_mean,89,44,45,11.492001195037073,7.577671979982037,-1.9202343686795278,-0.3959303237488127
VisualCogB_Task-2.mat,5,bandpass_mean,89,44,45,11.492001195037073,1.1011968190134336,0.6349991690826953,0.5211682432140243
VisualCogB_Task-2.mat,5,current_pipeline,89,44,45,11.492001195037073,1.2476068399257916,0.3484232153713844,0.3329939628991826
VisualCogB_Task-2.mat,6,raw_mean,89,46,43,11.492001195037073,8.233473248228174,-1.202903048362281,-0.3217467330535555
VisualCogB_Task-2.mat,6,bandpass_mean,89,46,43,11.492001195037073,1.9529882538829888,0.22293026012379172,0.12235310873919664
VisualCogB_Task-2.mat,6,current_pipeline,89,46,43,11.492001195037073,2.0665542028774992,0.13440660660355697,0.060080797265507545
VisualCogB_Task-2.mat,7,raw_mean,89,44,45,11.492001195037073,9.060523062442561,3.926058172824946,0.6415415728272046
VisualCogB_Task-2.mat,7,bandpass_mean,89,44,45,11.492001195037073,2.044900010430093,1.4008323249661396,0.8054454766011231
VisualCogB_Task-2.mat,7,current_pipeline,89,44,45,11.492001195037073,1.4630325238826576,1.1138793992397231,0.722604670673275
VisualCogB_Task-2.mat,8,raw_mean,89,46,43,11.492001195037073,1.6366498556013096,1.3984369463261546,0.6710562216737938
VisualCogB_Task-2.mat,8,bandpass_mean,89,46,43,11.492001195037073,1.4941906488650945,0.6170350104041914,0.6169981974748325
VisualCogB_Task-2.mat,8,current_pipeline,89,46,43,11.492001195037073,1.875530968179549,0.3395372740086936,0.4064021156819444
VisualCogB_Task-2.mat,9,raw_mean,89,46,43,11.492001195037073,8.95659628807897,0.09638249303696761,0.17858943973570687
VisualCogB_Task-2.mat,9,bandpass_mean,89,46,43,11.492001195037073,2.818179544812858,1.846957038814983,0.620326153716941
VisualCogB_Task-2.mat,9,current_pipeline,89,46,43,11.492001195037073,2.4549224174036945,1.8330963272797,0.6871838664904498
VisualCogB_Task-2.mat,10,raw_mean,89,44,45,11.492001195037073,6.714893986603209,3.4965391927269525,0.6255390678355165
VisualCogB_Task-2.mat,10,bandpass_mean,89,44,45,11.492001195037073,2.4894766406069544,1.312182194904233,0.6204957566875463
VisualCogB_Task-2.mat,10,current_pipeline,89,44,45,11.492001195037073,2.7162568457707534,1.161849333760965,0.5907452961629794
VisualCogB_Task-2.mat,11,raw_mean,89,47,42,11.492001195037073,3.9002757937990933,2.695916222464215,0.7997301050392149
VisualCogB_Task-2.mat,11,bandpass_mean,89,47,42,11.492001195037073,2.695313074212491,1.527016423398697,0.6732348836885335
VisualCogB_Task-2.mat,11,current_pipeline,89,47,42,11.492001195037073,2.5641653601497936,1.4391255373709149,0.7034181149167197
VisualCogB_Task-2.mat,12,raw_mean,89,43,46,11.492001195037073,6.3226208052945765,-0.9611677700119786,-0.15530587360734496
VisualCogB_Task-2.mat,12,bandpass_mean,89,43,46,11.492001195037073,3.4793380189431513,-1.1927299889655676,-0.5074856692747837
VisualCogB_Task-2.mat,12,current_pipeline,89,43,46,11.492001195037073,3.6210944570639314,-1.0845156447933344,-0.46172227370707414
VisualCogB_Task-2.mat,13,raw_mean,89,44,45,11.492001195037073,4.730086470521068,0.5569663070767893,0.14182623354822416
VisualCogB_Task-2.mat,13,bandpass_mean,89,44,45,11.492001195037073,1.7958396101556426,0.4632327175892129,0.2562129684530175
VisualCogB_Task-2.mat,13,current_pipeline,89,44,45,11.492001195037073,1.9415593557404147,0.7300215541464703,0.3508130065261357
VisualCogB_Task-2.mat,14,raw_mean,89,46,43,11.492001195037073,6.024727806458139,0.22931846475438972,0.08292722934403687
VisualCogB_Task-2.mat,14,bandpass_mean,89,46,43,11.492001195037073,3.234334956237516,0.30453488139748197,0.32862531851877286
VisualCogB_Task-2.mat,14,current_pipeline,89,46,43,11.492001195037073,3.0153767171562436,0.43386705547786936,0.43426715162222035
VisualCogB_Task-2.mat,15,raw_mean,89,44,45,11.492001195037073,18.622535249329342,5.979516632686097,0.7052569770078806
VisualCogB_Task-2.mat,15,bandpass_mean,89,44,45,11.492001195037073,3.0123071062853923,1.7269793436545022,0.6733850492595193
VisualCogB_Task-2.mat,15,current_pipeline,89,44,45,11.492001195037073,2.7527758639998,1.6960759584632767,0.6684682890741056
VisualCogB_Task-2.mat,16,raw_mean,89,46,43,11.492001195037073,7.223001239988554,0.7135419656996795,0.2869036149684352
VisualCogB_Task-2.mat,16,bandpass_mean,89,46,43,11.492001195037073,1.9855765217904398,0.654363480533249,0.49015938893145145
VisualCogB_Task-2.mat,16,current_pipeline,89,46,43,11.492001195037073,2.4059169435181884,0.11375121350327823,0.12596806984957543
VisualCogB_Task-2.mat,17,raw_mean,89,45,44,11.492001195037073,2.0396928254092477,1.2284654212315818,0.5234255305478995
VisualCogB_Task-2.mat,17,bandpass_mean,89,45,44,11.492001195037073,1.3991421696189503,0.7807696986817618,0.5254196711985465
VisualCogB_Task-2.mat,17,current_pipeline,89,45,44,11.492001195037073,1.701212187759014,0.872391080830394,0.4948685243213885
VisualCogB_Task-2.mat,18,raw_mean,89,44,45,11.492001195037073,4.755490653830656,3.9330412796017895,0.8297366134635568
VisualCogB_Task-2.mat,18,bandpass_mean,89,44,45,11.492001195037073,2.892164248046903,3.391349580383108,0.9033808224504707
VisualCogB_Task-2.mat,18,current_pipeline,89,44,45,11.492001195037073,3.1039998643612923,3.6964949411949526,0.9276739223228485
VisualCogB_Task-2.mat,19,raw_mean,89,46,43,11.492001195037073,4.814612878986497,2.4505860933183885,0.7960833392008773
VisualCogB_Task-2.mat,19,bandpass_mean,89,46,43,11.492001195037073,0.7078235084567985,0.8916838951886199,0.7913778318648663
VisualCogB_Task-2.mat,19,current_pipeline,89,46,43,11.492001195037073,0.8301952444948109,0.8722102967784697,0.7285923896323157
VisualCogB_Task-2.mat,20,raw_mean,89,44,45,11.492001195037073,13.353534118863159,6.207495882965781,0.7667173402333025
VisualCogB_Task-2.mat,20,bandpass_mean,89,44,45,11.492001195037073,4.799302885175581,3.479210071226258,0.6782567450655012
VisualCogB_Task-2.mat,20,current_pipeline,89,44,45,11.492001195037073,5.084242224996657,3.8204082198387765,0.6825070590434501
VisualCogB_Task-2.mat,21,raw_mean,89,44,45,11.492001195037073,4.268723347320897,-1.0280817024896187,-0.3917703972625114
VisualCogB_Task-2.mat,21,bandpass_mean,89,44,45,11.492001195037073,2.3093029033233137,-0.36169562113954984,-0.18291406147833528
VisualCogB_Task-2.mat,21,current_pipeline,89,44,45,11.492001195037073,1.9993032713719037,-0.10962214654187999,-0.04457067506795334
VisualCogB_Task-2.mat,22,raw_mean,89,43,46,11.492001195037073,3.8260507381689175,1.1665326332073978,0.5715260572137082
VisualCogB_Task-2.mat,22,bandpass_mean,89,43,46,11.492001195037073,1.338199856909814,1.0719151355941288,0.7800815907820934
VisualCogB_Task-2.mat,22,current_pipeline,89,43,46,11.492001195037073,1.5406869249505701,1.1779614240851033,0.7278410566140308
VisualCogB_Task-2.mat,23,raw_mean,89,45,44,11.492001195037073,10.809457413400185,-0.5305786847751077,0.02751635128648722
VisualCogB_Task-2.mat,23,bandpass_mean,89,45,44,11.492001195037073,2.6562581892025485,1.7870531402927143,0.6479984147877436
VisualCogB_Task-2.mat,23,current_pipeline,89,45,44,11.492001195037073,2.6391831668354713,1.668579389919711,0.5880025128566175
VisualCogB_Task-2.mat,24,raw_mean,89,42,47,11.492001195037073,14.844244261563231,4.775463296577655,0.5089453607495892
VisualCogB_Task-2.mat,24,bandpass_mean,89,42,47,11.492001195037073,3.276320637902949,1.7015202033205112,0.6705677077590224
VisualCogB_Task-2.mat,24,current_pipeline,89,42,47,11.492001195037073,2.5078099581955153,1.582271180173068,0.6550084387519447
VisualCogB_Task-2.mat,25,raw_mean,89,42,47,11.492001195037073,7.978719311354822,-0.2985563304719372,0.06983061741765914
VisualCogB_Task-2.mat,25,bandpass_mean,89,42,47,11.492001195037073,1.981854130956312,0.38400573468309457,0.189758004816166
VisualCogB_Task-2.mat,25,current_pipeline,89,42,47,11.492001195037073,2.4690742338210625,0.35950491912355614,0.13836900317689943
VisualCogB_Task-2.mat,26,raw_mean,89,44,45,11.492001195037073,2.1182419578264473,1.6079442051734862,0.6505526343102686
VisualCogB_Task-2.mat,26,bandpass_mean,89,44,45,11.492001195037073,1.9492770663680252,1.4906869171192372,0.6228986815262506
VisualCogB_Task-2.mat,26,current_pipeline,89,44,45,11.492001195037073,2.1629557220395097,1.547717633429742,0.5952810041234483
VisualCogB_Task-2.mat,27,raw_mean,89,45,44,11.492001195037073,9.44222364998446,0.6759641444237229,0.2667897634856341
VisualCogB_Task-2.mat,27,bandpass_mean,89,45,44,11.492001195037073,2.358219788390589,1.9401054103874305,0.6794452484092641
VisualCogB_Task-2.mat,27,current_pipeline,89,45,44,11.492001195037073,2.4615498851739845,2.042477289052179,0.6769550191107617
VisualCogB_Task-2.mat,28,raw_mean,89,43,46,11.492001195037073,16.449169467235073,6.830073605751431,0.6420608872435847
VisualCogB_Task-2.mat,28,bandpass_mean,89,43,46,11.492001195037073,3.3077189533172016,1.3160312074630938,0.6780761401061198
VisualCogB_Task-2.mat,28,current_pipeline,89,43,46,11.492001195037073,2.8475791360210474,1.6382409026009956,0.6975774079326652
VisualCogB_Task-2.mat,29,raw_mean,89,45,44,11.492001195037073,15.97352245260752,4.276877508590132,0.6497549010628026
VisualCogB_Task-2.mat,29,bandpass_mean,89,45,44,11.492001195037073,1.9385380653220359,-0.0920790507745722,-0.03428684479851311
VisualCogB_Task-2.mat,29,current_pipeline,89,45,44,11.492001195037073,2.179092851540671,0.021369106257545983,0.02808279069388572
VisualCogB_Task-2.mat,30,raw_mean,89,45,44,11.492001195037073,13.103908465843698,-0.5007280907329025,0.04984304810197472
VisualCogB_Task-2.mat,30,bandpass_mean,89,45,44,11.492001195037073,2.7475758423644465,2.1071906472600053,0.8158372187429097
VisualCogB_Task-2.mat,30,current_pipeline,89,45,44,11.492001195037073,1.9315329729408692,1.8389164597034935,0.8315226459125167
VisualCogB_Task-2.mat,31,raw_mean,89,46,43,11.492001195037073,2.6872682546408266,1.1950339602399762,0.5229274613482615
VisualCogB_Task-2.mat,31,bandpass_mean,89,46,43,11.492001195037073,2.8886212605719948,2.0399339243513523,0.6681088405065472
VisualCogB_Task-2.mat,31,current_pipeline,89,46,43,11.492001195037073,3.3715057315865637,2.258025962378184,0.7184286355064258
VisualCogB_Task-2.mat,32,raw_mean,89,44,45,11.492001195037073,16.914895935368456,5.61687155880741,0.7521237468341383
VisualCogB_Task-2.mat,32,bandpass_mean,89,44,45,11.492001195037073,2.2048215665525634,2.1199558685341664,0.8182739282829664
VisualCogB_Task-2.mat,32,current_pipeline,89,44,45,11.492001195037073,2.6111808421667395,2.090200118384467,0.7773476590522731
VisualCogB_Task-2.mat,33,raw_mean,89,43,46,11.492001195037073,13.629596977933362,6.865506893700869,0.6490848053460299
VisualCogB_Task-2.mat,33,bandpass_mean,89,43,46,11.492001195037073,3.9061621340176975,4.028343366767303,0.8810550261509418
VisualCogB_Task-2.mat,33,current_pipeline,89,43,46,11.492001195037073,4.475925027939996,4.2975265680484895,0.8839978127685865
VisualCogB_Task-2.mat,34,raw_mean,89,46,43,11.492001195037073,21.605731194552952,-3.268775733937116,-0.48914614926902933
VisualCogB_Task-2.mat,34,bandpass_mean,89,46,43,11.492001195037073,5.6193173072878615,0.20450107066184686,0.33592769795158733
VisualCogB_Task-2.mat,34,current_pipeline,89,46,43,11.492001195037073,4.7573850518368985,0.10489109119367945,0.27399107017585267
VisualCogB_Task-2.mat,35,raw_mean,89,44,45,11.492001195037073,14.919835008934387,4.589469633640671,0.83139014448188
VisualCogB_Task-2.mat,35,bandpass_mean,89,44,45,11.492001195037073,1.9209512648114262,0.88413247603804,0.41482887751460434
VisualCogB_Task-2.mat,35,current_pipeline,89,44,45,11.492001195037073,1.7935023549017526,1.212119659949942,0.5603864965259466
VisualCogB_Task-2.mat,36,raw_mean,89,43,46,11.492001195037073,5.0317339869359365,0.39559293883496427,0.10368899381841076
VisualCogB_Task-2.mat,36,bandpass_mean,89,43,46,11.492001195037073,1.736413678456637,0.8412747403540153,0.43450200677501655
VisualCogB_Task-2.mat,36,current_pipeline,89,43,46,11.492001195037073,1.7331955990464005,0.9667187808113102,0.4992820227923646
VisualCogB_Task-2.mat,37,raw_mean,89,43,46,11.492001195037073,12.337258238590858,-3.193978924849823,-0.5904525640036219
VisualCogB_Task-2.mat,37,bandpass_mean,89,43,46,11.492001195037073,1.983255408702663,0.2995387606343647,0.203697387462951
VisualCogB_Task-2.mat,37,current_pipeline,89,43,46,11.492001195037073,1.8797687266014755,0.5095640921282191,0.2983700034260588
VisualCogB_Task-2.mat,38,raw_mean,89,45,44,11.492001195037073,7.495324390423313,2.7100130986022766,0.5862975976716241
VisualCogB_Task-2.mat,38,bandpass_mean,89,45,44,11.492001195037073,3.7116356976143545,1.7349100313597585,0.6160467610992663
VisualCogB_Task-2.mat,38,current_pipeline,89,45,44,11.492001195037073,3.8369021656189206,1.8039946942097564,0.5654117192242972
VisualCogB_Task-2.mat,39,raw_mean,89,44,45,11.492001195037073,2.9825426094305656,-0.23506287795059588,-0.12071368841286947
VisualCogB_Task-2.mat,39,bandpass_mean,89,44,45,11.492001195037073,2.9065030935384155,0.04846283317837503,-0.07580778144636015
VisualCogB_Task-2.mat,39,current_pipeline,89,44,45,11.492001195037073,2.2949675789613555,0.2698520591307238,0.11917691697015954
VisualCogB_Task-2.mat,40,raw_mean,89,44,45,11.492001195037073,8.144212102719425,5.157293632167605,0.6959506453324695
VisualCogB_Task-2.mat,40,bandpass_mean,89,44,45,11.492001195037073,3.9407482453105365,2.87210741882472,0.6776870516356545
VisualCogB_Task-2.mat,40,current_pipeline,89,44,45,11.492001195037073,3.9686348188095604,3.0676755774423112,0.6851193835999638
VisualCogB_Task-2.mat,41,raw_mean,89,44,45,11.492001195037073,15.973005430968302,-0.3683080604655951,0.1117159832956887
VisualCogB_Task-2.mat,41,bandpass_mean,89,44,45,11.492001195037073,3.3988891650506785,1.7018308538200964,0.6920457492571547
VisualCogB_Task-2.mat,41,current_pipeline,89,44,45,11.492001195037073,3.1311399566624933,1.3445767720200972,0.6174318318192255
VisualCogB_Task-2.mat,42,raw_mean,89,45,44,11.492001195037073,14.038238603832983,-2.306864234699256,-0.20770904466050208
VisualCogB_Task-2.mat,42,bandpass_mean,89,45,44,11.492001195037073,3.1431850142036377,0.8769935660399404,0.6055668805287264
VisualCogB_Task-2.mat,42,current_pipeline,89,45,44,11.492001195037073,2.9865728963286684,1.0685578982448363,0.751495837284925
VisualCogB_Task-2.mat,43,raw_mean,89,44,45,11.492001195037073,4.770016498955071,2.213218067948566,0.5019594328734346
VisualCogB_Task-2.mat,43,bandpass_mean,89,44,45,11.492001195037073,1.9084022533951663,0.3264792109016424,0.3750914094582669
VisualCogB_Task-2.mat,43,current_pipeline,89,44,45,11.492001195037073,2.0639970178586404,0.17355655595381297,0.23993855225356675
VisualCogB_Task-2.mat,44,raw_mean,89,43,46,11.492001195037073,5.5206115832397975,1.1814385288973706,0.5763757353859217
VisualCogB_Task-2.mat,44,bandpass_mean,89,43,46,11.492001195037073,1.8514758717534767,1.8596209725257602,0.7575233714772136
VisualCogB_Task-2.mat,44,current_pipeline,89,43,46,11.492001195037073,1.6295891174875166,1.8752679656168103,0.8061498185977758
VisualCogB_Task-2.mat,45,raw_mean,89,44,45,11.492001195037073,4.758591591520038,1.4744379489993287,0.29099053936854047
VisualCogB_Task-2.mat,45,bandpass_mean,89,44,45,11.492001195037073,1.7254724066219007,0.18730128160090825,0.2713625403692059
VisualCogB_Task-2.mat,45,current_pipeline,89,44,45,11.492001195037073,2.110666373809068,0.5096601931089192,0.5724959245014885
VisualCogB_Task-2.mat,46,raw_mean,89,45,44,11.492001195037073,9.581355221770167,6.892959366865337,0.8425000424525942
VisualCogB_Task-2.mat,46,bandpass_mean,89,45,44,11.492001195037073,4.452581097412815,3.709373489428205,0.8506690801480554
VisualCogB_Task-2.mat,46,current_pipeline,89,45,44,11.492001195037073,4.069178215077611,3.6464584557255253,0.8533245404703467
VisualCogB_Task-2.mat,47,raw_mean,89,46,43,11.492001195037073,6.7119403542303475,-1.3759699087913215,-0.3798381264209414
VisualCogB_Task-2.mat,47,bandpass_mean,89,46,43,11.492001195037073,3.0120525557348143,0.4833674783522192,0.19243554886675168
VisualCogB_Task-2.mat,47,current_pipeline,89,46,43,11.492001195037073,3.2535755687438415,0.09863012250624627,-0.03853524549582487
VisualCogB_Task-2.mat,48,raw_mean,89,44,45,11.492001195037073,9.332681704068245,-2.1315395183978145,-0.2638735491903439
VisualCogB_Task-2.mat,48,bandpass_mean,89,44,45,11.492001195037073,4.602680264156928,-1.0235583773690513,-0.3162545710369877
VisualCogB_Task-2.mat,48,current_pipeline,89,44,45,11.492001195037073,3.8631189019821015,-0.8058191578250479,-0.2859538909032998
