file_name,subject,task,strategy,n_trials,direction,n_side
VisualCogA_Task-1.mat,A,Task-1,strict_rejection,85,L,43
VisualCogA_Task-1.mat,A,Task-1,strict_rejection,85,R,42
VisualCogA_Task-1.mat,A,Task-1,retain_repaired_saturation,98,L,52
VisualCogA_Task-1.mat,A,Task-1,retain_repaired_saturation,98,R,46
VisualCogA_Task-1.mat,A,Task-1,all_trials,100,L,54
VisualCogA_Task-1.mat,A,Task-1,all_trials,100,R,46
VisualCogA_Task-2.mat,A,Task-2,strict_rejection,92,L,52
VisualCogA_Task-2.mat,A,Task-2,strict_rejection,92,R,40
VisualCogA_Task-2.mat,A,Task-2,retain_repaired_saturation,100,L,57
VisualCogA_Task-2.mat,A,Task-2,retain_repaired_saturation,100,R,43
VisualCogA_Task-2.mat,A,Task-2,all_trials,100,L,57
VisualCogA_Task-2.mat,A,Task-2,all_trials,100,R,43
VisualCogB_Task-1.mat,B,Task-1,strict_rejection,90,L,43
VisualCogB_Task-1.mat,B,Task-1,strict_rejection,90,R,47
VisualCogB_Task-1.mat,B,Task-1,retain_repaired_saturation,99,L,47
VisualCogB_Task-1.mat,B,Task-1,retain_repaired_saturation,99,R,52
VisualCogB_Task-1.mat,B,Task-1,all_trials,100,L,48
VisualCogB_Task-1.mat,B,Task-1,all_trials,100,R,52
VisualCogB_Task-2.mat,B,Task-2,strict_rejection,89,L,42
VisualCogB_Task-2.mat,B,Task-2,strict_rejection,89,R,47
VisualCogB_Task-2.mat,B,Task-2,retain_repaired_saturation,100,L,50
VisualCogB_Task-2.mat,B,Task-2,retain_repaired_saturation,100,R,50
VisualCogB_Task-2.mat,B,Task-2,all_trials,100,L,50
VisualCogB_Task-2.mat,B,Task-2,all_trials,100,R,50
