task,subject,feature,n_left,n_right,hedges_g_R_minus_L
Task-1,A,time__Fz__early_250_500ms__mean,43,42,0.1155039
Task-1,A,time__Fz__early_250_500ms__std,43,42,0.21136838
Task-1,A,time__Fz__early_250_500ms__peak_to_peak,43,42,0.13454949
Task-1,A,time__Fz__early_250_500ms__area,43,42,0.11852764
Task-1,A,time__Fz__early_250_500ms__positive_peak,43,42,0.10292873
Task-1,A,time__Fz__early_250_500ms__positive_peak_latency_s,43,42,-0.0016610569
Task-1,A,time__Fz__early_250_500ms__negative_peak,43,42,0.003439246
Task-1,A,time__Fz__early_250_500ms__negative_peak_latency_s,43,42,0.21986365
Task-1,A,time__Fz__early_250_500ms__slope_per_s,43,42,0.17098126
Task-1,A,time__Fz__early_250_500ms__line_length_per_s,43,42,0.16465104
Task-1,A,time__F3__early_250_500ms__mean,43,42,-0.068447567
Task-1,A,time__F3__early_250_500ms__std,43,42,0.19998555
Task-1,A,time__F3__early_250_500ms__peak_to_peak,43,42,0.15249515
Task-1,A,time__F3__early_250_500ms__area,43,42,-0.067454035
Task-1,A,time__F3__early_250_500ms__positive_peak,43,42,-0.045323619
Task-1,A,time__F3__early_250_500ms__positive_peak_latency_s,43,42,0.058419952
Task-1,A,time__F3__early_250_500ms__negative_peak,43,42,-0.10983965
Task-1,A,time__F3__early_250_500ms__negative_peak_latency_s,43,42,-0.094866394
Task-1,A,time__F3__early_250_500ms__slope_per_s,43,42,0.076751797
Task-1,A,time__F3__early_250_500ms__line_length_per_s,43,42,0.14514375
Task-1,A,time__F4__early_250_500ms__mean,43,42,-0.090500189
Task-1,A,time__F4__early_250_500ms__std,43,42,0.28922315
Task-1,A,time__F4__early_250_500ms__peak_to_peak,43,42,0.25001966
Task-1,A,time__F4__early_250_500ms__area,43,42,-0.08984504
Task-1,A,time__F4__early_250_500ms__positive_peak,43,42,-0.061245587
Task-1,A,time__F4__early_250_500ms__positive_peak_latency_s,43,42,-0.029520839
Task-1,A,time__F4__early_250_500ms__negative_peak,43,42,-0.15136638
Task-1,A,time__F4__early_250_500ms__negative_peak_latency_s,43,42,-0.088558801
Task-1,A,time__F4__early_250_500ms__slope_per_s,43,42,-0.044696437
Task-1,A,time__F4__early_250_500ms__line_length_per_s,43,42,0.1851867
Task-1,A,laterality_time__F4_minus_F3__early_250_500ms__mean,43,42,-0.072058958
Task-1,A,laterality_time__F4_minus_F3__early_250_500ms__std,43,42,0.19675598
Task-1,A,laterality_time__F4_minus_F3__early_250_500ms__peak_to_peak,43,42,0.14911382
Task-1,A,laterality_time__F4_minus_F3__early_250_500ms__area,43,42,-0.072498226
Task-1,A,laterality_time__F4_minus_F3__early_250_500ms__positive_peak,43,42,-0.047029213
Task-1,A,laterality_time__F4_minus_F3__early_250_500ms__positive_peak_latency_s,43,42,-0.05471912
Task-1,A,laterality_time__F4_minus_F3__early_250_500ms__negative_peak,43,42,-0.14207598
Task-1,A,laterality_time__F4_minus_F3__early_250_500ms__negative_peak_latency_s,43,42,0.12371968
Task-1,A,laterality_time__F4_minus_F3__early_250_500ms__slope_per_s,43,42,-0.18418765
Task-1,A,laterality_time__F4_minus_F3__early_250_500ms__line_length_per_s,43,42,0.12674444
Task-1,A,time__Fz__late_550_900ms__mean,43,42,0.27844076
Task-1,A,time__Fz__late_550_900ms__std,43,42,0.30169863
Task-1,A,time__Fz__late_550_900ms__peak_to_peak,43,42,0.29364759
Task-1,A,time__Fz__late_550_900ms__area,43,42,0.27654946
Task-1,A,time__Fz__late_550_900ms__positive_peak,43,42,0.29409483
Task-1,A,time__Fz__late_550_900ms__positive_peak_latency_s,43,42,0.20250024
Task-1,A,time__Fz__late_550_900ms__negative_peak,43,42,0.0078072961
Task-1,A,time__Fz__late_550_900ms__negative_peak_latency_s,43,42,-0.29963308
Task-1,A,time__Fz__late_550_900ms__slope_per_s,43,42,0.38779821
Task-1,A,time__Fz__late_550_900ms__line_length_per_s,43,42,0.10538335
Task-1,A,time__F3__late_550_900ms__mean,43,42,0.0079848485
Task-1,A,time__F3__late_550_900ms__std,43,42,0.2978763
Task-1,A,time__F3__late_550_900ms__peak_to_peak,43,42,0.28712304
Task-1,A,time__F3__late_550_900ms__area,43,42,0.0081189173
Task-1,A,time__F3__late_550_900ms__positive_peak,43,42,0.15468023
Task-1,A,time__F3__late_550_900ms__positive_peak_latency_s,43,42,0.25551703
Task-1,A,time__F3__late_550_900ms__negative_peak,43,42,-0.069366976
Task-1,A,time__F3__late_550_900ms__negative_peak_latency_s,43,42,0.1769583
Task-1,A,time__F3__late_550_900ms__slope_per_s,43,42,0.29192097
Task-1,A,time__F3__late_550_900ms__line_length_per_s,43,42,0.11374657
Task-1,A,time__F4__late_550_900ms__mean,43,42,-0.07332123
Task-1,A,time__F4__late_550_900ms__std,43,42,0.24527499
Task-1,A,time__F4__late_550_900ms__peak_to_peak,43,42,0.19708395
Task-1,A,time__F4__late_550_900ms__area,43,42,-0.073408017
Task-1,A,time__F4__late_550_900ms__positive_peak,43,42,0.058712265
Task-1,A,time__F4__late_550_900ms__positive_peak_latency_s,43,42,0.19052784
Task-1,A,time__F4__late_550_900ms__negative_peak,43,42,-0.11032867
Task-1,A,time__F4__late_550_900ms__negative_peak_latency_s,43,42,0.12173081
Task-1,A,time__F4__late_550_900ms__slope_per_s,43,42,0.30405856
Task-1,A,time__F4__late_550_900ms__line_length_per_s,43,42,0.10030528
Task-1,A,laterality_time__F4_minus_F3__late_550_900ms__mean,43,42,-0.15820281
Task-1,A,laterality_time__F4_minus_F3__late_550_900ms__std,43,42,-0.23544081
Task-1,A,laterality_time__F4_minus_F3__late_550_900ms__peak_to_peak,43,42,-0.26219228
Task-1,A,laterality_time__F4_minus_F3__late_550_900ms__area,43,42,-0.15861125
Task-1,A,laterality_time__F4_minus_F3__late_550_900ms__positive_peak,43,42,-0.21024003
Task-1,A,laterality_time__F4_minus_F3__late_550_900ms__positive_peak_latency_s,43,42,-0.063019656
Task-1,A,laterality_time__F4_minus_F3__late_550_900ms__negative_peak,43,42,-0.060977082
Task-1,A,laterality_time__F4_minus_F3__late_550_900ms__negative_peak_latency_s,43,42,-0.015874664
Task-1,A,laterality_time__F4_minus_F3__late_550_900ms__slope_per_s,43,42,0.11597074
Task-1,A,laterality_time__F4_minus_F3__late_550_900ms__line_length_per_s,43,42,-0.15904951
Task-1,A,spectral__Fz__delta_1_4Hz__change_db,43,42,0.1681786
Task-1,A,spectral__Fz__delta_1_4Hz__response_relative,43,42,-0.035011712
Task-1,A,spectral__Fz__theta_4_8Hz__change_db,43,42,0.034301551
Task-1,A,spectral__Fz__theta_4_8Hz__response_relative,43,42,0.08637337
Task-1,A,spectral__Fz__alpha_8_13Hz__change_db,43,42,-0.24719125
Task-1,A,spectral__Fz__alpha_8_13Hz__response_relative,43,42,0.10431221
Task-1,A,spectral__Fz__beta_13_30Hz__change_db,43,42,-0.23293114
Task-1,A,spectral__Fz__beta_13_30Hz__response_relative,43,42,-0.15853151
Task-1,A,spectral__F3__delta_1_4Hz__change_db,43,42,-0.048578832
Task-1,A,spectral__F3__delta_1_4Hz__response_relative,43,42,0.041492678
Task-1,A,spectral__F3__theta_4_8Hz__change_db,43,42,-0.18175419
Task-1,A,spectral__F3__theta_4_8Hz__response_relative,43,42,0.09267305
Task-1,A,spectral__F3__alpha_8_13Hz__change_db,43,42,-0.23600598
Task-1,A,spectral__F3__alpha_8_13Hz__response_relative,43,42,-0.072322261
Task-1,A,spectral__F3__beta_13_30Hz__change_db,43,42,-0.11472373
Task-1,A,spectral__F3__beta_13_30Hz__response_relative,43,42,-0.12405951
Task-1,A,spectral__F4__delta_1_4Hz__change_db,43,42,0.047080688
Task-1,A,spectral__F4__delta_1_4Hz__response_relative,43,42,-0.183953
Task-1,A,spectral__F4__theta_4_8Hz__change_db,43,42,0.033184248
Task-1,A,spectral__F4__theta_4_8Hz__response_relative,43,42,0.15718198
Task-1,A,spectral__F4__alpha_8_13Hz__change_db,43,42,-0.30042082
Task-1,A,spectral__F4__alpha_8_13Hz__response_relative,43,42,0.26075319
Task-1,A,spectral__F4__beta_13_30Hz__change_db,43,42,-0.35836509
Task-1,A,spectral__F4__beta_13_30Hz__response_relative,43,42,-0.025998085
Task-1,A,laterality_spectral__F4_minus_F3__delta_1_4Hz__change_db,43,42,0.096441504
Task-1,A,laterality_spectral__F4_minus_F3__delta_1_4Hz__response_relative,43,42,-0.33984548
Task-1,A,laterality_spectral__F4_minus_F3__theta_4_8Hz__change_db,43,42,0.21812694
Task-1,A,laterality_spectral__F4_minus_F3__theta_4_8Hz__response_relative,43,42,0.071875736
Task-1,A,laterality_spectral__F4_minus_F3__alpha_8_13Hz__change_db,43,42,-0.0011700536
Task-1,A,laterality_spectral__F4_minus_F3__alpha_8_13Hz__response_relative,43,42,0.36756698
Task-1,A,laterality_spectral__F4_minus_F3__beta_13_30Hz__change_db,43,42,-0.26458318
Task-1,A,laterality_spectral__F4_minus_F3__beta_13_30Hz__response_relative,43,42,0.12242993
Task-1,A,coupling__Fz_F3__early_250_500ms__zero_lag_correlation,43,42,0.032810315
Task-1,A,coupling__Fz_F3__early_250_500ms__max_abs_cross_correlation,43,42,-0.042385151
Task-1,A,coupling__Fz_F3__early_250_500ms__lag_at_max_ms,43,42,-0.030447352
Task-1,A,coupling__Fz_F4__early_250_500ms__zero_lag_correlation,43,42,-0.029271026
Task-1,A,coupling__Fz_F4__early_250_500ms__max_abs_cross_correlation,43,42,-0.10971664
Task-1,A,coupling__Fz_F4__early_250_500ms__lag_at_max_ms,43,42,0.032277534
Task-1,A,coupling__F3_F4__early_250_500ms__zero_lag_correlation,43,42,0.14350149
Task-1,A,coupling__F3_F4__early_250_500ms__max_abs_cross_correlation,43,42,0.062316807
Task-1,A,coupling__F3_F4__early_250_500ms__lag_at_max_ms,43,42,0.34772973
Task-1,A,coupling__Fz_F3__late_550_900ms__zero_lag_correlation,43,42,0.33538912
Task-1,A,coupling__Fz_F3__late_550_900ms__max_abs_cross_correlation,43,42,0.10801111
Task-1,A,coupling__Fz_F3__late_550_900ms__lag_at_max_ms,43,42,0.091120548
Task-1,A,coupling__Fz_F4__late_550_900ms__zero_lag_correlation,43,42,0.30164453
Task-1,A,coupling__Fz_F4__late_550_900ms__max_abs_cross_correlation,43,42,0.35068158
Task-1,A,coupling__Fz_F4__late_550_900ms__lag_at_max_ms,43,42,0.20247114
Task-1,A,coupling__F3_F4__late_550_900ms__zero_lag_correlation,43,42,0.44934766
Task-1,A,coupling__F3_F4__late_550_900ms__max_abs_cross_correlation,43,42,0.23023389
Task-1,A,coupling__F3_F4__late_550_900ms__lag_at_max_ms,43,42,0.13702281
Task-1,A,coupling__Fz_F3__full_0_900ms__zero_lag_correlation,43,42,0.11035339
Task-1,A,coupling__Fz_F3__full_0_900ms__max_abs_cross_correlation,43,42,0.020669781
Task-1,A,coupling__Fz_F3__full_0_900ms__lag_at_max_ms,43,42,0.15667152
Task-1,A,coupling__Fz_F4__full_0_900ms__zero_lag_correlation,43,42,0.055203745
Task-1,A,coupling__Fz_F4__full_0_900ms__max_abs_cross_correlation,43,42,-0.029127346
Task-1,A,coupling__Fz_F4__full_0_900ms__lag_at_max_ms,43,42,-0.28303356
Task-1,A,coupling__F3_F4__full_0_900ms__zero_lag_correlation,43,42,0.32538227
Task-1,A,coupling__F3_F4__full_0_900ms__max_abs_cross_correlation,43,42,0.32962932
Task-1,A,coupling__F3_F4__full_0_900ms__lag_at_max_ms,43,42,-0.31253344
Task-1,B,time__Fz__early_250_500ms__mean,43,47,0.010251275
Task-1,B,time__Fz__early_250_500ms__std,43,47,0.081222844
Task-1,B,time__Fz__early_250_500ms__peak_to_peak,43,47,0.13417049
Task-1,B,time__Fz__early_250_500ms__area,43,47,0.0099215579
Task-1,B,time__Fz__early_250_500ms__positive_peak,43,47,0.015958172
Task-1,B,time__Fz__early_250_500ms__positive_peak_latency_s,43,47,-0.38926788
Task-1,B,time__Fz__early_250_500ms__negative_peak,43,47,-0.052481081
Task-1,B,time__Fz__early_250_500ms__negative_peak_latency_s,43,47,0.33112177
Task-1,B,time__Fz__early_250_500ms__slope_per_s,43,47,-0.31420971
Task-1,B,time__Fz__early_250_500ms__line_length_per_s,43,47,0.23343238
Task-1,B,time__F3__early_250_500ms__mean,43,47,0.17280065
Task-1,B,time__F3__early_250_500ms__std,43,47,-0.14898137
Task-1,B,time__F3__early_250_500ms__peak_to_peak,43,47,-0.20020106
Task-1,B,time__F3__early_250_500ms__area,43,47,0.17215044
Task-1,B,time__F3__early_250_500ms__positive_peak,43,47,0.13582034
Task-1,B,time__F3__early_250_500ms__positive_peak_latency_s,43,47,0.07872488
Task-1,B,time__F3__early_250_500ms__negative_peak,43,47,0.19865573
Task-1,B,time__F3__early_250_500ms__negative_peak_latency_s,43,47,-0.011149889
Task-1,B,time__F3__early_250_500ms__slope_per_s,43,47,-0.023133724
Task-1,B,time__F3__early_250_500ms__line_length_per_s,43,47,0.11317065
Task-1,B,time__F4__early_250_500ms__mean,43,47,-0.14286165
Task-1,B,time__F4__early_250_500ms__std,43,47,-0.11216131
Task-1,B,time__F4__early_250_500ms__peak_to_peak,43,47,-0.1313645
Task-1,B,time__F4__early_250_500ms__area,43,47,-0.14308247
Task-1,B,time__F4__early_250_500ms__positive_peak,43,47,-0.17828811
Task-1,B,time__F4__early_250_500ms__positive_peak_latency_s,43,47,-0.12445517
Task-1,B,time__F4__early_250_500ms__negative_peak,43,47,-0.094122132
Task-1,B,time__F4__early_250_500ms__negative_peak_latency_s,43,47,0.40828111
Task-1,B,time__F4__early_250_500ms__slope_per_s,43,47,-0.1994266
Task-1,B,time__F4__early_250_500ms__line_length_per_s,43,47,0.14437002
Task-1,B,laterality_time__F4_minus_F3__early_250_500ms__mean,43,47,-0.34915594
Task-1,B,laterality_time__F4_minus_F3__early_250_500ms__std,43,47,-0.070806024
Task-1,B,laterality_time__F4_minus_F3__early_250_500ms__peak_to_peak,43,47,-0.10756638
Task-1,B,laterality_time__F4_minus_F3__early_250_500ms__area,43,47,-0.34853868
Task-1,B,laterality_time__F4_minus_F3__early_250_500ms__positive_peak,43,47,-0.36305712
Task-1,B,laterality_time__F4_minus_F3__early_250_500ms__positive_peak_latency_s,43,47,-0.1967315
Task-1,B,laterality_time__F4_minus_F3__early_250_500ms__negative_peak,43,47,-0.33981068
Task-1,B,laterality_time__F4_minus_F3__early_250_500ms__negative_peak_latency_s,43,47,0.10909705
Task-1,B,laterality_time__F4_minus_F3__early_250_500ms__slope_per_s,43,47,-0.22788642
Task-1,B,laterality_time__F4_minus_F3__early_250_500ms__line_length_per_s,43,47,-0.097638722
Task-1,B,time__Fz__late_550_900ms__mean,43,47,-0.046521272
Task-1,B,time__Fz__late_550_900ms__std,43,47,-0.17400311
Task-1,B,time__Fz__late_550_900ms__peak_to_peak,43,47,-0.1453738
Task-1,B,time__Fz__late_550_900ms__area,43,47,-0.045269042
Task-1,B,time__Fz__late_550_900ms__positive_peak,43,47,-0.10051002
Task-1,B,time__Fz__late_550_900ms__positive_peak_latency_s,43,47,0.2371983
Task-1,B,time__Fz__late_550_900ms__negative_peak,43,47,0.019168204
Task-1,B,time__Fz__late_550_900ms__negative_peak_latency_s,43,47,-0.31434381
Task-1,B,time__Fz__late_550_900ms__slope_per_s,43,47,0.085527422
Task-1,B,time__Fz__late_550_900ms__line_length_per_s,43,47,-0.26004746
Task-1,B,time__F3__late_550_900ms__mean,43,47,0.19285165
Task-1,B,time__F3__late_550_900ms__std,43,47,-0.24258583
Task-1,B,time__F3__late_550_900ms__peak_to_peak,43,47,-0.25106981
Task-1,B,time__F3__late_550_900ms__area,43,47,0.19346696
Task-1,B,time__F3__late_550_900ms__positive_peak,43,47,0.059067933
Task-1,B,time__F3__late_550_900ms__positive_peak_latency_s,43,47,0.020167219
Task-1,B,time__F3__late_550_900ms__negative_peak,43,47,0.25862397
Task-1,B,time__F3__late_550_900ms__negative_peak_latency_s,43,47,-0.17778442
Task-1,B,time__F3__late_550_900ms__slope_per_s,43,47,-0.0094541788
Task-1,B,time__F3__late_550_900ms__line_length_per_s,43,47,-0.30878478
Task-1,B,time__F4__late_550_900ms__mean,43,47,-0.012811095
Task-1,B,time__F4__late_550_900ms__std,43,47,0.097090862
Task-1,B,time__F4__late_550_900ms__peak_to_peak,43,47,0.071483794
Task-1,B,time__F4__late_550_900ms__area,43,47,-0.011440284
Task-1,B,time__F4__late_550_900ms__positive_peak,43,47,0.00011097315
Task-1,B,time__F4__late_550_900ms__positive_peak_latency_s,43,47,0.14951389
Task-1,B,time__F4__late_550_900ms__negative_peak,43,47,-0.0588817
Task-1,B,time__F4__late_550_900ms__negative_peak_latency_s,43,47,-0.31500521
Task-1,B,time__F4__late_550_900ms__slope_per_s,43,47,0.21952517
Task-1,B,time__F4__late_550_900ms__line_length_per_s,43,47,-0.16588399
Task-1,B,laterality_time__F4_minus_F3__late_550_900ms__mean,43,47,-0.22266751
Task-1,B,laterality_time__F4_minus_F3__late_550_900ms__std,43,47,-0.15430993
Task-1,B,laterality_time__F4_minus_F3__late_550_900ms__peak_to_peak,43,47,-0.27143575
Task-1,B,laterality_time__F4_minus_F3__late_550_900ms__area,43,47,-0.22186654
Task-1,B,laterality_time__F4_minus_F3__late_550_900ms__positive_peak,43,47,-0.31029022
Task-1,B,laterality_time__F4_minus_F3__late_550_900ms__positive_peak_latency_s,43,47,-0.043490625
Task-1,B,laterality_time__F4_minus_F3__late_550_900ms__negative_peak,43,47,-0.17123765
Task-1,B,laterality_time__F4_minus_F3__late_550_900ms__negative_peak_latency_s,43,47,-0.27852342
Task-1,B,laterality_time__F4_minus_F3__late_550_900ms__slope_per_s,43,47,0.40859504
Task-1,B,laterality_time__F4_minus_F3__late_550_900ms__line_length_per_s,43,47,-0.32907232
Task-1,B,spectral__Fz__delta_1_4Hz__change_db,43,47,0.16307898
Task-1,B,spectral__Fz__delta_1_4Hz__response_relative,43,47,-0.12624583
Task-1,B,spectral__Fz__theta_4_8Hz__change_db,43,47,-0.14180224
Task-1,B,spectral__Fz__theta_4_8Hz__response_relative,43,47,0.035803726
Task-1,B,spectral__Fz__alpha_8_13Hz__change_db,43,47,-0.30952563
Task-1,B,spectral__Fz__alpha_8_13Hz__response_relative,43,47,-0.058537785
Task-1,B,spectral__Fz__beta_13_30Hz__change_db,43,47,0.080260079
Task-1,B,spectral__Fz__beta_13_30Hz__response_relative,43,47,0.2951968
Task-1,B,spectral__F3__delta_1_4Hz__change_db,43,47,-0.028651803
Task-1,B,spectral__F3__delta_1_4Hz__response_relative,43,47,-0.33475194
Task-1,B,spectral__F3__theta_4_8Hz__change_db,43,47,-0.08085596
Task-1,B,spectral__F3__theta_4_8Hz__response_relative,43,47,0.12140109
Task-1,B,spectral__F3__alpha_8_13Hz__change_db,43,47,-0.33342432
Task-1,B,spectral__F3__alpha_8_13Hz__response_relative,43,47,0.24439808
Task-1,B,spectral__F3__beta_13_30Hz__change_db,43,47,0.40686942
Task-1,B,spectral__F3__beta_13_30Hz__response_relative,43,47,0.31783308
Task-1,B,spectral__F4__delta_1_4Hz__change_db,43,47,-0.11985048
Task-1,B,spectral__F4__delta_1_4Hz__response_relative,43,47,-0.0089965209
Task-1,B,spectral__F4__theta_4_8Hz__change_db,43,47,-0.01461399
Task-1,B,spectral__F4__theta_4_8Hz__response_relative,43,47,-0.043325628
Task-1,B,spectral__F4__alpha_8_13Hz__change_db,43,47,-0.26773501
Task-1,B,spectral__F4__alpha_8_13Hz__response_relative,43,47,-0.1184375
Task-1,B,spectral__F4__beta_13_30Hz__change_db,43,47,-0.014605862
Task-1,B,spectral__F4__beta_13_30Hz__response_relative,43,47,0.18113697
Task-1,B,laterality_spectral__F4_minus_F3__delta_1_4Hz__change_db,43,47,-0.10646557
Task-1,B,laterality_spectral__F4_minus_F3__delta_1_4Hz__response_relative,43,47,0.43080887
Task-1,B,laterality_spectral__F4_minus_F3__theta_4_8Hz__change_db,43,47,0.099508743
Task-1,B,laterality_spectral__F4_minus_F3__theta_4_8Hz__response_relative,43,47,-0.21901945
Task-1,B,laterality_spectral__F4_minus_F3__alpha_8_13Hz__change_db,43,47,0.096674079
Task-1,B,laterality_spectral__F4_minus_F3__alpha_8_13Hz__response_relative,43,47,-0.38848141
Task-1,B,laterality_spectral__F4_minus_F3__beta_13_30Hz__change_db,43,47,-0.39531223
Task-1,B,laterality_spectral__F4_minus_F3__beta_13_30Hz__response_relative,43,47,-0.15782687
Task-1,B,coupling__Fz_F3__early_250_500ms__zero_lag_correlation,43,47,0.14280686
Task-1,B,coupling__Fz_F3__early_250_500ms__max_abs_cross_correlation,43,47,0.090092329
Task-1,B,coupling__Fz_F3__early_250_500ms__lag_at_max_ms,43,47,-0.061166958
Task-1,B,coupling__Fz_F4__early_250_500ms__zero_lag_correlation,43,47,0.24817784
Task-1,B,coupling__Fz_F4__early_250_500ms__max_abs_cross_correlation,43,47,0.2011191
Task-1,B,coupling__Fz_F4__early_250_500ms__lag_at_max_ms,43,47,-0.19966098
Task-1,B,coupling__F3_F4__early_250_500ms__zero_lag_correlation,43,47,-0.12095651
Task-1,B,coupling__F3_F4__early_250_500ms__max_abs_cross_correlation,43,47,-0.16699517
Task-1,B,coupling__F3_F4__early_250_500ms__lag_at_max_ms,43,47,-0.20754225
Task-1,B,coupling__Fz_F3__late_550_900ms__zero_lag_correlation,43,47,0.2155723
Task-1,B,coupling__Fz_F3__late_550_900ms__max_abs_cross_correlation,43,47,0.25813888
Task-1,B,coupling__Fz_F3__late_550_900ms__lag_at_max_ms,43,47,0.016637461
Task-1,B,coupling__Fz_F4__late_550_900ms__zero_lag_correlation,43,47,0.021031204
Task-1,B,coupling__Fz_F4__late_550_900ms__max_abs_cross_correlation,43,47,0.08379878
Task-1,B,coupling__Fz_F4__late_550_900ms__lag_at_max_ms,43,47,-0.22905117
Task-1,B,coupling__F3_F4__late_550_900ms__zero_lag_correlation,43,47,0.056047117
Task-1,B,coupling__F3_F4__late_550_900ms__max_abs_cross_correlation,43,47,0.049211239
Task-1,B,coupling__F3_F4__late_550_900ms__lag_at_max_ms,43,47,-0.17006432
Task-1,B,coupling__Fz_F3__full_0_900ms__zero_lag_correlation,43,47,0.17158196
Task-1,B,coupling__Fz_F3__full_0_900ms__max_abs_cross_correlation,43,47,0.036326181
Task-1,B,coupling__Fz_F3__full_0_900ms__lag_at_max_ms,43,47,0.16210622
Task-1,B,coupling__Fz_F4__full_0_900ms__zero_lag_correlation,43,47,0.33266371
Task-1,B,coupling__Fz_F4__full_0_900ms__max_abs_cross_correlation,43,47,0.29982014
Task-1,B,coupling__Fz_F4__full_0_900ms__lag_at_max_ms,43,47,-0.03011341
Task-1,B,coupling__F3_F4__full_0_900ms__zero_lag_correlation,43,47,0.2629559
Task-1,B,coupling__F3_F4__full_0_900ms__max_abs_cross_correlation,43,47,0.26113039
Task-1,B,coupling__F3_F4__full_0_900ms__lag_at_max_ms,43,47,0.0032411973
Task-2,A,time__Fz__early_250_500ms__mean,52,40,0.19316004
Task-2,A,time__Fz__early_250_500ms__std,52,40,0.11297096
Task-2,A,time__Fz__early_250_500ms__peak_to_peak,52,40,0.038409482
Task-2,A,time__Fz__early_250_500ms__area,52,40,0.19304756
Task-2,A,time__Fz__early_250_500ms__positive_peak,52,40,0.18966702
Task-2,A,time__Fz__early_250_500ms__positive_peak_latency_s,52,40,-0.34109861
Task-2,A,time__Fz__early_250_500ms__negative_peak,52,40,0.20522557
Task-2,A,time__Fz__early_250_500ms__negative_peak_latency_s,52,40,0.18700216
Task-2,A,time__Fz__early_250_500ms__slope_per_s,52,40,-0.289558
Task-2,A,time__Fz__early_250_500ms__line_length_per_s,52,40,-0.004517953
Task-2,A,time__F3__early_250_500ms__mean,52,40,0.18387933
Task-2,A,time__F3__early_250_500ms__std,52,40,0.027519949
Task-2,A,time__F3__early_250_500ms__peak_to_peak,52,40,-0.032854434
Task-2,A,time__F3__early_250_500ms__area,52,40,0.18367885
Task-2,A,time__F3__early_250_500ms__positive_peak,52,40,0.18284075
Task-2,A,time__F3__early_250_500ms__positive_peak_latency_s,52,40,-0.010399897
Task-2,A,time__F3__early_250_500ms__negative_peak,52,40,0.21532096
Task-2,A,time__F3__early_250_500ms__negative_peak_latency_s,52,40,0.010699564
Task-2,A,time__F3__early_250_500ms__slope_per_s,52,40,-0.082031943
Task-2,A,time__F3__early_250_500ms__line_length_per_s,52,40,-0.13531743
Task-2,A,time__F4__early_250_500ms__mean,52,40,0.077801964
Task-2,A,time__F4__early_250_500ms__std,52,40,0.06847875
Task-2,A,time__F4__early_250_500ms__peak_to_peak,52,40,0.034413863
Task-2,A,time__F4__early_250_500ms__area,52,40,0.077915246
Task-2,A,time__F4__early_250_500ms__positive_peak,52,40,0.100596
Task-2,A,time__F4__early_250_500ms__positive_peak_latency_s,52,40,-0.082753143
Task-2,A,time__F4__early_250_500ms__negative_peak,52,40,0.096176349
Task-2,A,time__F4__early_250_500ms__negative_peak_latency_s,52,40,0.033286879
Task-2,A,time__F4__early_250_500ms__slope_per_s,52,40,-0.052600522
Task-2,A,time__F4__early_250_500ms__line_length_per_s,52,40,0.04106982
Task-2,A,laterality_time__F4_minus_F3__early_250_500ms__mean,52,40,-0.2516488
Task-2,A,laterality_time__F4_minus_F3__early_250_500ms__std,52,40,-0.11245242
Task-2,A,laterality_time__F4_minus_F3__early_250_500ms__peak_to_peak,52,40,-0.20068717
Task-2,A,laterality_time__F4_minus_F3__early_250_500ms__area,52,40,-0.25102503
Task-2,A,laterality_time__F4_minus_F3__early_250_500ms__positive_peak,52,40,-0.30407362
Task-2,A,laterality_time__F4_minus_F3__early_250_500ms__positive_peak_latency_s,52,40,0.010187983
Task-2,A,laterality_time__F4_minus_F3__early_250_500ms__negative_peak,52,40,-0.22533717
Task-2,A,laterality_time__F4_minus_F3__early_250_500ms__negative_peak_latency_s,52,40,-0.11231713
Task-2,A,laterality_time__F4_minus_F3__early_250_500ms__slope_per_s,52,40,0.077724363
Task-2,A,laterality_time__F4_minus_F3__early_250_500ms__line_length_per_s,52,40,-0.44669516
Task-2,A,time__Fz__late_550_900ms__mean,52,40,0.091403263
Task-2,A,time__Fz__late_550_900ms__std,52,40,0.065066957
Task-2,A,time__Fz__late_550_900ms__peak_to_peak,52,40,0.15189667
Task-2,A,time__Fz__late_550_900ms__area,52,40,0.092175625
Task-2,A,time__Fz__late_550_900ms__positive_peak,52,40,0.071495175
Task-2,A,time__Fz__late_550_900ms__positive_peak_latency_s,52,40,0.30864833
Task-2,A,time__Fz__late_550_900ms__negative_peak,52,40,-0.077923823
Task-2,A,time__Fz__late_550_900ms__negative_peak_latency_s,52,40,0.064326077
Task-2,A,time__Fz__late_550_900ms__slope_per_s,52,40,0.073866931
Task-2,A,time__Fz__late_550_900ms__line_length_per_s,52,40,0.095736254
Task-2,A,time__F3__late_550_900ms__mean,52,40,0.12076772
Task-2,A,time__F3__late_550_900ms__std,52,40,-0.23474563
Task-2,A,time__F3__late_550_900ms__peak_to_peak,52,40,-0.15178006
Task-2,A,time__F3__late_550_900ms__area,52,40,0.12092102
Task-2,A,time__F3__late_550_900ms__positive_peak,52,40,0.034180308
Task-2,A,time__F3__late_550_900ms__positive_peak_latency_s,52,40,0.030452488
Task-2,A,time__F3__late_550_900ms__negative_peak,52,40,0.13306351
Task-2,A,time__F3__late_550_900ms__negative_peak_latency_s,52,40,-0.14023801
Task-2,A,time__F3__late_550_900ms__slope_per_s,52,40,0.0063903666
Task-2,A,time__F3__late_550_900ms__line_length_per_s,52,40,-0.04408548
Task-2,A,time__F4__late_550_900ms__mean,52,40,0.089016861
Task-2,A,time__F4__late_550_900ms__std,52,40,0.10750338
Task-2,A,time__F4__late_550_900ms__peak_to_peak,52,40,0.16691528
Task-2,A,time__F4__late_550_900ms__area,52,40,0.089792361
Task-2,A,time__F4__late_550_900ms__positive_peak,52,40,0.073865764
Task-2,A,time__F4__late_550_900ms__positive_peak_latency_s,52,40,0.17237809
Task-2,A,time__F4__late_550_900ms__negative_peak,52,40,-0.07233298
Task-2,A,time__F4__late_550_900ms__negative_peak_latency_s,52,40,-0.037832881
Task-2,A,time__F4__late_550_900ms__slope_per_s,52,40,0.078637665
Task-2,A,time__F4__late_550_900ms__line_length_per_s,52,40,0.11435201
Task-2,A,laterality_time__F4_minus_F3__late_550_900ms__mean,52,40,-0.085963024
Task-2,A,laterality_time__F4_minus_F3__late_550_900ms__std,52,40,0.0319084
Task-2,A,laterality_time__F4_minus_F3__late_550_900ms__peak_to_peak,52,40,-0.038843837
Task-2,A,laterality_time__F4_minus_F3__late_550_900ms__area,52,40,-0.084766377
Task-2,A,laterality_time__F4_minus_F3__late_550_900ms__positive_peak,52,40,-0.11040511
Task-2,A,laterality_time__F4_minus_F3__late_550_900ms__positive_peak_latency_s,52,40,0.030723733
Task-2,A,laterality_time__F4_minus_F3__late_550_900ms__negative_peak,52,40,-0.099728566
Task-2,A,laterality_time__F4_minus_F3__late_550_900ms__negative_peak_latency_s,52,40,-0.24571439
Task-2,A,laterality_time__F4_minus_F3__late_550_900ms__slope_per_s,52,40,0.13583667
Task-2,A,laterality_time__F4_minus_F3__late_550_900ms__line_length_per_s,52,40,-0.158038
Task-2,A,spectral__Fz__delta_1_4Hz__change_db,52,40,0.095810274
Task-2,A,spectral__Fz__delta_1_4Hz__response_relative,52,40,-0.021348167
Task-2,A,spectral__Fz__theta_4_8Hz__change_db,52,40,0.24720589
Task-2,A,spectral__Fz__theta_4_8Hz__response_relative,52,40,-0.018800602
Task-2,A,spectral__Fz__alpha_8_13Hz__change_db,52,40,0.39875068
Task-2,A,spectral__Fz__alpha_8_13Hz__response_relative,52,40,0.14482542
Task-2,A,spectral__Fz__beta_13_30Hz__change_db,52,40,-0.085483531
Task-2,A,spectral__Fz__beta_13_30Hz__response_relative,52,40,-0.068085557
Task-2,A,spectral__F3__delta_1_4Hz__change_db,52,40,0.37482451
Task-2,A,spectral__F3__delta_1_4Hz__response_relative,52,40,0.14872999
Task-2,A,spectral__F3__theta_4_8Hz__change_db,52,40,0.40592364
Task-2,A,spectral__F3__theta_4_8Hz__response_relative,52,40,-0.080947354
Task-2,A,spectral__F3__alpha_8_13Hz__change_db,52,40,0.37343152
Task-2,A,spectral__F3__alpha_8_13Hz__response_relative,52,40,-0.080559033
Task-2,A,spectral__F3__beta_13_30Hz__change_db,52,40,0.024804897
Task-2,A,spectral__F3__beta_13_30Hz__response_relative,52,40,-0.21949363
Task-2,A,spectral__F4__delta_1_4Hz__change_db,52,40,0.18938508
Task-2,A,spectral__F4__delta_1_4Hz__response_relative,52,40,0.1611664
Task-2,A,spectral__F4__theta_4_8Hz__change_db,52,40,0.25867574
Task-2,A,spectral__F4__theta_4_8Hz__response_relative,52,40,-0.075520914
Task-2,A,spectral__F4__alpha_8_13Hz__change_db,52,40,0.52072257
Task-2,A,spectral__F4__alpha_8_13Hz__response_relative,52,40,-0.10277393
Task-2,A,spectral__F4__beta_13_30Hz__change_db,52,40,-0.13273153
Task-2,A,spectral__F4__beta_13_30Hz__response_relative,52,40,-0.15068033
Task-2,A,laterality_spectral__F4_minus_F3__delta_1_4Hz__change_db,52,40,-0.23768494
Task-2,A,laterality_spectral__F4_minus_F3__delta_1_4Hz__response_relative,52,40,0.040787058
Task-2,A,laterality_spectral__F4_minus_F3__theta_4_8Hz__change_db,52,40,-0.24574233
Task-2,A,laterality_spectral__F4_minus_F3__theta_4_8Hz__response_relative,52,40,0.012299245
Task-2,A,laterality_spectral__F4_minus_F3__alpha_8_13Hz__change_db,52,40,0.12067182
Task-2,A,laterality_spectral__F4_minus_F3__alpha_8_13Hz__response_relative,52,40,-0.046635451
Task-2,A,laterality_spectral__F4_minus_F3__beta_13_30Hz__change_db,52,40,-0.14522889
Task-2,A,laterality_spectral__F4_minus_F3__beta_13_30Hz__response_relative,52,40,0.030443635
Task-2,A,coupling__Fz_F3__early_250_500ms__zero_lag_correlation,52,40,-0.23839572
Task-2,A,coupling__Fz_F3__early_250_500ms__max_abs_cross_correlation,52,40,-0.16542871
Task-2,A,coupling__Fz_F3__early_250_500ms__lag_at_max_ms,52,40,-0.43318764
Task-2,A,coupling__Fz_F4__early_250_500ms__zero_lag_correlation,52,40,0.020250995
Task-2,A,coupling__Fz_F4__early_250_500ms__max_abs_cross_correlation,52,40,0.068191435
Task-2,A,coupling__Fz_F4__early_250_500ms__lag_at_max_ms,52,40,-0.25138257
Task-2,A,coupling__F3_F4__early_250_500ms__zero_lag_correlation,52,40,0.030048349
Task-2,A,coupling__F3_F4__early_250_500ms__max_abs_cross_correlation,52,40,0.11861516
Task-2,A,coupling__F3_F4__early_250_500ms__lag_at_max_ms,52,40,0.35020927
Task-2,A,coupling__Fz_F3__late_550_900ms__zero_lag_correlation,52,40,0.15500346
Task-2,A,coupling__Fz_F3__late_550_900ms__max_abs_cross_correlation,52,40,0.17508449
Task-2,A,coupling__Fz_F3__late_550_900ms__lag_at_max_ms,52,40,0.37846025
Task-2,A,coupling__Fz_F4__late_550_900ms__zero_lag_correlation,52,40,0.14186816
Task-2,A,coupling__Fz_F4__late_550_900ms__max_abs_cross_correlation,52,40,0.1279477
Task-2,A,coupling__Fz_F4__late_550_900ms__lag_at_max_ms,52,40,-0.1826796
Task-2,A,coupling__F3_F4__late_550_900ms__zero_lag_correlation,52,40,0.19848129
Task-2,A,coupling__F3_F4__late_550_900ms__max_abs_cross_correlation,52,40,0.096077826
Task-2,A,coupling__F3_F4__late_550_900ms__lag_at_max_ms,52,40,0.035640234
Task-2,A,coupling__Fz_F3__full_0_900ms__zero_lag_correlation,52,40,0.22950282
Task-2,A,coupling__Fz_F3__full_0_900ms__max_abs_cross_correlation,52,40,0.22092294
Task-2,A,coupling__Fz_F3__full_0_900ms__lag_at_max_ms,52,40,-0.13709211
Task-2,A,coupling__Fz_F4__full_0_900ms__zero_lag_correlation,52,40,0.15032586
Task-2,A,coupling__Fz_F4__full_0_900ms__max_abs_cross_correlation,52,40,0.15592206
Task-2,A,coupling__Fz_F4__full_0_900ms__lag_at_max_ms,52,40,-0.23194
Task-2,A,coupling__F3_F4__full_0_900ms__zero_lag_correlation,52,40,0.45663363
Task-2,A,coupling__F3_F4__full_0_900ms__max_abs_cross_correlation,52,40,0.42679504
Task-2,A,coupling__F3_F4__full_0_900ms__lag_at_max_ms,52,40,0.18847627
Task-2,B,time__Fz__early_250_500ms__mean,42,47,0.062848479
Task-2,B,time__Fz__early_250_500ms__std,42,47,-0.48618309
Task-2,B,time__Fz__early_250_500ms__peak_to_peak,42,47,-0.53177952
Task-2,B,time__Fz__early_250_500ms__area,42,47,0.064275609
Task-2,B,time__Fz__early_250_500ms__positive_peak,42,47,-0.14569288
Task-2,B,time__Fz__early_250_500ms__positive_peak_latency_s,42,47,0.052850511
Task-2,B,time__Fz__early_250_500ms__negative_peak,42,47,0.19524077
Task-2,B,time__Fz__early_250_500ms__negative_peak_latency_s,42,47,-0.07164862
Task-2,B,time__Fz__early_250_500ms__slope_per_s,42,47,0.13179876
Task-2,B,time__Fz__early_250_500ms__line_length_per_s,42,47,-0.27164913
Task-2,B,time__F3__early_250_500ms__mean,42,47,0.14614232
Task-2,B,time__F3__early_250_500ms__std,42,47,-0.35147329
Task-2,B,time__F3__early_250_500ms__peak_to_peak,42,47,-0.37544254
Task-2,B,time__F3__early_250_500ms__area,42,47,0.14689646
Task-2,B,time__F3__early_250_500ms__positive_peak,42,47,0.027061171
Task-2,B,time__F3__early_250_500ms__positive_peak_latency_s,42,47,0.19407462
Task-2,B,time__F3__early_250_500ms__negative_peak,42,47,0.20463642
Task-2,B,time__F3__early_250_500ms__negative_peak_latency_s,42,47,-0.16213284
Task-2,B,time__F3__early_250_500ms__slope_per_s,42,47,0.16684279
Task-2,B,time__F3__early_250_500ms__line_length_per_s,42,47,-0.3660448
Task-2,B,time__F4__early_250_500ms__mean,42,47,0.19468362
Task-2,B,time__F4__early_250_500ms__std,42,47,-0.48310221
Task-2,B,time__F4__early_250_500ms__peak_to_peak,42,47,-0.51150261
Task-2,B,time__F4__early_250_500ms__area,42,47,0.19522293
Task-2,B,time__F4__early_250_500ms__positive_peak,42,47,0.045443728
Task-2,B,time__F4__early_250_500ms__positive_peak_latency_s,42,47,0.24092865
Task-2,B,time__F4__early_250_500ms__negative_peak,42,47,0.28426052
Task-2,B,time__F4__early_250_500ms__negative_peak_latency_s,42,47,-0.2286896
Task-2,B,time__F4__early_250_500ms__slope_per_s,42,47,0.29068387
Task-2,B,time__F4__early_250_500ms__line_length_per_s,42,47,-0.27905044
Task-2,B,laterality_time__F4_minus_F3__early_250_500ms__mean,42,47,0.085155593
Task-2,B,laterality_time__F4_minus_F3__early_250_500ms__std,42,47,0.089354994
Task-2,B,laterality_time__F4_minus_F3__early_250_500ms__peak_to_peak,42,47,0.073226811
Task-2,B,laterality_time__F4_minus_F3__early_250_500ms__area,42,47,0.08495282
Task-2,B,laterality_time__F4_minus_F3__early_250_500ms__positive_peak,42,47,0.10665503
Task-2,B,laterality_time__F4_minus_F3__early_250_500ms__positive_peak_latency_s,42,47,0.096987642
Task-2,B,laterality_time__F4_minus_F3__early_250_500ms__negative_peak,42,47,0.079978098
Task-2,B,laterality_time__F4_minus_F3__early_250_500ms__negative_peak_latency_s,42,47,-0.28101575
Task-2,B,laterality_time__F4_minus_F3__early_250_500ms__slope_per_s,42,47,0.20740678
Task-2,B,laterality_time__F4_minus_F3__early_250_500ms__line_length_per_s,42,47,0.24350426
Task-2,B,time__Fz__late_550_900ms__mean,42,47,0.11665553
Task-2,B,time__Fz__late_550_900ms__std,42,47,0.2671162
Task-2,B,time__Fz__late_550_900ms__peak_to_peak,42,47,0.20963867
Task-2,B,time__Fz__late_550_900ms__area,42,47,0.11837224
Task-2,B,time__Fz__late_550_900ms__positive_peak,42,47,0.16672432
Task-2,B,time__Fz__late_550_900ms__positive_peak_latency_s,42,47,-0.025850032
Task-2,B,time__Fz__late_550_900ms__negative_peak,42,47,-0.036517686
Task-2,B,time__Fz__late_550_900ms__negative_peak_latency_s,42,47,-0.21741162
Task-2,B,time__Fz__late_550_900ms__slope_per_s,42,47,0.1982183
Task-2,B,time__Fz__late_550_900ms__line_length_per_s,42,47,0.1679449
Task-2,B,time__F3__late_550_900ms__mean,42,47,0.32458375
Task-2,B,time__F3__late_550_900ms__std,42,47,0.29052581
Task-2,B,time__F3__late_550_900ms__peak_to_peak,42,47,0.25327987
Task-2,B,time__F3__late_550_900ms__area,42,47,0.32553585
Task-2,B,time__F3__late_550_900ms__positive_peak,42,47,0.34357818
Task-2,B,time__F3__late_550_900ms__positive_peak_latency_s,42,47,0.27368243
Task-2,B,time__F3__late_550_900ms__negative_peak,42,47,0.21072956
Task-2,B,time__F3__late_550_900ms__negative_peak_latency_s,42,47,-0.08647832
Task-2,B,time__F3__late_550_900ms__slope_per_s,42,47,0.30913909
Task-2,B,time__F3__late_550_900ms__line_length_per_s,42,47,-0.011766136
Task-2,B,time__F4__late_550_900ms__mean,42,47,0.35204942
Task-2,B,time__F4__late_550_900ms__std,42,47,0.32574279
Task-2,B,time__F4__late_550_900ms__peak_to_peak,42,47,0.29378435
Task-2,B,time__F4__late_550_900ms__area,42,47,0.35314864
Task-2,B,time__F4__late_550_900ms__positive_peak,42,47,0.40495045
Task-2,B,time__F4__late_550_900ms__positive_peak_latency_s,42,47,0.0026240941
Task-2,B,time__F4__late_550_900ms__negative_peak,42,47,0.17972891
Task-2,B,time__F4__late_550_900ms__negative_peak_latency_s,42,47,-0.15643398
Task-2,B,time__F4__late_550_900ms__slope_per_s,42,47,0.20726792
Task-2,B,time__F4__late_550_900ms__line_length_per_s,42,47,0.23346287
Task-2,B,laterality_time__F4_minus_F3__late_550_900ms__mean,42,47,0.044854642
Task-2,B,laterality_time__F4_minus_F3__late_550_900ms__std,42,47,0.023697601
Task-2,B,laterality_time__F4_minus_F3__late_550_900ms__peak_to_peak,42,47,0.045667024
Task-2,B,laterality_time__F4_minus_F3__late_550_900ms__area,42,47,0.045296997
Task-2,B,laterality_time__F4_minus_F3__late_550_900ms__positive_peak,42,47,0.037979156
Task-2,B,laterality_time__F4_minus_F3__late_550_900ms__positive_peak_latency_s,42,47,0.22523781
Task-2,B,laterality_time__F4_minus_F3__late_550_900ms__negative_peak,42,47,-0.0012977126
Task-2,B,laterality_time__F4_minus_F3__late_550_900ms__negative_peak_latency_s,42,47,0.00046304155
Task-2,B,laterality_time__F4_minus_F3__late_550_900ms__slope_per_s,42,47,0.016891513
Task-2,B,laterality_time__F4_minus_F3__late_550_900ms__line_length_per_s,42,47,-0.24988619
Task-2,B,spectral__Fz__delta_1_4Hz__change_db,42,47,-0.13102048
Task-2,B,spectral__Fz__delta_1_4Hz__response_relative,42,47,-0.13879073
Task-2,B,spectral__Fz__theta_4_8Hz__change_db,42,47,-0.12958414
Task-2,B,spectral__Fz__theta_4_8Hz__response_relative,42,47,-0.27862885
Task-2,B,spectral__Fz__alpha_8_13Hz__change_db,42,47,0.18528337
Task-2,B,spectral__Fz__alpha_8_13Hz__response_relative,42,47,0.39080336
Task-2,B,spectral__Fz__beta_13_30Hz__change_db,42,47,0.06652545
Task-2,B,spectral__Fz__beta_13_30Hz__response_relative,42,47,0.4365683
Task-2,B,spectral__F3__delta_1_4Hz__change_db,42,47,-0.25136482
Task-2,B,spectral__F3__delta_1_4Hz__response_relative,42,47,0.24488853
Task-2,B,spectral__F3__theta_4_8Hz__change_db,42,47,-0.055863559
Task-2,B,spectral__F3__theta_4_8Hz__response_relative,42,47,-0.43372597
Task-2,B,spectral__F3__alpha_8_13Hz__change_db,42,47,-0.03750319
Task-2,B,spectral__F3__alpha_8_13Hz__response_relative,42,47,0.18398474
Task-2,B,spectral__F3__beta_13_30Hz__change_db,42,47,0.038359483
Task-2,B,spectral__F3__beta_13_30Hz__response_relative,42,47,0.43084215
Task-2,B,spectral__F4__delta_1_4Hz__change_db,42,47,-0.10019588
Task-2,B,spectral__F4__delta_1_4Hz__response_relative,42,47,0.076055167
Task-2,B,spectral__F4__theta_4_8Hz__change_db,42,47,-0.32258276
Task-2,B,spectral__F4__theta_4_8Hz__response_relative,42,47,-0.42417208
Task-2,B,spectral__F4__alpha_8_13Hz__change_db,42,47,0.071189618
Task-2,B,spectral__F4__alpha_8_13Hz__response_relative,42,47,0.32269636
Task-2,B,spectral__F4__beta_13_30Hz__change_db,42,47,0.18100618
Task-2,B,spectral__F4__beta_13_30Hz__response_relative,42,47,0.57580099
Task-2,B,laterality_spectral__F4_minus_F3__delta_1_4Hz__change_db,42,47,0.18178799
Task-2,B,laterality_spectral__F4_minus_F3__delta_1_4Hz__response_relative,42,47,-0.20864598
Task-2,B,laterality_spectral__F4_minus_F3__theta_4_8Hz__change_db,42,47,-0.39604812
Task-2,B,laterality_spectral__F4_minus_F3__theta_4_8Hz__response_relative,42,47,0.12982065
Task-2,B,laterality_spectral__F4_minus_F3__alpha_8_13Hz__change_db,42,47,0.10217605
Task-2,B,laterality_spectral__F4_minus_F3__alpha_8_13Hz__response_relative,42,47,0.18867985
Task-2,B,laterality_spectral__F4_minus_F3__beta_13_30Hz__change_db,42,47,0.138203
Task-2,B,laterality_spectral__F4_minus_F3__beta_13_30Hz__response_relative,42,47,0.29996171
Task-2,B,coupling__Fz_F3__early_250_500ms__zero_lag_correlation,42,47,-0.6329262
Task-2,B,coupling__Fz_F3__early_250_500ms__max_abs_cross_correlation,42,47,-0.44612733
Task-2,B,coupling__Fz_F3__early_250_500ms__lag_at_max_ms,42,47,-0.034084558
Task-2,B,coupling__Fz_F4__early_250_500ms__zero_lag_correlation,42,47,-0.40657634
Task-2,B,coupling__Fz_F4__early_250_500ms__max_abs_cross_correlation,42,47,-0.28931669
Task-2,B,coupling__Fz_F4__early_250_500ms__lag_at_max_ms,42,47,0.10780317
Task-2,B,coupling__F3_F4__early_250_500ms__zero_lag_correlation,42,47,-0.48806286
Task-2,B,coupling__F3_F4__early_250_500ms__max_abs_cross_correlation,42,47,-0.38518025
Task-2,B,coupling__F3_F4__early_250_500ms__lag_at_max_ms,42,47,-0.14910871
Task-2,B,coupling__Fz_F3__late_550_900ms__zero_lag_correlation,42,47,0.16296735
Task-2,B,coupling__Fz_F3__late_550_900ms__max_abs_cross_correlation,42,47,0.29550423
Task-2,B,coupling__Fz_F3__late_550_900ms__lag_at_max_ms,42,47,0.00078514582
Task-2,B,coupling__Fz_F4__late_550_900ms__zero_lag_correlation,42,47,0.34438075
Task-2,B,coupling__Fz_F4__late_550_900ms__max_abs_cross_correlation,42,47,0.32456446
Task-2,B,coupling__Fz_F4__late_550_900ms__lag_at_max_ms,42,47,-0.23754285
Task-2,B,coupling__F3_F4__late_550_900ms__zero_lag_correlation,42,47,0.41670296
Task-2,B,coupling__F3_F4__late_550_900ms__max_abs_cross_correlation,42,47,0.40540128
Task-2,B,coupling__F3_F4__late_550_900ms__lag_at_max_ms,42,47,0.16046384
Task-2,B,coupling__Fz_F3__full_0_900ms__zero_lag_correlation,42,47,0.090465804
Task-2,B,coupling__Fz_F3__full_0_900ms__max_abs_cross_correlation,42,47,-0.0066967145
Task-2,B,coupling__Fz_F3__full_0_900ms__lag_at_max_ms,42,47,-0.18350616
Task-2,B,coupling__Fz_F4__full_0_900ms__zero_lag_correlation,42,47,0.10202256
Task-2,B,coupling__Fz_F4__full_0_900ms__max_abs_cross_correlation,42,47,0.10967769
Task-2,B,coupling__Fz_F4__full_0_900ms__lag_at_max_ms,42,47,0.28823592
Task-2,B,coupling__F3_F4__full_0_900ms__zero_lag_correlation,42,47,0.19424479
Task-2,B,coupling__F3_F4__full_0_900ms__max_abs_cross_correlation,42,47,0.074775119
Task-2,B,coupling__F3_F4__full_0_900ms__lag_at_max_ms,42,47,0.32891096
