scope,feature_group,train_subject,test_subject,feature,standardized_coefficient,absolute_coefficient
Task-1,time_only,A,B,time__F4__early_250_500ms__std,0.05008636,0.05008636
Task-1,time_only,A,B,time__Fz__late_550_900ms__slope_per_s,0.043444821,0.043444821
Task-1,time_only,A,B,time__Fz__late_550_900ms__negative_peak_latency_s,-0.038048137,0.038048137
Task-1,time_only,A,B,time__F4__late_550_900ms__slope_per_s,0.030218489,0.030218489
Task-1,time_only,A,B,time__Fz__late_550_900ms__positive_peak,0.025845125,0.025845125
Task-1,time_only,A,B,time__F3__late_550_900ms__slope_per_s,0.024963124,0.024963124
Task-1,time_only,A,B,time__Fz__late_550_900ms__std,0.024902594,0.024902594
Task-1,time_only,A,B,time__Fz__late_550_900ms__peak_to_peak,0.023148354,0.023148354
Task-1,time_only,A,B,time__F3__late_550_900ms__std,0.02253039,0.02253039
Task-1,time_only,A,B,time__F3__late_550_900ms__peak_to_peak,0.021103259,0.021103259
Task-1,time_only,B,A,time__F4__early_250_500ms__negative_peak_latency_s,0.2826094,0.2826094
Task-1,time_only,B,A,time__F4__late_550_900ms__negative_peak_latency_s,-0.25791933,0.25791933
Task-1,time_only,B,A,time__Fz__early_250_500ms__positive_peak_latency_s,-0.24488004,0.24488004
Task-1,time_only,B,A,laterality_time__F4_minus_F3__late_550_900ms__line_length_per_s,-0.23100996,0.23100996
Task-1,time_only,B,A,laterality_time__F4_minus_F3__late_550_900ms__slope_per_s,0.19513745,0.19513745
Task-1,time_only,B,A,time__Fz__early_250_500ms__negative_peak_latency_s,0.17363146,0.17363146
Task-1,time_only,B,A,laterality_time__F4_minus_F3__early_250_500ms__positive_peak,-0.074405379,0.074405379
Task-1,time_only,B,A,laterality_time__F4_minus_F3__early_250_500ms__negative_peak,-0.03954039,0.03954039
Task-1,time_only,B,A,laterality_time__F4_minus_F3__early_250_500ms__mean,-0.023498873,0.023498873
Task-1,time_only,B,A,laterality_time__F4_minus_F3__early_250_500ms__area,-0.021655933,0.021655933
Task-1,time_plus_spectral,A,B,time__F3__late_550_900ms__peak_to_peak,1.1253461,1.1253461
Task-1,time_plus_spectral,A,B,time__Fz__late_550_900ms__positive_peak,-1.0376527,1.0376527
Task-1,time_plus_spectral,A,B,time__F3__late_550_900ms__slope_per_s,-0.97985992,0.97985992
Task-1,time_plus_spectral,A,B,spectral__F4__alpha_8_13Hz__change_db,-0.91446971,0.91446971
Task-1,time_plus_spectral,A,B,time__Fz__late_550_900ms__slope_per_s,0.90270269,0.90270269
Task-1,time_plus_spectral,A,B,time__F4__early_250_500ms__std,0.77875465,0.77875465
Task-1,time_plus_spectral,A,B,spectral__F4__alpha_8_13Hz__response_relative,0.62643962,0.62643962
Task-1,time_plus_spectral,A,B,time__F3__late_550_900ms__positive_peak_latency_s,0.56811296,0.56811296
Task-1,time_plus_spectral,A,B,time__Fz__late_550_900ms__mean,0.51613611,0.51613611
Task-1,time_plus_spectral,A,B,laterality_spectral__F4_minus_F3__delta_1_4Hz__response_relative,-0.51220828,0.51220828
Task-1,time_plus_spectral,A,B,laterality_spectral__F4_minus_F3__beta_13_30Hz__change_db,-0.39624942,0.39624942
Task-1,time_plus_spectral,A,B,time__Fz__late_550_900ms__peak_to_peak,-0.37463849,0.37463849
Task-1,time_plus_spectral,A,B,laterality_time__F4_minus_F3__late_550_900ms__peak_to_peak,-0.35666917,0.35666917
Task-1,time_plus_spectral,A,B,time__Fz__late_550_900ms__area,0.28630641,0.28630641
Task-1,time_plus_spectral,A,B,spectral__F3__alpha_8_13Hz__change_db,0.25349715,0.25349715
Task-1,time_plus_spectral,A,B,time__F4__late_550_900ms__std,-0.23129474,0.23129474
Task-1,time_plus_spectral,A,B,time__Fz__late_550_900ms__negative_peak_latency_s,-0.21170267,0.21170267
Task-1,time_plus_spectral,A,B,spectral__Fz__beta_13_30Hz__change_db,-0.18187475,0.18187475
Task-1,time_plus_spectral,A,B,time__F3__late_550_900ms__std,0.17186068,0.17186068
Task-1,time_plus_spectral,A,B,time__Fz__early_250_500ms__std,0.14507729,0.14507729
Task-1,time_plus_spectral,A,B,time__F4__early_250_500ms__peak_to_peak,-0.10862278,0.10862278
Task-1,time_plus_spectral,A,B,time__Fz__late_550_900ms__std,0.091215583,0.091215583
Task-1,time_plus_spectral,A,B,laterality_time__F4_minus_F3__late_550_900ms__std,-0.086096971,0.086096971
Task-1,time_plus_spectral,A,B,laterality_spectral__F4_minus_F3__alpha_8_13Hz__response_relative,-0.085634848,0.085634848
Task-1,time_plus_spectral,A,B,laterality_time__F4_minus_F3__late_550_900ms__positive_peak,-0.07751694,0.07751694
Task-1,time_plus_spectral,A,B,time__F4__late_550_900ms__slope_per_s,0.053692566,0.053692566
Task-1,time_plus_spectral,A,B,laterality_spectral__F4_minus_F3__theta_4_8Hz__change_db,-0.04308444,0.04308444
Task-1,time_plus_spectral,A,B,spectral__Fz__alpha_8_13Hz__change_db,0.030590465,0.030590465
Task-1,time_plus_spectral,A,B,time__Fz__early_250_500ms__negative_peak_latency_s,-0.029536784,0.029536784
Task-1,time_plus_spectral,A,B,spectral__F4__beta_13_30Hz__change_db,-0.0012152599,0.0012152599
Task-1,time_plus_spectral,B,A,time__F4__early_250_500ms__negative_peak_latency_s,0.32155882,0.32155882
Task-1,time_plus_spectral,B,A,laterality_spectral__F4_minus_F3__alpha_8_13Hz__response_relative,-0.27876939,0.27876939
Task-1,time_plus_spectral,B,A,time__Fz__early_250_500ms__positive_peak_latency_s,-0.25799955,0.25799955
Task-1,time_plus_spectral,B,A,laterality_spectral__F4_minus_F3__beta_13_30Hz__change_db,-0.24855006,0.24855006
Task-1,time_plus_spectral,B,A,time__F4__late_550_900ms__negative_peak_latency_s,-0.24156914,0.24156914
Task-1,time_plus_spectral,B,A,spectral__F3__beta_13_30Hz__change_db,0.2192541,0.2192541
Task-1,time_plus_spectral,B,A,spectral__F3__alpha_8_13Hz__change_db,-0.20295223,0.20295223
Task-1,time_plus_spectral,B,A,laterality_time__F4_minus_F3__late_550_900ms__slope_per_s,0.18584037,0.18584037
Task-1,time_plus_spectral,B,A,laterality_time__F4_minus_F3__late_550_900ms__line_length_per_s,-0.1822164,0.1822164
Task-1,time_plus_spectral,B,A,laterality_spectral__F4_minus_F3__delta_1_4Hz__response_relative,0.15220641,0.15220641
Task-1,time_plus_spectral,B,A,spectral__F3__delta_1_4Hz__response_relative,-0.13573128,0.13573128
Task-1,time_plus_spectral,B,A,time__Fz__late_550_900ms__negative_peak_latency_s,-0.10739838,0.10739838
Task-1,time_plus_spectral,B,A,time__Fz__early_250_500ms__negative_peak_latency_s,0.10467897,0.10467897
Task-1,time_plus_spectral,B,A,spectral__F3__beta_13_30Hz__response_relative,0.10242034,0.10242034
Task-1,time_plus_spectral,B,A,laterality_time__F4_minus_F3__early_250_500ms__positive_peak,-0.057140327,0.057140327
Task-1,time_plus_spectral,B,A,laterality_time__F4_minus_F3__early_250_500ms__negative_peak,-0.054493971,0.054493971
Task-1,time_plus_spectral,B,A,laterality_time__F4_minus_F3__late_550_900ms__positive_peak,-0.041486186,0.041486186
Task-1,time_plus_spectral,B,A,laterality_time__F4_minus_F3__early_250_500ms__mean,-0.026383104,0.026383104
Task-1,time_plus_spectral,B,A,laterality_time__F4_minus_F3__early_250_500ms__area,-0.024831437,0.024831437
Task-1,time_plus_spectral,B,A,time__Fz__early_250_500ms__slope_per_s,-0.020908131,0.020908131
Task-1,full_multichannel,A,B,coupling__F3_F4__late_550_900ms__zero_lag_correlation,0.06066306,0.06066306
Task-1,full_multichannel,A,B,laterality_spectral__F4_minus_F3__delta_1_4Hz__response_relative,-0.055986652,0.055986652
Task-1,full_multichannel,A,B,spectral__F4__beta_13_30Hz__change_db,-0.055800423,0.055800423
Task-1,full_multichannel,A,B,laterality_spectral__F4_minus_F3__alpha_8_13Hz__response_relative,0.05485043,0.05485043
Task-1,full_multichannel,A,B,coupling__F3_F4__early_250_500ms__lag_at_max_ms,0.052748931,0.052748931
Task-1,full_multichannel,A,B,time__Fz__late_550_900ms__slope_per_s,0.049528097,0.049528097
Task-1,full_multichannel,A,B,coupling__Fz_F4__late_550_900ms__max_abs_cross_correlation,0.046766792,0.046766792
Task-1,full_multichannel,A,B,coupling__Fz_F3__late_550_900ms__zero_lag_correlation,0.039147134,0.039147134
Task-1,full_multichannel,A,B,coupling__F3_F4__full_0_900ms__max_abs_cross_correlation,0.037858252,0.037858252
Task-1,full_multichannel,A,B,coupling__F3_F4__full_0_900ms__zero_lag_correlation,0.035568468,0.035568468
Task-1,full_multichannel,B,A,laterality_spectral__F4_minus_F3__alpha_8_13Hz__response_relative,-0.86262864,0.86262864
Task-1,full_multichannel,B,A,time__Fz__early_250_500ms__positive_peak_latency_s,-0.78493385,0.78493385
Task-1,full_multichannel,B,A,laterality_time__F4_minus_F3__early_250_500ms__negative_peak,-0.73816942,0.73816942
Task-1,full_multichannel,B,A,laterality_time__F4_minus_F3__early_250_500ms__area,0.71862358,0.71862358
Task-1,full_multichannel,B,A,laterality_time__F4_minus_F3__early_250_500ms__positive_peak,-0.69409425,0.69409425
Task-1,full_multichannel,B,A,laterality_time__F4_minus_F3__early_250_500ms__mean,0.60861559,0.60861559
Task-1,full_multichannel,B,A,time__F4__early_250_500ms__negative_peak_latency_s,0.58289525,0.58289525
Task-1,full_multichannel,B,A,laterality_time__F4_minus_F3__late_550_900ms__slope_per_s,0.49957257,0.49957257
Task-1,full_multichannel,B,A,laterality_spectral__F4_minus_F3__beta_13_30Hz__change_db,-0.48703301,0.48703301
Task-1,full_multichannel,B,A,time__F4__late_550_900ms__negative_peak_latency_s,-0.4807342,0.4807342
Task-1,full_multichannel,B,A,spectral__F3__beta_13_30Hz__change_db,0.44515159,0.44515159
Task-1,full_multichannel,B,A,spectral__F3__alpha_8_13Hz__change_db,-0.38520395,0.38520395
Task-1,full_multichannel,B,A,time__Fz__early_250_500ms__slope_per_s,0.37633896,0.37633896
Task-1,full_multichannel,B,A,laterality_time__F4_minus_F3__late_550_900ms__line_length_per_s,-0.2884761,0.2884761
Task-1,full_multichannel,B,A,spectral__F3__beta_13_30Hz__response_relative,0.28640801,0.28640801
Task-1,full_multichannel,B,A,coupling__Fz_F4__full_0_900ms__zero_lag_correlation,0.21066024,0.21066024
Task-1,full_multichannel,B,A,spectral__F3__delta_1_4Hz__response_relative,-0.20374055,0.20374055
Task-1,full_multichannel,B,A,time__Fz__late_550_900ms__negative_peak_latency_s,-0.2017743,0.2017743
Task-1,full_multichannel,B,A,time__Fz__early_250_500ms__negative_peak_latency_s,0.14976113,0.14976113
Task-1,full_multichannel,B,A,laterality_spectral__F4_minus_F3__delta_1_4Hz__response_relative,-0.048754572,0.048754572
Task-2,time_only,A,B,laterality_time__F4_minus_F3__early_250_500ms__line_length_per_s,-0.07374398,0.07374398
Task-2,time_only,A,B,time__Fz__early_250_500ms__positive_peak_latency_s,-0.053174513,0.053174513
Task-2,time_only,A,B,time__Fz__late_550_900ms__positive_peak_latency_s,0.044330128,0.044330128
Task-2,time_only,A,B,time__Fz__early_250_500ms__slope_per_s,-0.043842791,0.043842791
Task-2,time_only,A,B,time__F3__late_550_900ms__std,-0.040739842,0.040739842
Task-2,time_only,A,B,laterality_time__F4_minus_F3__early_250_500ms__positive_peak,-0.039537338,0.039537338
Task-2,time_only,A,B,laterality_time__F4_minus_F3__early_250_500ms__mean,-0.028384055,0.028384055
Task-2,time_only,A,B,laterality_time__F4_minus_F3__early_250_500ms__area,-0.02825004,0.02825004
Task-2,time_only,A,B,laterality_time__F4_minus_F3__late_550_900ms__negative_peak_latency_s,-0.028197182,0.028197182
Task-2,time_only,A,B,laterality_time__F4_minus_F3__early_250_500ms__negative_peak,-0.024267661,0.024267661
Task-2,time_only,B,A,time__Fz__early_250_500ms__peak_to_peak,-0.19954458,0.19954458
Task-2,time_only,B,A,time__F4__early_250_500ms__peak_to_peak,-0.12570515,0.12570515
Task-2,time_only,B,A,time__F4__late_550_900ms__positive_peak,0.12090426,0.12090426
Task-2,time_only,B,A,time__Fz__early_250_500ms__std,-0.09637059,0.09637059
Task-2,time_only,B,A,time__F4__late_550_900ms__area,0.075112669,0.075112669
Task-2,time_only,B,A,time__F4__late_550_900ms__mean,0.073197682,0.073197682
Task-2,time_only,B,A,time__F3__early_250_500ms__std,0.064293223,0.064293223
Task-2,time_only,B,A,time__F4__early_250_500ms__std,-0.064169938,0.064169938
Task-2,time_only,B,A,time__F3__early_250_500ms__line_length_per_s,-0.035157071,0.035157071
Task-2,time_only,B,A,time__F3__early_250_500ms__peak_to_peak,0.019106351,0.019106351
Task-2,time_plus_spectral,A,B,spectral__F4__alpha_8_13Hz__change_db,0.5332266,0.5332266
Task-2,time_plus_spectral,A,B,time__Fz__late_550_900ms__positive_peak_latency_s,0.35345573,0.35345573
Task-2,time_plus_spectral,A,B,laterality_time__F4_minus_F3__early_250_500ms__line_length_per_s,-0.29799873,0.29799873
Task-2,time_plus_spectral,A,B,time__Fz__early_250_500ms__positive_peak_latency_s,-0.29776101,0.29776101
Task-2,time_plus_spectral,A,B,spectral__F3__theta_4_8Hz__change_db,0.22434704,0.22434704
Task-2,time_plus_spectral,A,B,laterality_time__F4_minus_F3__early_250_500ms__positive_peak,-0.22108587,0.22108587
Task-2,time_plus_spectral,A,B,spectral__Fz__alpha_8_13Hz__change_db,0.14511433,0.14511433
Task-2,time_plus_spectral,A,B,spectral__F3__alpha_8_13Hz__change_db,-0.13539785,0.13539785
Task-2,time_plus_spectral,A,B,spectral__F3__delta_1_4Hz__change_db,0.063478571,0.063478571
Task-2,time_plus_spectral,A,B,time__Fz__early_250_500ms__slope_per_s,-0.034641574,0.034641574
Task-2,time_plus_spectral,B,A,spectral__F4__beta_13_30Hz__response_relative,0.066643167,0.066643167
Task-2,time_plus_spectral,B,A,laterality_spectral__F4_minus_F3__theta_4_8Hz__change_db,-0.064860817,0.064860817
Task-2,time_plus_spectral,B,A,laterality_time__F4_minus_F3__early_250_500ms__negative_peak_latency_s,-0.055711732,0.055711732
Task-2,time_plus_spectral,B,A,spectral__F3__beta_13_30Hz__response_relative,0.04860406,0.04860406
Task-2,time_plus_spectral,B,A,time__Fz__early_250_500ms__peak_to_peak,-0.045666403,0.045666403
Task-2,time_plus_spectral,B,A,spectral__Fz__beta_13_30Hz__response_relative,0.042926201,0.042926201
Task-2,time_plus_spectral,B,A,time__F4__late_550_900ms__std,0.042567752,0.042567752
Task-2,time_plus_spectral,B,A,spectral__F4__theta_4_8Hz__response_relative,-0.042486319,0.042486319
Task-2,time_plus_spectral,B,A,time__F3__late_550_900ms__slope_per_s,0.041873457,0.041873457
Task-2,time_plus_spectral,B,A,spectral__Fz__alpha_8_13Hz__response_relative,0.040811623,0.040811623
Task-2,time_plus_spectral,B,A,spectral__F3__theta_4_8Hz__response_relative,-0.039012069,0.039012069
Task-2,time_plus_spectral,B,A,time__F4__early_250_500ms__slope_per_s,0.038722676,0.038722676
Task-2,time_plus_spectral,B,A,laterality_spectral__F4_minus_F3__beta_13_30Hz__response_relative,0.037940725,0.037940725
Task-2,time_plus_spectral,B,A,time__F4__late_550_900ms__peak_to_peak,0.037878807,0.037878807
Task-2,time_plus_spectral,B,A,time__F4__early_250_500ms__peak_to_peak,-0.037177419,0.037177419
Task-2,time_plus_spectral,B,A,time__F4__late_550_900ms__positive_peak,0.035583692,0.035583692
Task-2,time_plus_spectral,B,A,time__Fz__early_250_500ms__std,-0.034932106,0.034932106
Task-2,time_plus_spectral,B,A,time__F4__late_550_900ms__area,0.034481085,0.034481085
Task-2,time_plus_spectral,B,A,time__F4__late_550_900ms__mean,0.034236754,0.034236754
Task-2,time_plus_spectral,B,A,time__F3__late_550_900ms__std,0.032947986,0.032947986
Task-2,time_plus_spectral,B,A,time__F4__early_250_500ms__std,-0.030378111,0.030378111
Task-2,time_plus_spectral,B,A,time__F3__early_250_500ms__line_length_per_s,-0.028935447,0.028935447
Task-2,time_plus_spectral,B,A,spectral__F4__alpha_8_13Hz__response_relative,0.023405689,0.023405689
Task-2,time_plus_spectral,B,A,time__F3__late_550_900ms__area,0.021883667,0.021883667
Task-2,time_plus_spectral,B,A,time__F3__late_550_900ms__mean,0.021742741,0.021742741
Task-2,time_plus_spectral,B,A,spectral__F4__theta_4_8Hz__change_db,-0.020633374,0.020633374
Task-2,time_plus_spectral,B,A,time__F3__late_550_900ms__positive_peak,0.019862051,0.019862051
Task-2,time_plus_spectral,B,A,time__F3__early_250_500ms__peak_to_peak,-0.019610933,0.019610933
Task-2,time_plus_spectral,B,A,time__F4__early_250_500ms__negative_peak,0.017861656,0.017861656
Task-2,time_plus_spectral,B,A,time__F3__early_250_500ms__std,-0.014251567,0.014251567
Task-2,full_multichannel,A,B,coupling__Fz_F3__late_550_900ms__lag_at_max_ms,0.37038538,0.37038538
Task-2,full_multichannel,A,B,laterality_time__F4_minus_F3__early_250_500ms__line_length_per_s,-0.28282798,0.28282798
Task-2,full_multichannel,A,B,coupling__Fz_F3__early_250_500ms__lag_at_max_ms,-0.25879553,0.25879553
Task-2,full_multichannel,A,B,spectral__F4__alpha_8_13Hz__change_db,0.23802486,0.23802486
Task-2,full_multichannel,A,B,coupling__Fz_F4__early_250_500ms__lag_at_max_ms,-0.22202103,0.22202103
Task-2,full_multichannel,A,B,time__Fz__late_550_900ms__positive_peak_latency_s,0.21137309,0.21137309
Task-2,full_multichannel,A,B,spectral__Fz__alpha_8_13Hz__change_db,0.17923108,0.17923108
Task-2,full_multichannel,A,B,time__Fz__early_250_500ms__positive_peak_latency_s,-0.17022671,0.17022671
Task-2,full_multichannel,A,B,coupling__F3_F4__full_0_900ms__zero_lag_correlation,0.16778516,0.16778516
Task-2,full_multichannel,A,B,coupling__F3_F4__early_250_500ms__lag_at_max_ms,0.16755955,0.16755955
Task-2,full_multichannel,A,B,coupling__F3_F4__full_0_900ms__max_abs_cross_correlation,0.13826408,0.13826408
Task-2,full_multichannel,A,B,spectral__F3__delta_1_4Hz__change_db,0.13558299,0.13558299
Task-2,full_multichannel,A,B,spectral__F3__theta_4_8Hz__change_db,0.13156906,0.13156906
Task-2,full_multichannel,A,B,spectral__F3__alpha_8_13Hz__change_db,0.11742591,0.11742591
Task-2,full_multichannel,A,B,laterality_time__F4_minus_F3__early_250_500ms__positive_peak,-0.075384276,0.075384276
Task-2,full_multichannel,A,B,spectral__Fz__theta_4_8Hz__change_db,-0.069684617,0.069684617
Task-2,full_multichannel,A,B,time__Fz__early_250_500ms__slope_per_s,-0.066665217,0.066665217
Task-2,full_multichannel,A,B,laterality_time__F4_minus_F3__early_250_500ms__mean,-0.034729017,0.034729017
Task-2,full_multichannel,A,B,laterality_time__F4_minus_F3__early_250_500ms__area,-0.034045483,0.034045483
Task-2,full_multichannel,A,B,spectral__F4__theta_4_8Hz__change_db,-0.026967514,0.026967514
Task-2,full_multichannel,B,A,spectral__F4__beta_13_30Hz__response_relative,0.79965308,0.79965308
Task-2,full_multichannel,B,A,coupling__Fz_F3__early_250_500ms__zero_lag_correlation,-0.66097568,0.66097568
Task-2,full_multichannel,B,A,time__Fz__early_250_500ms__peak_to_peak,-0.31304573,0.31304573
Task-2,full_multichannel,B,A,spectral__Fz__beta_13_30Hz__response_relative,-0.28639726,0.28639726
Task-2,full_multichannel,B,A,spectral__F3__theta_4_8Hz__response_relative,-0.20733962,0.20733962
Task-2,full_multichannel,B,A,coupling__F3_F4__early_250_500ms__zero_lag_correlation,0.12335907,0.12335907
Task-2,full_multichannel,B,A,time__F4__early_250_500ms__std,0.10749053,0.10749053
Task-2,full_multichannel,B,A,time__F4__early_250_500ms__peak_to_peak,-0.094775666,0.094775666
Task-2,full_multichannel,B,A,time__Fz__early_250_500ms__std,0.083198817,0.083198817
Task-2,full_multichannel,B,A,coupling__Fz_F3__early_250_500ms__max_abs_cross_correlation,0.051426079,0.051426079
Pooled,time_only,A,B,laterality_time__F4_minus_F3__early_250_500ms__positive_peak,-0.52457337,0.52457337
Pooled,time_only,A,B,laterality_time__F4_minus_F3__late_550_900ms__mean,0.40376072,0.40376072
Pooled,time_only,A,B,laterality_time__F4_minus_F3__early_250_500ms__negative_peak,-0.25794097,0.25794097
Pooled,time_only,A,B,laterality_time__F4_minus_F3__late_550_900ms__positive_peak,-0.24371043,0.24371043
Pooled,time_only,A,B,laterality_time__F4_minus_F3__late_550_900ms__peak_to_peak,-0.22889249,0.22889249
Pooled,time_only,A,B,time__F4__early_250_500ms__std,0.2039974,0.2039974
Pooled,time_only,A,B,time__Fz__late_550_900ms__positive_peak_latency_s,0.20298787,0.20298787
Pooled,time_only,A,B,laterality_time__F4_minus_F3__early_250_500ms__area,0.19753773,0.19753773
Pooled,time_only,A,B,laterality_time__F4_minus_F3__early_250_500ms__mean,0.19102429,0.19102429
Pooled,time_only,A,B,time__Fz__early_250_500ms__positive_peak_latency_s,-0.18680693,0.18680693
Pooled,time_only,A,B,time__Fz__late_550_900ms__slope_per_s,0.1799577,0.1799577
Pooled,time_only,A,B,time__Fz__early_250_500ms__negative_peak_latency_s,0.16778463,0.16778463
Pooled,time_only,A,B,time__Fz__early_250_500ms__area,0.11607659,0.11607659
Pooled,time_only,A,B,time__Fz__early_250_500ms__mean,0.099450307,0.099450307
Pooled,time_only,A,B,time__Fz__early_250_500ms__negative_peak,0.095739724,0.095739724
Pooled,time_only,A,B,laterality_time__F4_minus_F3__late_550_900ms__line_length_per_s,-0.081150105,0.081150105
Pooled,time_only,A,B,time__Fz__early_250_500ms__slope_per_s,0.06834183,0.06834183
Pooled,time_only,A,B,time__F4__late_550_900ms__positive_peak_latency_s,0.032787825,0.032787825
Pooled,time_only,A,B,time__F3__late_550_900ms__positive_peak_latency_s,0.015353469,0.015353469
Pooled,time_only,A,B,time__Fz__early_250_500ms__positive_peak,0.0060236363,0.0060236363
Pooled,time_only,B,A,laterality_time__F4_minus_F3__late_550_900ms__line_length_per_s,-0.090007393,0.090007393
Pooled,time_only,B,A,time__F4__late_550_900ms__negative_peak_latency_s,-0.056605914,0.056605914
Pooled,time_only,B,A,time__F4__late_550_900ms__std,0.055800525,0.055800525
Pooled,time_only,B,A,time__Fz__late_550_900ms__negative_peak_latency_s,-0.052027801,0.052027801
Pooled,time_only,B,A,time__F4__early_250_500ms__peak_to_peak,-0.047195641,0.047195641
Pooled,time_only,B,A,time__F4__late_550_900ms__slope_per_s,0.042242531,0.042242531
Pooled,time_only,B,A,time__F4__late_550_900ms__peak_to_peak,0.039150393,0.039150393
Pooled,time_only,B,A,time__F4__early_250_500ms__std,-0.039118917,0.039118917
Pooled,time_only,B,A,time__F3__early_250_500ms__peak_to_peak,-0.035765199,0.035765199
Pooled,time_only,B,A,time__F3__early_250_500ms__negative_peak,0.031978795,0.031978795
Pooled,time_only,B,A,time__Fz__early_250_500ms__std,-0.028155058,0.028155058
Pooled,time_only,B,A,time__F3__late_550_900ms__area,0.026523018,0.026523018
Pooled,time_only,B,A,time__F3__late_550_900ms__mean,0.026309944,0.026309944
Pooled,time_only,B,A,time__Fz__early_250_500ms__peak_to_peak,-0.025937411,0.025937411
Pooled,time_only,B,A,time__F3__early_250_500ms__std,-0.02386146,0.02386146
Pooled,time_only,B,A,time__F3__late_550_900ms__negative_peak,0.021175137,0.021175137
Pooled,time_only,B,A,time__F4__late_550_900ms__positive_peak,0.012151013,0.012151013
Pooled,time_only,B,A,time__F3__late_550_900ms__positive_peak,0.011958389,0.011958389
Pooled,time_only,B,A,time__F4__late_550_900ms__area,0.0082459167,0.0082459167
Pooled,time_only,B,A,time__F4__late_550_900ms__mean,0.0078725515,0.0078725515
Pooled,time_plus_spectral,A,B,laterality_time__F4_minus_F3__late_550_900ms__positive_peak,-0.46925289,0.46925289
Pooled,time_plus_spectral,A,B,laterality_time__F4_minus_F3__early_250_500ms__positive_peak,-0.46721721,0.46721721
Pooled,time_plus_spectral,A,B,spectral__F4__beta_13_30Hz__change_db,-0.4059509,0.4059509
Pooled,time_plus_spectral,A,B,laterality_time__F4_minus_F3__late_550_900ms__area,0.32282832,0.32282832
Pooled,time_plus_spectral,A,B,spectral__Fz__alpha_8_13Hz__response_relative,0.32061242,0.32061242
Pooled,time_plus_spectral,A,B,laterality_time__F4_minus_F3__late_550_900ms__mean,0.29218999,0.29218999
Pooled,time_plus_spectral,A,B,spectral__F3__delta_1_4Hz__change_db,0.28305531,0.28305531
Pooled,time_plus_spectral,A,B,laterality_time__F4_minus_F3__early_250_500ms__negative_peak,-0.2741651,0.2741651
Pooled,time_plus_spectral,A,B,time__Fz__late_550_900ms__slope_per_s,0.27057642,0.27057642
Pooled,time_plus_spectral,A,B,laterality_time__F4_minus_F3__late_550_900ms__peak_to_peak,-0.26563558,0.26563558
Pooled,time_plus_spectral,A,B,spectral__Fz__beta_13_30Hz__change_db,0.26461721,0.26461721
Pooled,time_plus_spectral,A,B,time__Fz__early_250_500ms__positive_peak_latency_s,-0.22905706,0.22905706
Pooled,time_plus_spectral,A,B,laterality_time__F4_minus_F3__early_250_500ms__area,0.20190928,0.20190928
Pooled,time_plus_spectral,A,B,laterality_time__F4_minus_F3__early_250_500ms__mean,0.19059435,0.19059435
Pooled,time_plus_spectral,A,B,spectral__F4__alpha_8_13Hz__response_relative,-0.1886566,0.1886566
Pooled,time_plus_spectral,A,B,time__Fz__late_550_900ms__positive_peak_latency_s,0.18442002,0.18442002
Pooled,time_plus_spectral,A,B,laterality_spectral__F4_minus_F3__beta_13_30Hz__change_db,-0.17956424,0.17956424
Pooled,time_plus_spectral,A,B,spectral__F4__alpha_8_13Hz__change_db,0.1775731,0.1775731
Pooled,time_plus_spectral,A,B,time__F4__early_250_500ms__std,0.16915864,0.16915864
Pooled,time_plus_spectral,A,B,time__Fz__early_250_500ms__area,0.16835565,0.16835565
Pooled,time_plus_spectral,A,B,laterality_spectral__F4_minus_F3__alpha_8_13Hz__response_relative,0.15581119,0.15581119
Pooled,time_plus_spectral,A,B,time__Fz__early_250_500ms__mean,0.15503921,0.15503921
Pooled,time_plus_spectral,A,B,laterality_spectral__F4_minus_F3__delta_1_4Hz__response_relative,-0.13700585,0.13700585
Pooled,time_plus_spectral,A,B,time__Fz__early_250_500ms__slope_per_s,0.12648381,0.12648381
Pooled,time_plus_spectral,A,B,time__F4__late_550_900ms__positive_peak_latency_s,0.12252775,0.12252775
Pooled,time_plus_spectral,A,B,time__Fz__early_250_500ms__negative_peak_latency_s,0.11353151,0.11353151
Pooled,time_plus_spectral,A,B,time__Fz__early_250_500ms__negative_peak,0.080203415,0.080203415
Pooled,time_plus_spectral,A,B,laterality_time__F4_minus_F3__late_550_900ms__line_length_per_s,-0.059070579,0.059070579
Pooled,time_plus_spectral,A,B,time__Fz__early_250_500ms__positive_peak,-0.019570697,0.019570697
Pooled,time_plus_spectral,A,B,time__F3__late_550_900ms__positive_peak_latency_s,-0.0045406205,0.0045406205
Pooled,time_plus_spectral,B,A,laterality_time__F4_minus_F3__late_550_900ms__line_length_per_s,-0.087113013,0.087113013
Pooled,time_plus_spectral,B,A,spectral__Fz__beta_13_30Hz__response_relative,0.070862719,0.070862719
Pooled,time_plus_spectral,B,A,time__F4__late_550_900ms__std,0.068768157,0.068768157
Pooled,time_plus_spectral,B,A,spectral__F3__beta_13_30Hz__change_db,0.064862296,0.064862296
Pooled,time_plus_spectral,B,A,laterality_spectral__F4_minus_F3__alpha_8_13Hz__response_relative,-0.05919808,0.05919808
Pooled,time_plus_spectral,B,A,time__F4__late_550_900ms__peak_to_peak,0.058730692,0.058730692
Pooled,time_plus_spectral,B,A,spectral__F3__beta_13_30Hz__response_relative,0.056941228,0.056941228
Pooled,time_plus_spectral,B,A,time__F3__late_550_900ms__line_length_per_s,-0.052669681,0.052669681
Pooled,time_plus_spectral,B,A,time__F4__late_550_900ms__negative_peak_latency_s,-0.051967182,0.051967182
Pooled,time_plus_spectral,B,A,spectral__F4__beta_13_30Hz__response_relative,0.045072492,0.045072492
Pooled,time_plus_spectral,B,A,laterality_spectral__F4_minus_F3__delta_1_4Hz__response_relative,0.04399841,0.04399841
Pooled,time_plus_spectral,B,A,time__F4__early_250_500ms__peak_to_peak,-0.042531942,0.042531942
Pooled,time_plus_spectral,B,A,spectral__F3__alpha_8_13Hz__change_db,-0.04181923,0.04181923
Pooled,time_plus_spectral,B,A,time__Fz__late_550_900ms__negative_peak_latency_s,-0.036594162,0.036594162
Pooled,time_plus_spectral,B,A,spectral__F3__alpha_8_13Hz__response_relative,0.034427066,0.034427066
Pooled,time_plus_spectral,B,A,time__F4__early_250_500ms__std,-0.033629147,0.033629147
Pooled,time_plus_spectral,B,A,time__F4__late_550_900ms__slope_per_s,0.032472051,0.032472051
Pooled,time_plus_spectral,B,A,spectral__F4__theta_4_8Hz__response_relative,-0.032181665,0.032181665
Pooled,time_plus_spectral,B,A,time__F3__late_550_900ms__area,0.030734537,0.030734537
Pooled,time_plus_spectral,B,A,time__F3__late_550_900ms__mean,0.030470175,0.030470175
Pooled,time_plus_spectral,B,A,time__F3__early_250_500ms__peak_to_peak,-0.028577197,0.028577197
Pooled,time_plus_spectral,B,A,time__F3__late_550_900ms__positive_peak,0.025007824,0.025007824
Pooled,time_plus_spectral,B,A,time__Fz__early_250_500ms__peak_to_peak,-0.021944923,0.021944923
Pooled,time_plus_spectral,B,A,time__Fz__early_250_500ms__std,-0.021845759,0.021845759
Pooled,time_plus_spectral,B,A,time__F3__early_250_500ms__negative_peak,0.020812072,0.020812072
Pooled,time_plus_spectral,B,A,time__F4__late_550_900ms__positive_peak,0.020715948,0.020715948
Pooled,time_plus_spectral,B,A,time__F3__late_550_900ms__negative_peak,0.017000552,0.017000552
Pooled,time_plus_spectral,B,A,time__F3__early_250_500ms__std,-0.015762826,0.015762826
Pooled,time_plus_spectral,B,A,time__F4__late_550_900ms__area,0.010118102,0.010118102
Pooled,time_plus_spectral,B,A,time__F4__late_550_900ms__mean,0.0097249618,0.0097249618
Pooled,full_multichannel,A,B,coupling__Fz_F4__full_0_900ms__lag_at_max_ms,-0.30506764,0.30506764
Pooled,full_multichannel,A,B,coupling__Fz_F3__early_250_500ms__lag_at_max_ms,-0.21702509,0.21702509
Pooled,full_multichannel,A,B,coupling__F3_F4__late_550_900ms__zero_lag_correlation,0.20006652,0.20006652
Pooled,full_multichannel,A,B,spectral__F4__beta_13_30Hz__change_db,-0.19718988,0.19718988
Pooled,full_multichannel,A,B,laterality_spectral__F4_minus_F3__alpha_8_13Hz__response_relative,0.18445623,0.18445623
Pooled,full_multichannel,A,B,coupling__F3_F4__early_250_500ms__lag_at_max_ms,0.18288099,0.18288099
Pooled,full_multichannel,A,B,time__Fz__late_550_900ms__positive_peak_latency_s,0.1702624,0.1702624
Pooled,full_multichannel,A,B,coupling__F3_F4__full_0_900ms__max_abs_cross_correlation,0.16822888,0.16822888
Pooled,full_multichannel,A,B,coupling__F3_F4__full_0_900ms__zero_lag_correlation,0.089336586,0.089336586
Pooled,full_multichannel,A,B,coupling__Fz_F3__late_550_900ms__zero_lag_correlation,-0.00095936819,0.00095936819
Pooled,full_multichannel,B,A,laterality_time__F4_minus_F3__late_550_900ms__line_length_per_s,-0.082093219,0.082093219
Pooled,full_multichannel,B,A,spectral__Fz__beta_13_30Hz__response_relative,0.072858789,0.072858789
Pooled,full_multichannel,B,A,coupling__F3_F4__late_550_900ms__zero_lag_correlation,0.072668414,0.072668414
Pooled,full_multichannel,B,A,spectral__F3__beta_13_30Hz__change_db,0.064903284,0.064903284
Pooled,full_multichannel,B,A,time__F4__late_550_900ms__negative_peak_latency_s,-0.062356882,0.062356882
Pooled,full_multichannel,B,A,spectral__F3__beta_13_30Hz__response_relative,0.059720141,0.059720141
Pooled,full_multichannel,B,A,time__Fz__late_550_900ms__negative_peak_latency_s,-0.053781546,0.053781546
Pooled,full_multichannel,B,A,coupling__Fz_F3__late_550_900ms__max_abs_cross_correlation,0.051804267,0.051804267
Pooled,full_multichannel,B,A,coupling__F3_F4__early_250_500ms__max_abs_cross_correlation,-0.047764539,0.047764539
Pooled,full_multichannel,B,A,time__F3__late_550_900ms__area,0.04694906,0.04694906
Pooled,full_multichannel,B,A,time__F3__late_550_900ms__mean,0.046669281,0.046669281
Pooled,full_multichannel,B,A,coupling__Fz_F4__full_0_900ms__zero_lag_correlation,0.043767704,0.043767704
Pooled,full_multichannel,B,A,coupling__F3_F4__early_250_500ms__zero_lag_correlation,-0.043756011,0.043756011
Pooled,full_multichannel,B,A,time__F4__early_250_500ms__peak_to_peak,-0.032249031,0.032249031
Pooled,full_multichannel,B,A,time__F3__late_550_900ms__negative_peak,0.025657879,0.025657879
Pooled,full_multichannel,B,A,time__F3__early_250_500ms__peak_to_peak,-0.024801105,0.024801105
Pooled,full_multichannel,B,A,time__F4__early_250_500ms__std,-0.024032802,0.024032802
Pooled,full_multichannel,B,A,time__Fz__early_250_500ms__std,-0.021462424,0.021462424
Pooled,full_multichannel,B,A,time__Fz__early_250_500ms__peak_to_peak,-0.018917036,0.018917036
Pooled,full_multichannel,B,A,time__F3__early_250_500ms__std,-0.013104441,0.013104441
